source,title,company,location,date,link
EmploiTunisie,"Technicien Supérieur en Génie Civil- El Mourouj, Ben Arous",Sm Engineering,Ben Arous,2026-05-01,https://www.emploitunisie.com/recruteur/230464
EmploiTunisie,Commercial(e)- Montplaisir Centre Pacha,Karma Solution,Ariana - Ben Arous - Manouba & Tunis,2026-05-01,https://www.emploitunisie.com/recruteur/234573
EmploiTunisie,ANGULAR Developer (M/F),Africashore,Ariana - Béja - Ben Arous - Bizerte - Gabès - Gafsa - Jendouba...,2026-04-13,https://www.emploitunisie.com/recruteur/98016
EmploiTunisie,Coordinateur des Approvisionnements,Captunis,Monastir,2026-05-01,https://www.emploitunisie.com/recruteur/114931
EmploiTunisie,Formation en Data Engineer (F/H)- Paris,Kaischool,International,2026-05-01,https://www.emploitunisie.com/recruteur/208365
EmploiTunisie,Collaborateur(trice) en Comptabilité Française- Bizerte,Sb2I,Bizerte,2026-05-01,https://www.emploitunisie.com/recruteur/26498
EmploiTunisie,Responsable Maintenance Industrielle- Gaafour,Tunipa  S.A,Siliana,2026-05-01,https://www.emploitunisie.com/recruteur/216076
EmploiTunisie,Technicien en Anesthésie et Réanimation- Tunis,Taoufik Hospitals Groupe,Ariana & Tunis,2026-05-01,https://www.emploitunisie.com/recruteur/245099
EmploiTunisie,Conseiller Commercial- Tunis,Esteexpert Tunisie,Tunis,2026-05-01,https://www.emploitunisie.com/recruteur/286767
EmploiTunisie,Technicien Supérieur en Génie Civil H/F,,Tunis,,https://www.emploitunisie.com/recruteur/346760
EmploiTunisie,Mécanicien Naval,,Menzel Bourguiba,,https://www.emploitunisie.com/recruteur/315717
EmploiTunisie,Brand Manager,,Grombalia,,https://www.emploitunisie.com/recruteur/348311
EmploiTunisie,Commercial Téléphonique / Centre DAppel  Vente de Produits,,Zarzis,,https://www.emploitunisie.com/recruteur/349148
EmploiTunisie,Agent HSE,,Grombalia,,https://www.emploitunisie.com/recruteur/352476
EmploiTunisie,Procurement Manager,,Tunis,,https://www.emploitunisie.com/recruteur/320606
EmploiTunisie,Human Resource Manager,,Tunis,,https://www.emploitunisie.com/recruteur/320606
EmploiTunisie,Software Engineer,,Tunis,,https://www.emploitunisie.com/recruteur/320606
EmploiTunisie,Operateur Machine Laser/Plasma,,Z.I Messadine Km 5 Route De Msaken 4061,,https://www.emploitunisie.com/recruteur/354208
EmploiTunisie,Gestionnaire de Stock,,Grombalia,,https://www.emploitunisie.com/recruteur/352476
EmploiTunisie,Chargé(e) DAffaires Académiques,,Tunis,,https://www.emploitunisie.com/recruteur/181120
EmploiTunisie,Technicien Laboratoire,,Msaken,,https://www.emploitunisie.com/recruteur/357502
EmploiTunisie,Développeur(se) PrestaShop,,Sousse,,https://www.emploitunisie.com/recruteur/358081
EmploiTunisie,Assistante de Direction,,Sousse,,https://www.emploitunisie.com/recruteur/358107
EmploiTunisie,Gestionnaire de Stock,,Sfax Ville,,https://www.emploitunisie.com/recruteur/317757
EmploiTunisie,Directeur(trice) des Technologies de LInformation (TI),,Sousse,,https://www.emploitunisie.com/recruteur/149563
EmploiTunisie,Conseiller(e) Client,,"Les Berges Du Lac 1, Tunis",,https://www.emploitunisie.com/recruteur/331816
EmploiTunisie,Graphiste Expérimenté(e),,Nabeul,,https://www.emploitunisie.com/recruteur/72303
EmploiTunisie,Développeur Web Full,,Stack - Nabeul,,https://www.emploitunisie.com/recruteur/72303
EmploiTunisie,Technicien Maintenance Industrielle,,Gaafour,,https://www.emploitunisie.com/recruteur/216076
EmploiTunisie,Commercial Terrain (H/F),,Bizerte,,https://www.emploitunisie.com/recruteur/365315
EmploiTunisie,Comptable,,El Manzah 4 Tunis,,https://www.emploitunisie.com/recruteur/373895
EmploiTunisie,Coordinateur(trice) Pédagogique et Administratif(ve),,Nabeul,,https://www.emploitunisie.com/recruteur/373891
EmploiTunisie,Assistante Administrative,,Tunis,,https://www.emploitunisie.com/recruteur/374025
EmploiTunisie,Comptable (Comptabilité Française),,Sousse,,https://www.emploitunisie.com/recruteur/244207
EmploiTunisie,Vendeur,,Centre Commercial Azur City,,https://www.emploitunisie.com/recruteur/130468
EmploiTunisie,Agent Administratif,,Tunis Ain Zaghouan Nord,,https://www.emploitunisie.com/recruteur/374211
EmploiTunisie,Sales Development Representative,,Tunis,,https://www.emploitunisie.com/recruteur/373456
EmploiTunisie,Téléconseillère,,Beb Laasal -Tunis,,https://www.emploitunisie.com/recruteur/112406
EmploiTunisie,Délégué Médical,,Sousse,,https://www.emploitunisie.com/recruteur/204562
EmploiTunisie,Responsable Achat,,Sousse,,https://www.emploitunisie.com/recruteur/304274
EmploiTunisie,Magasinier,,Sahlin,,https://www.emploitunisie.com/recruteur/374439
EmploiTunisie,Responsable Ressources Humaines et Comptabilité,,Monastir Sahlin,,https://www.emploitunisie.com/recruteur/374439
EmploiTunisie,Préparateur de Commande,,Sahlin Monastir,,https://www.emploitunisie.com/recruteur/374439
EmploiTunisie,Responsable Approvisionnement et Achats,,Sfax,,https://www.emploitunisie.com/recruteur/317749
EmploiTunisie,Hygiéniste (H/F),,Tunis,,https://www.emploitunisie.com/recruteur/357064
EmploiTunisie,Responsable Showroom,,"La Soukra , Ariana",,https://www.emploitunisie.com/recruteur/374810
EmploiTunisie,Chef de Produit Croisières,,"Les Berges Du Lac 1, Tunis",,https://www.emploitunisie.com/recruteur/331816
EmploiTunisie,Technicien de Maintenance H/F,,Mégrine,,https://www.emploitunisie.com/recruteur/240126
EmploiTunisie,Approvisionneur Italophone (H/F),,Fouchana - Ben Arous,,https://www.emploitunisie.com/recruteur/246737
EmploiTunisie,Assistant(e) 360,,Bpo International - Télétravail,,https://www.emploitunisie.com/recruteur/366998
EmploiTunisie,Chargé(e) de Recrutement  BPO International,,Télétravail,,https://www.emploitunisie.com/recruteur/366998
EmploiTunisie,Caissier(ère),,Tunis Place Pasteur,,https://www.emploitunisie.com/recruteur/24808
EmploiTunisie,Agente de Bureau,,Bareket Sahel,,https://www.emploitunisie.com/recruteur/239666
EmploiTunisie,Commercial Terrain,,Sousse,,https://www.emploitunisie.com/recruteur/304274
EmploiTunisie,Comptable Confirmé(e),,Ariana-Tunis,,https://www.emploitunisie.com/recruteur/375696
EmploiTunisie,Assistante Financière Comptable,,Megrine,,https://www.emploitunisie.com/recruteur/375693
EmploiTunisie,Opérateur Machine CNC,,Sousse,,https://www.emploitunisie.com/recruteur/376176
EmploiTunisie,Conseiller(ère) Commercial(e) Showroom Meubles,,Bizerte,,https://www.emploitunisie.com/recruteur/173036
EmploiTunisie,Téléconseiller(ère) Réception dAppels,,Ariana Ville,,https://www.emploitunisie.com/recruteur/172144
EmploiTunisie,Représentant Commercial Terrain  Prospection Porte à Porte Manouba,,Manouba,,https://www.emploitunisie.com/recruteur/300266
EmploiTunisie,Spécialiste Marketing,,Télétravail,,https://www.emploitunisie.com/recruteur/331167
EmploiTunisie,Graphiste,,Télétravail,,https://www.emploitunisie.com/recruteur/331167
EmploiTunisie,Pharmacien(ne) Responsable Contrôle Qualité,,Béja,,https://www.emploitunisie.com/recruteur/237105
EmploiTunisie,Projeteur / Dessinateur en Génie Civil,,Ariana,,https://www.emploitunisie.com/recruteur/376531
EmploiTunisie,Technicien Bureau dÉtudes Agencement et Fabrication (H/F),,Sousse,,https://www.emploitunisie.com/recruteur/376541
EmploiTunisie,Assistante Administration des Ventes ADV,,Ariana,,https://www.emploitunisie.com/recruteur/90483
EmploiTunisie,Agent en Marketing,,Sfax,,https://www.emploitunisie.com/recruteur/321340
EmploiTunisie,Chatterse Brand,,Télétravail,,https://www.emploitunisie.com/recruteur/374971
EmploiTunisie,Gestionnaire Relation Client and SAV,,Télétravail,,https://www.emploitunisie.com/recruteur/374971
EmploiTunisie,Technicien en Génie Électrique (Photovoltaïque),,Zaghouan,,https://www.emploitunisie.com/recruteur/236625
EmploiTunisie,Technicien en Génie Électrique (Photovoltaïque),,Zaghouan,,https://www.emploitunisie.com/recruteur/277686
EmploiTunisie,Technicien de Maintenance Compresseurs,,Tunis,,https://www.emploitunisie.com/recruteur/277686
EmploiTunisie,Commercial de Terrain (H/F),,Cap Bon,,https://www.emploitunisie.com/recruteur/277686
EmploiTunisie,Développeur et Webmaster Senior (Sous,,Traitance) - Télétravail,,https://www.emploitunisie.com/recruteur/153615
EmploiTunisie,Agent de Maintenance Industrielle,,Grombalia,,https://www.emploitunisie.com/recruteur/376944
EmploiTunisie,Représentante Commerciale B2B / B2C,,Tunis,,https://www.emploitunisie.com/recruteur/364070
EmploiTunisie,Assistante Qualité et Méthode,,Monastir,,https://www.emploitunisie.com/recruteur/88895
EmploiTunisie,Réceptionniste / Agent(e) dAccueil,,"Hammam Sousse, Sousse",,https://www.emploitunisie.com/recruteur/377048
EmploiTunisie,Technicien en Mécanique,,Sfax,,https://www.emploitunisie.com/recruteur/377036
EmploiTunisie,Commerciale,,Ariana,,https://www.emploitunisie.com/recruteur/377037
EmploiTunisie,Chargé dAffaires (H/F),,Sousse,,https://www.emploitunisie.com/recruteur/377107
EmploiTunisie,Modéliste Expérimenté(e),,Monastir,,https://www.emploitunisie.com/recruteur/377391
EmploiTunisie,Visiteur Médical et Pharmaceutique,,Grand Tunis / Sousse / Sfax,,https://www.emploitunisie.com/recruteur/313291
EmploiTunisie,Technicien Construction Meuble Métallique,,Zi Mghira Fouchana,,https://www.emploitunisie.com/recruteur/182561
EmploiTunisie,Account Manager Anglophone / Francophone,,Ezzahra,,https://www.emploitunisie.com/recruteur/317393
EmploiTunisie,Expert Etudes GED,,Ct - International,,https://www.emploitunisie.com/recruteur/142309
EmploiTunisie,Chef de Projet,,Amoa Senior Ged- Ct - International,,https://www.emploitunisie.com/recruteur/142309
EmploiTunisie,Expert GED Alfresco,,Ct - International,,https://www.emploitunisie.com/recruteur/142309
EmploiTunisie,Veilleur de Nuit,,Tunis,,https://www.emploitunisie.com/recruteur/357064
EmploiTunisie,Responsable Maintenance,,Nabeul,,https://www.emploitunisie.com/recruteur/235219
EmploiTunisie,Responsable Bureau dÉtudes (H/F),,Grombalia,,https://www.emploitunisie.com/recruteur/377866
EmploiTunisie,Assistant Administratif et Ressources Humaines,,Le Kram,,https://www.emploitunisie.com/recruteur/378037
EmploiTunisie,Employée Administrative,,Tunis,,https://www.emploitunisie.com/recruteur/378053
EmploiTunisie,Ingénieur Cybersécurité,,Tunisie,,https://www.emploitunisie.com/recruteur/378129
EmploiTunisie,Ingenieur Méthodes Débutant,,Ben Arous,,https://www.emploitunisie.com/recruteur/307427
EmploiTunisie,Chef dÉquipe,,Naassen,,https://www.emploitunisie.com/recruteur/326858
EmploiTunisie,Responsable Production,,Beni Khiar,,https://www.emploitunisie.com/recruteur/245919
EmploiTunisie,Analyste Veille Économique (H/F),,Tunis,,https://www.emploitunisie.com/recruteur/378687
EmploiTunisie,Technicien(ne) de Laboratoire,,Bizerte,,https://www.emploitunisie.com/recruteur/324387
EmploiTunisie,Chef de Cuisine Expat,,Sud Algérien,,https://www.emploitunisie.com/recruteur/379260
EmploiTunisie,Ingénieur Thermique et Fluides,,Tunis,,https://www.emploitunisie.com/recruteur/312169
EmploiTunisie,Ingénieur Bureau dÉtudes Senior,,Alby-Sur-Chéran,,https://www.emploitunisie.com/recruteur/379331
EmploiTunisie,Ingénieur DevOps,,Tunis,,https://www.emploitunisie.com/recruteur/109365
EmploiTunisie,Assistante Administrative,,Sfax,,https://www.emploitunisie.com/recruteur/368815
EmploiTunisie,Éditeur Graphique,,100% À Distance,,https://www.emploitunisie.com/recruteur/379634
EmploiTunisie,Full Stack Developer,,Kasserine,,https://www.emploitunisie.com/recruteur/379762
EmploiTunisie,Vendeuse,,Marsa,,https://www.emploitunisie.com/recruteur/27234
EmploiTunisie,Responsable Production,,Sousse,,https://www.emploitunisie.com/recruteur/88895
EmploiTunisie,Assistante Logistique,,Sousse,,https://www.emploitunisie.com/recruteur/88895
EmploiTunisie,Technicien(ne) en Radiologie,,"Houmet Essouk, Djerba",,https://www.emploitunisie.com/recruteur/380537
EmploiTunisie,Agent de Réception,,Monastir,,https://www.emploitunisie.com/recruteur/380523
EmploiTunisie,Agent Marketing Digital et Communication,,Tunis,,https://www.emploitunisie.com/recruteur/380577
EmploiTunisie,Data and Analytics Engineer,,Tunis,,https://www.emploitunisie.com/recruteur/141652
EmploiTunisie,Représentant Commercial,,Gabes,,https://www.emploitunisie.com/recruteur/380733
EmploiTunisie,Gestionnaire Marketplace Amazon,,Tunis,,https://www.emploitunisie.com/recruteur/172181
EmploiTunisie,Sales Agent,,Sousse,,https://www.emploitunisie.com/recruteur/380865
EmploiTunisie,Responsable Marketing Senior,,Sousse,,https://www.emploitunisie.com/recruteur/381055
EmploiTunisie,Chef dEquipe,,Route De Gabes Km 2 Sfax,,https://www.emploitunisie.com/recruteur/381057
EmploiTunisie,Assistante Relation Clients,,El Menzah,,https://www.emploitunisie.com/recruteur/381072
EmploiTunisie,Chargé(e) de Clientèle,,Bizerte,,https://www.emploitunisie.com/recruteur/381072
EmploiTunisie,Technicienne en Pédiatrie,,Monastir,,https://www.emploitunisie.com/recruteur/380523
EmploiTunisie,Assistante Administrative,,Lac Ii,,https://www.emploitunisie.com/recruteur/260473
EmploiTunisie,Technicien en Electricité Qualifié,,Zaghouan,,https://www.emploitunisie.com/recruteur/381274
EmploiTunisie,Responsable Maintenance,,Route De Gabes Km 2 Sfax,,https://www.emploitunisie.com/recruteur/381057
EmploiTunisie,Préparateur,,Livreur - Ariana,,https://www.emploitunisie.com/recruteur/347016
EmploiTunisie,Ingénieur Agronome Technico,,Commercial - Menzel Bouzelfa,,https://www.emploitunisie.com/recruteur/381720
EmploiTunisie,Content Manager,,Télétravail,,https://www.emploitunisie.com/recruteur/331167
EmploiTunisie,Online Market Manager,,Hammamet,,https://www.emploitunisie.com/recruteur/381979
EmploiTunisie,Gouvernante,,Tamerza,,https://www.emploitunisie.com/recruteur/246390
EmploiTunisie,Plongeur H/F,,Tunis,,https://www.emploitunisie.com/recruteur/382286
EmploiTunisie,Serveur(euse),,Tunis,,https://www.emploitunisie.com/recruteur/382286
EmploiTunisie,Attaché(e) Marketing  Spécialisé(e) TikTok et Content Creation,,Sousse,,https://www.emploitunisie.com/recruteur/287388
EmploiTunisie,Responsable Centre,,Kairouan,,https://www.emploitunisie.com/recruteur/287388
EmploiTunisie,Ingénieur(e) Projet Pharmaceutique,,Tunis,,https://www.emploitunisie.com/recruteur/382445
EmploiTunisie,Vendeur(se),,Sfax,,https://www.emploitunisie.com/recruteur/382602
EmploiTunisie,Technicien dAtelier  Aide Chef dAtelier,,Sakiet Ezzit,,https://www.emploitunisie.com/recruteur/89205
EmploiTunisie,Magasinier,,Sakiet Ezzit,,https://www.emploitunisie.com/recruteur/89205
EmploiTunisie,Conseiller de Vente,,Tunis Sfax Sousse,,https://www.emploitunisie.com/recruteur/308216
EmploiTunisie,Aide Comptable,,Tunis,,https://www.emploitunisie.com/recruteur/86758
EmploiTunisie,Comptable Débutant,,Aouina,,https://www.emploitunisie.com/recruteur/323846
EmploiTunisie,Ingénieur Supérieur en Métallurgie,,Ben Arous,,https://www.emploitunisie.com/recruteur/191844
EmploiTunisie,Chauffeur Déménageur Poids Lourd,,Tunis Carthage,,https://www.emploitunisie.com/recruteur/147138
EmploiTunisie,Coordinateur(trice) DouaneImport  Export Transport H/F,,Tunis Carthage,,https://www.emploitunisie.com/recruteur/147138
EmploiTunisie,Kinésithérapeute,,Sfax,,https://www.emploitunisie.com/recruteur/304595
EmploiTunisie,Réceptionniste (Maison Dhôtes),,Hammam Sousse,,https://www.emploitunisie.com/recruteur/308436
EmploiTunisie,Technicien Génie Civil,,Sfax,,https://www.emploitunisie.com/recruteur/383219
EmploiTunisie,Chargée de Service Client  E,,Commerce - Sousse,,https://www.emploitunisie.com/recruteur/383279
EmploiTunisie,Ingénieur Informatique H/F,,Tunis,,https://www.emploitunisie.com/recruteur/27127
EmploiTunisie,Comptable H/F,,Tunis,,https://www.emploitunisie.com/recruteur/27127
EmploiTunisie,Directeur de Développement Commercial H/F,,Tunisie,,https://www.emploitunisie.com/recruteur/27127
EmploiTunisie,Ingénieur Commercial(e),,Sfax,,https://www.emploitunisie.com/recruteur/127125
EmploiTunisie,Media Buyer Junior,,Centre Urbain Nord,,https://www.emploitunisie.com/recruteur/96164
EmploiTunisie,Technicien Développement Lavage Textile,,Touza,,https://www.emploitunisie.com/recruteur/383180
EmploiTunisie,Technicien Help Desk,,Sousse,,https://www.emploitunisie.com/recruteur/243926
EmploiTunisie,Comptable (Comptabilité Française),,Sousse,,https://www.emploitunisie.com/recruteur/243926
EmploiTunisie,Agent de Payment,,Ariana,,https://www.emploitunisie.com/recruteur/384393
EmploiTunisie,Chef de Projet,,Ariana Ville,,https://www.emploitunisie.com/recruteur/384398
EmploiTunisie,Responsable Maintenance,,Ariana,,https://www.emploitunisie.com/recruteur/90483
EmploiTunisie,Aide Administrative,,Ariana,,https://www.emploitunisie.com/recruteur/384435
EmploiTunisie,Réceptionniste,,Monastir,,https://www.emploitunisie.com/recruteur/369446
EmploiTunisie,Pharmacienne,,Ariana,,https://www.emploitunisie.com/recruteur/384547
EmploiTunisie,Technicien Confirmé en Sécurité Électronique,,Ariana,,https://www.emploitunisie.com/recruteur/384589
EmploiTunisie,Technicien Supérieur en Génie Civil,,Montplaisir,,https://www.emploitunisie.com/recruteur/384621
EmploiTunisie,Stagiaire Designer Graphique (H/F),,Monastir,,https://www.emploitunisie.com/recruteur/302269
EmploiTunisie,Stagiaire Business Developer (H/F),,Monastir,,https://www.emploitunisie.com/recruteur/302269
EmploiTunisie,Responsable Administratif et Financier,,Tunis,,https://www.emploitunisie.com/recruteur/384905
EmploiTunisie,Assistante Administrative et Commerciale,,Ariana,,https://www.emploitunisie.com/recruteur/385068
EmploiTunisie,Aide Magasinier,,Ben Arous,,https://www.emploitunisie.com/recruteur/385097
EmploiTunisie,Sales Development Representative (SDR),,Mégrine,,https://www.emploitunisie.com/recruteur/240126
EmploiTunisie,Assistant(e) Administratif(ve) et Opérations,,Centre Urbain Nord,,https://www.emploitunisie.com/recruteur/96164
EmploiTunisie,Assistante dAccueil,,Tunis,,https://www.emploitunisie.com/recruteur/139068
EmploiTunisie,Formateur / Enseignant Freelance,,Toute La Tunisie,,https://www.emploitunisie.com/recruteur/384550
EmploiTunisie,Masseuse,,Hammamet,,https://www.emploitunisie.com/recruteur/385462
EmploiTunisie,Superviseur de la Chaîne de Production Navale,,Menzel Bourguiba,,https://www.emploitunisie.com/recruteur/315717
EmploiTunisie,Télé,,Opérateur Réception Dappel - Khzema,,https://www.emploitunisie.com/recruteur/148801
EmploiTunisie,Responsable Commercial,,"Ariana, Soukra",,https://www.emploitunisie.com/recruteur/385533
EmploiTunisie,Consultant(e),,Manouba,,https://www.emploitunisie.com/recruteur/315599
EmploiTunisie,Commercial,,Ben Arous,,https://www.emploitunisie.com/recruteur/385097
EmploiTunisie,Comptable Expérimenté Consolidation,,Tunis,,https://www.emploitunisie.com/recruteur/247354
EmploiTunisie,Développeur Informatique Senior,,Tunis,,https://www.emploitunisie.com/recruteur/247354
EmploiTunisie,Customer Success Specialist  Italien (B2/C1),,Tunis,,https://www.emploitunisie.com/recruteur/385655
EmploiTunisie,Chargé Ressources Humaines,,El Menzah,,https://www.emploitunisie.com/recruteur/385854
EmploiTunisie,Vendeuse,,Sfax,,https://www.emploitunisie.com/recruteur/231237
EmploiTunisie,Agent Financier,,Sahloul-Sousse,,https://www.emploitunisie.com/recruteur/77962
EmploiTunisie,Ingénieure Génie Civil,,Route Gabes Km03 Médenine Nort,,https://www.emploitunisie.com/recruteur/348690
EmploiTunisie,Electrical Engineer (Wastewater Treatment),,Tunis,,https://www.emploitunisie.com/recruteur/386243
EmploiTunisie,Opératrice de Production,,Soliman,,https://www.emploitunisie.com/recruteur/22354
EmploiTunisie,Agente Administrative,,Tunis,,https://www.emploitunisie.com/recruteur/302873
EmploiTunisie,Web Designer,,Sahloul,,https://www.emploitunisie.com/recruteur/362408
EmploiTunisie,Agent de Prospection dans une Agence Immobiliére,,Tunis,,https://www.emploitunisie.com/recruteur/386485
EmploiTunisie,Commercial Boutique,,Menzah - Soukra - Carthage- Aouina,,https://www.emploitunisie.com/recruteur/97120
EmploiTunisie,Assistante Administrative,,Ariana,,https://www.emploitunisie.com/recruteur/105658
EmploiTunisie,Technicien de Réseaux,,Ariana,,https://www.emploitunisie.com/recruteur/105658
EmploiTunisie,Régleur de Machines dInjection et dExtrusion Plastique (H/F),,Hammam Sousse,,https://www.emploitunisie.com/recruteur/369133
EmploiTunisie,Dessinateur de Moules en Plasturgie (H/F),,Hammam Sousse,,https://www.emploitunisie.com/recruteur/369133
EmploiTunisie,Responsable Management de la Qualité,,Ben Arous,,https://www.emploitunisie.com/recruteur/226034
EmploiTunisie,Agent Immobilier,,Ariana,,https://www.emploitunisie.com/recruteur/327262
EmploiTunisie,Gérant de Magasin dOptique,,Tunis,,https://www.emploitunisie.com/recruteur/380577
EmploiTunisie,Chargé Transport et Transit,,Tunis,,https://www.emploitunisie.com/recruteur/387891
EmploiTunisie,Offre de Stage : Webmaster (H/F),,A Distance,,https://www.emploitunisie.com/recruteur/153615
EmploiTunisie,Responsable Management Intégré QHSE (RMI),,Naassen Ben Arous,,https://www.emploitunisie.com/recruteur/326858
EmploiTunisie,Chargé Import/Export,,Monastir,,https://www.emploitunisie.com/recruteur/114931
EmploiTunisie,Magasinier,,Sousse,,https://www.emploitunisie.com/recruteur/388148
EmploiTunisie,Agent Logistique,,Sfax,,https://www.emploitunisie.com/recruteur/317749
EmploiTunisie,Gestionnaire des Ressources Humaines,,Agareb,,https://www.emploitunisie.com/recruteur/162953
EmploiTunisie,Magasinier,,Tunis,,https://www.emploitunisie.com/recruteur/231237
EmploiTunisie,Technicien en Pédiatrie,,Tunis,,https://www.emploitunisie.com/recruteur/388835
EmploiTunisie,Chef Pâtissière Junior,,La Soukra,,https://www.emploitunisie.com/recruteur/353761
EmploiTunisie,Directeur Projet (Construction des Hôpitaux),,"Expatriation Algérie  - Zeralda, Sidi Abdellah",,https://www.emploitunisie.com/recruteur/82821
EmploiTunisie,Enseignant dArabe et de Français,,Cité Ennasr 2 Ariana,,https://www.emploitunisie.com/recruteur/125064
EmploiTunisie,Technicien Commercial,,Kébili,,https://www.emploitunisie.com/recruteur/389230
EmploiTunisie,Technicien Maintenance Industrielle,,Manouba,,https://www.emploitunisie.com/recruteur/389270
EmploiTunisie,Assistant Comptable,,Tunis,,https://www.emploitunisie.com/recruteur/389295
EmploiTunisie,Responsable E,,Commerce Et Marketing Digital - Sousse,,https://www.emploitunisie.com/recruteur/88895
EmploiTunisie,Chargé(e) de Prospection Téléphonique (Clients Francophones),,Sousse Ville,,https://www.emploitunisie.com/recruteur/244877
EmploiTunisie,Stagiaire Agent de comptoir / Conseiller(e) Client,,"Les Berges Du Lac 1, Tunis",,https://www.emploitunisie.com/recruteur/331816
EmploiTunisie,Chef de Produit Voyages,,"Les Berges Du Lac 1, Tunis",,https://www.emploitunisie.com/recruteur/331816
EmploiTunisie,Assistante Dentaire,,Tunis,,https://www.emploitunisie.com/recruteur/390231
EmploiTunisie,Ingénieur(e) Agronome  Terrain et Développement Agricole,,Siliana,,https://www.emploitunisie.com/recruteur/390445
EmploiTunisie,Ingénieur(e) Agronome,,Back Office Et Pilotage De La Production - Megrine,,https://www.emploitunisie.com/recruteur/390445
EmploiTunisie,Agent de Centre dAppels,,Tunis Lafayette,,https://www.emploitunisie.com/recruteur/208918
EmploiTunisie,Conseiller Francophone en Croisière,,Les Berges Du Lac 1,,https://www.emploitunisie.com/recruteur/302873
EmploiTunisie,Gestionnaire de Bureau (H/F),,Tunis,,https://www.emploitunisie.com/recruteur/371245
EmploiTunisie,Technicien en Géomatique,,Tunis,,https://www.emploitunisie.com/recruteur/390615
EmploiTunisie,Responsable Financier,,Fouchena,,https://www.emploitunisie.com/recruteur/390730
EmploiTunisie,Agent en Génie Électrique,,Sfax,,https://www.emploitunisie.com/recruteur/391417
EmploiTunisie,Coordonnatrice des Opérations Marketing (PMO Marketing),,Sousse,,https://www.emploitunisie.com/recruteur/149563
EmploiTunisie,Comptable,,Full Remote,,https://www.emploitunisie.com/recruteur/391766
EmploiTunisie,Câbleur / Électricien,,Sfax,,https://www.emploitunisie.com/recruteur/364030
EmploiTunisie,Responsable dEquipe (Tourisme Médical),,Tunis,,https://www.emploitunisie.com/recruteur/112406
EmploiTunisie,Jardinier,,Menzel Jemil,,https://www.emploitunisie.com/recruteur/392433
EmploiTunisie,Chef dAtelier,,Monastir,,https://www.emploitunisie.com/recruteur/185431
EmploiTunisie,Responsable Qualité Textile (Multi,,Sites) - Monastir,,https://www.emploitunisie.com/recruteur/235429
EmploiTunisie,Gestionnaire de Stock,,Zi Bouarada,,https://www.emploitunisie.com/recruteur/392900
EmploiTunisie,Télévendeur Assurance Auto (IARD),,Tunis,,https://www.emploitunisie.com/recruteur/172188
EmploiTunisie,Télévendeur Assurance Auto,,Tunis,,https://www.emploitunisie.com/recruteur/172188
EmploiTunisie,Responsable Formation et Intégration : Tourisme Médical,,Tunis,,https://www.emploitunisie.com/recruteur/112406
EmploiTunisie,Infirmier(re),,"Houmet Essouk, Djerba",,https://www.emploitunisie.com/recruteur/380537
EmploiTunisie,Technicien(ne) en Anesthésie et Réanimation,,Houmet Essouk Djerba,,https://www.emploitunisie.com/recruteur/380537
EmploiTunisie,Agent de Réservation Commercial,,Kram Tunis,,https://www.emploitunisie.com/recruteur/393787
EmploiTunisie,Gestionnaire dAppels Entrants Médicaux,,Sousse,,https://www.emploitunisie.com/recruteur/88129
EmploiTunisie,Nutritionniste,,Monastir,,https://www.emploitunisie.com/recruteur/380523
EmploiTunisie,Aide Linguistique,,Monastir,,https://www.emploitunisie.com/recruteur/393931
EmploiTunisie,Conseiller(ère) Académique,,Tunis,,https://www.emploitunisie.com/recruteur/188179
EmploiTunisie,Technicien en Electricité,,Sousse,,https://www.emploitunisie.com/recruteur/132352
EmploiTunisie,Vendeuse,,Ariana Ennasr1,,https://www.emploitunisie.com/recruteur/162766
EmploiTunisie,Secrétaire Médicale,,Bardo,,https://www.emploitunisie.com/recruteur/393988
EmploiTunisie,Responsable Production Chimique,,Bata (Guiné Équatoriale),,https://www.emploitunisie.com/recruteur/73823
EmploiTunisie,Chargé(e) de Clientèle et Production,,Tunis,,https://www.emploitunisie.com/recruteur/394027
EmploiTunisie,Technicien Support,,Khzema,,https://www.emploitunisie.com/recruteur/148801
EmploiTunisie,Chef de Projet IA,,Tunis,,https://www.emploitunisie.com/recruteur/193143
EmploiTunisie,Comptable Senior,,Tunis,,https://www.emploitunisie.com/recruteur/394111
EmploiTunisie,Responsable Développement Commercial pour Matériel Médical,,La Marsa,,https://www.emploitunisie.com/recruteur/168637
EmploiTunisie,Responsable Approvisionnements,,"Menzel Chaker, Sfax",,https://www.emploitunisie.com/recruteur/324802
EmploiTunisie,Responsable Production,,"Menzel Chaker, Sfax",,https://www.emploitunisie.com/recruteur/324802
EmploiTunisie,Assistante Commerciale,,Soukra,,https://www.emploitunisie.com/recruteur/394425
EmploiTunisie,Chef de Bar,,Hammamet,,https://www.emploitunisie.com/recruteur/233285
EmploiTunisie,Agent dAccueil,,Megrine,,https://www.emploitunisie.com/recruteur/394586
EmploiTunisie,Technicien Conducteur Machine,,Tunis - Charguia 1,,https://www.emploitunisie.com/recruteur/394515
EmploiTunisie,Chaudronnier,,Borj Cedria,,https://www.emploitunisie.com/recruteur/395002
EmploiTunisie,Responsable Import / Export,,Tunis,,https://www.emploitunisie.com/recruteur/395179
EmploiTunisie,Auditeur Interne,,Sousse,,https://www.emploitunisie.com/recruteur/67513
EmploiTunisie,Assistante de Direction,,Nabeul,,https://www.emploitunisie.com/recruteur/174361
EmploiTunisie,Technicien en Imagerie Médical,,Monastir,,https://www.emploitunisie.com/recruteur/380523
EmploiTunisie,Ingénieur Conception Catia Trim,,Tunis,,https://www.emploitunisie.com/recruteur/217375
EmploiTunisie,Agent Commercial,,Ariana,,https://www.emploitunisie.com/recruteur/359053
EmploiTunisie,Ingénieur Amélioration Continue,,Nabeul,,https://www.emploitunisie.com/recruteur/341955
EmploiTunisie,Responsable Contentieux,,"Centre Ville,Tunis",,https://www.emploitunisie.com/recruteur/303492
EmploiTunisie,Chargé(e) Satisfaction Client,,Tunis,,https://www.emploitunisie.com/recruteur/181120
EmploiTunisie,Commercial,,Sousse,,https://www.emploitunisie.com/recruteur/196520
EmploiTunisie,Chargé(e) dAccueil,,Sousse,,https://www.emploitunisie.com/recruteur/188179
EmploiTunisie,Chargé(e) dAffaires Académiques,,Tunis,,https://www.emploitunisie.com/recruteur/188179
EmploiTunisie,Superviseur de Production,,Nabeul,,https://www.emploitunisie.com/recruteur/341955
EmploiTunisie,Styliste Modéliste,,Ksar Hellal,,https://www.emploitunisie.com/recruteur/396260
EmploiTunisie,Conseiller Commercial,,Tunis,,https://www.emploitunisie.com/recruteur/286767
EmploiTunisie,Conducteur de Machine,,Hammamet,,https://www.emploitunisie.com/recruteur/285187
EmploiTunisie,Executive Sous Chef,,"Riyadh, Saudi Arabia",,https://www.emploitunisie.com/recruteur/396335
EmploiTunisie,Chef de Partie,,"Pastry - Riyadh, Saudi Arabia",,https://www.emploitunisie.com/recruteur/396335
EmploiTunisie,Chef de Partie,,"Hot Section - Riyadh, Saudi Arabia",,https://www.emploitunisie.com/recruteur/396335
EmploiTunisie,Chef de Partie  (Garde Manger),,"Riyadh, Saudi Arabia",,https://www.emploitunisie.com/recruteur/396335
EmploiTunisie,Téléconseiller Français,,Prospection B2B - Kram,,https://www.emploitunisie.com/recruteur/249963
EmploiTunisie,Responsable Magasin,,Mnihla,,https://www.emploitunisie.com/recruteur/396824
EmploiTunisie,Travail à Distance  Enregistrements Audio (sans Expérience),,International,,https://www.emploitunisie.com/recruteur/351665
EmploiTunisie,Réceptionniste,,Gafsa,,https://www.emploitunisie.com/recruteur/27471
EmploiTunisie,Approvisionneur,,Mornaguia,,https://www.emploitunisie.com/recruteur/386374
EmploiTunisie,Manoeuvre de Chantier,,International,,https://www.emploitunisie.com/recruteur/397669
EmploiTunisie,Chargé E,,Commerce - Sfax,,https://www.emploitunisie.com/recruteur/231237
EmploiTunisie,Technicien Tests de Cartes Electroniques,,Mornaguia,,https://www.emploitunisie.com/recruteur/386374
EmploiTunisie,Maintenance Manager,,Nabeul,,https://www.emploitunisie.com/recruteur/166503
EmploiTunisie,Inspecteur Qualité,,Mornaguia,,https://www.emploitunisie.com/recruteur/386374
EmploiTunisie,Responsable Commercial et Relation Clients,,Sfax,,https://www.emploitunisie.com/recruteur/121438
EmploiTunisie,Mécanicien Expérimenté,,Soukra,,https://www.emploitunisie.com/recruteur/398084
EmploiTunisie,Magasinier(ère),,International,,https://www.emploitunisie.com/recruteur/397669
EmploiTunisie,Briqueteur(euse),,Maçon(Ne) - International,,https://www.emploitunisie.com/recruteur/397669
EmploiTunisie,Assistante de Direction,,Tunis,,https://www.emploitunisie.com/recruteur/398233
EmploiTunisie,Gestionnaire dAppels Entrants Médicaux,,Sousse,,https://www.emploitunisie.com/recruteur/243926
EmploiTunisie,Graphiste,,Tunisie,,https://www.emploitunisie.com/recruteur/193143
EmploiTunisie,Commercial,,Cotonou,,https://www.emploitunisie.com/recruteur/24813
EmploiTunisie,Technicien Bureau dÉtude,,Bénin,,https://www.emploitunisie.com/recruteur/24813
EmploiTunisie,Assistant Comptable,,Sousse,,https://www.emploitunisie.com/recruteur/238722
EmploiTunisie,Help Desk Technician,,Sousse,,https://www.emploitunisie.com/recruteur/243926
EmploiTunisie,Agent de Maintenance,,Gafsa,,https://www.emploitunisie.com/recruteur/27471
EmploiTunisie,Commercial Débutant,,Sahel,,https://www.emploitunisie.com/recruteur/207012
EmploiTunisie,Chargée de Marketing Digital (SEO & Emailing)  (CIVP),,"Avenue Habib Bourguiba,Tunis",,https://www.emploitunisie.com/recruteur/109365
EmploiTunisie,Agent Back Office Banque et Assurance (H/F),,"Avenue Habib Bourguiba, Tunis",,https://www.emploitunisie.com/recruteur/109365
EmploiTunisie,Pharmacien Expérimenté,,Bou Mhel El Bassatine,,https://www.emploitunisie.com/recruteur/396856
EmploiTunisie,ANGULAR Developer (M/F),,,,https://www.emploitunisie.com/recruteur/98016
EmploiTunisie,DevOps Engineer (M/F),,,,https://www.emploitunisie.com/recruteur/98016
EmploiTunisie,DOTNET Developer (M/F),,,,https://www.emploitunisie.com/recruteur/98016
EmploiTunisie,IOS Developer (M/F),,,,https://www.emploitunisie.com/recruteur/98016
EmploiTunisie,JAVA Developer (M/F),,,,https://www.emploitunisie.com/recruteur/98016
EmploiTunisie,JAVA JEE Developer (M/F),,,,https://www.emploitunisie.com/recruteur/98016
EmploiTunisie,JAVASCRIPT Developer (M/F),,,,https://www.emploitunisie.com/recruteur/98016
EmploiTunisie,KOTLIN Developer (M/F),,,,https://www.emploitunisie.com/recruteur/98016
EmploiTunisie,LARAVEL Developer (M/F),,,,https://www.emploitunisie.com/recruteur/98016
EmploiTunisie,NODE.JS Developer (M/F),,,,https://www.emploitunisie.com/recruteur/98016
EmploiTunisie,OBJECTIVE,,C Developer (M/F),,https://www.emploitunisie.com/recruteur/98016
EmploiTunisie,PHP Developer (M/F),,,,https://www.emploitunisie.com/recruteur/98016
EmploiTunisie,PYTHON Developer (M/F),,,,https://www.emploitunisie.com/recruteur/98016
EmploiTunisie,QA Tester (M/F),,,,https://www.emploitunisie.com/recruteur/98016
EmploiTunisie,REACT Developer (M/F),,,,https://www.emploitunisie.com/recruteur/98016
EmploiTunisie,RUBY ON RAILS Developer (M/F),,,,https://www.emploitunisie.com/recruteur/98016
EmploiTunisie,SWIFT Developer (M/F),,,,https://www.emploitunisie.com/recruteur/98016
EmploiTunisie,Test and Validation Engineer (M/F),,,,https://www.emploitunisie.com/recruteur/98016
EmploiTunisie,Test Automation Engineer (M/F),,,,https://www.emploitunisie.com/recruteur/98016
EmploiTunisie,UX / UI Designer (M/F),,,,https://www.emploitunisie.com/recruteur/98016
EmploiTunisie,AWS Cloud Architect (M/F),,,,https://www.emploitunisie.com/recruteur/98016
EmploiTunisie,AWS Solutions Architect (M/F),,,,https://www.emploitunisie.com/recruteur/98016
EmploiTunisie,AZURE Solutions Architect (M/F),,,,https://www.emploitunisie.com/recruteur/98016
EmploiTunisie,Cloud Architect (M/F),,,,https://www.emploitunisie.com/recruteur/98016
EmploiTunisie,Cloud Computing and Virtualization Engineer (M/F),,,,https://www.emploitunisie.com/recruteur/98016
EmploiTunisie,Cloud Engineer (M/F),,,,https://www.emploitunisie.com/recruteur/98016
EmploiTunisie,Cloud Microservices Architect (M/F),,,,https://www.emploitunisie.com/recruteur/98016
EmploiTunisie,Cloud System Administrator (M/F),,,,https://www.emploitunisie.com/recruteur/98016
EmploiTunisie,Cloud System Integrator (M/F),,,,https://www.emploitunisie.com/recruteur/98016
EmploiTunisie,Cyber Security Engineer (M/F),,,,https://www.emploitunisie.com/recruteur/98016
EmploiTunisie,DATASTAGE Architect (M/F),,,,https://www.emploitunisie.com/recruteur/98016
EmploiTunisie,GENESYS Architect (M/F),,,,https://www.emploitunisie.com/recruteur/98016
EmploiTunisie,Network Architect (M/F),,,,https://www.emploitunisie.com/recruteur/98016
EmploiTunisie,DBA IMS/DB2 Z/OS(H/F),,,,https://www.emploitunisie.com/recruteur/98016
EmploiTunisie,Z/OS System Engineer Senior Storage(H/F),,,,https://www.emploitunisie.com/recruteur/98016
EmploiTunisie,Ingénieur Système Z/OS Middleware (H/F),,,,https://www.emploitunisie.com/recruteur/98016
EmploiTunisie,Consultant SAP ABAP (H/F),,,,https://www.emploitunisie.com/recruteur/98016
EmploiTunisie,Consultant SAP FI,,Co/Ps (H/F),,https://www.emploitunisie.com/recruteur/98016
EmploiTunisie,Consultant SAP EHS (H/F),,,,https://www.emploitunisie.com/recruteur/98016
EmploiTunisie,Consultant SAP Senior (H/F),,,,https://www.emploitunisie.com/recruteur/98016
EmploiTunisie,Consultant SAP MM/SD/EWM/PP/QM/CAR (H/F),,,,https://www.emploitunisie.com/recruteur/98016
EmploiTunisie,Lead Développeur Java JEE (H/F),,,,https://www.emploitunisie.com/recruteur/98016
EmploiTunisie,,,,,
Keejob,Agent de Service Général / Agent de Sécurité,,Tunis,2026-05-02,https://www.keejob.com/offres-emploi/companies/11980/abc-bank/
Keejob,Agent de Service Support/Agent(e) d'Entretien,,Tunis,2026-05-02,https://www.keejob.com/offres-emploi/companies/11980/abc-bank/
Keejob,Head of Corporate,,Tunis,2026-05-02,https://www.keejob.com/offres-emploi/companies/11980/abc-bank/
Keejob,Responsable Technique Bâtiment Groupe.,,Sousse,2026-05-02,https://www.keejob.com/offres-emploi/companies/12393/recrutement-rhg/
Keejob,Télévendeur Assurances Automobiles IARD,,Tunis,2026-05-02,https://www.keejob.com/offres-emploi/companies/232/assist-assur/
Keejob,Assistant Manager Zara Mall of Sousse,,Sousse,2026-05-02,https://www.keejob.com/offres-emploi/companies/7292/tuntex/
Keejob,Conseillers client bilingues,,Tunis,2026-05-02,https://www.keejob.com/offres-emploi/companies/2291/teleperformance/
Keejob,Conseillers Client,,Tunis,2026-05-02,https://www.keejob.com/offres-emploi/companies/2291/teleperformance/
Keejob,Visuel merchandiser Zara Mall of Sfax,,Sfax,2026-05-02,https://www.keejob.com/offres-emploi/companies/7292/tuntex/
Keejob,Filling Supervisor (Oil&Gas),,Ben Arous,2026-05-02,https://www.keejob.com/offres-emploi/companies/8961/kpg-recrutement/
Keejob,Agent de Conditionnement,,Tunis,2026-05-02,https://www.keejob.com/offres-emploi/companies/13426/adwya/
Keejob,Conseillers Clients (SOUSSE),,Sousse,2026-05-02,https://www.keejob.com/offres-emploi/companies/2291/teleperformance/
Keejob,Technicien de maintenance,,Zaghouan,2026-05-02,https://www.keejob.com/offres-emploi/240099/technicien-de-maintenance/
Keejob,Responsable maintenance utilités & Trav.Neufs,,Zaghouan,2026-05-02,https://www.keejob.com/offres-emploi/240102/responsable-maintenance-utilit%C3%A9s-travneufs/
Keejob,Labo d'analyses recrute un agent d'accueil,,Tunis,2026-05-02,https://www.keejob.com/offres-emploi/companies/10320/laboratoire-danalyses-m%C3%A9dicales-elloumi/
Keejob,Technicien en biologie responsable des achats,,Tunis,2026-05-02,https://www.keejob.com/offres-emploi/companies/10320/laboratoire-danalyses-m%C3%A9dicales-elloumi/
Keejob,Technicien Supérieur en Contrôle Qualité,,Zaghouan,2026-05-02,https://www.keejob.com/offres-emploi/240100/technicien-sup%C3%A9rieur-en-contr%C3%B4le-qualit%C3%A9/
Keejob,Technicien de prélèvement sanguin,,Tunis,2026-05-02,https://www.keejob.com/offres-emploi/companies/10320/laboratoire-danalyses-m%C3%A9dicales-elloumi/
Keejob,Techniciens supérieurs en électricité,,Tunis,2026-05-02,https://www.keejob.com/offres-emploi/companies/4836/sfbt/
Keejob,Responsable Stock et logistique,,Kairouan,2026-05-02,https://www.keejob.com/offres-emploi/240045/responsable-stock-et-logistique/
Keejob,Visiteur Médical,,Tunis,2026-05-02,https://www.keejob.com/offres-emploi/companies/9614/argania-distribution-sarl/
Keejob,Comptable Admin des Fournisseurs - Litiges,,Sousse,2026-05-02,https://www.keejob.com/offres-emploi/companies/13089/veo-worldwide-services/
Keejob,Commercial  sédentaire,,Ariana,2026-05-02,https://www.keejob.com/offres-emploi/companies/26236/autop-tunisie/
Keejob,Spécialiste Vente et Marketing (Basé à Sfax),,Sfax,2026-05-02,https://www.keejob.com/offres-emploi/240034/sp%C3%A9cialiste-vente-et-marketing-bas%C3%A9-%C3%A0-sfax/
Keejob,Analyste Fonctionnel ERP - Comptabilité,,Bizerte,2026-05-02,https://www.keejob.com/offres-emploi/companies/8363/metam/
Keejob,Senior Designer - Animation & Video (Hybrid),,Tunis,2026-05-02,https://www.keejob.com/offres-emploi/companies/16116/national-pen/
Keejob,Multilingual Talent Acquisition Specialist,,Tunis,2026-05-02,https://www.keejob.com/offres-emploi/companies/16116/national-pen/
Keejob,Responsable Qualité Client,,Béja,2026-05-02,https://www.keejob.com/offres-emploi/companies/9197/kroschu-tunisie/
Keejob,Contrôleur de Gestion (Département Marketing),,Tunis,2026-05-02,https://www.keejob.com/offres-emploi/companies/4836/sfbt/
Keejob,Rh Country Tunisie,,Tunis,2026-05-02,https://www.keejob.com/offres-emploi/companies/225/phoneact/
Keejob,Outbound Sales Advisor  German Speaker,,Tunis,2026-05-02,https://www.keejob.com/offres-emploi/companies/16116/national-pen/
Keejob,Technicien Mécanique de précision (H/F),,Bizerte,2026-05-02,https://www.keejob.com/offres-emploi/companies/73/techniplast-industrie/
Keejob,Gestionnaire micro-assurance,,Tunis,2026-05-02,https://www.keejob.com/offres-emploi/companies/5169/advans-tunisie/
Keejob,Vendeur/ Caissier Bershka Mall of Sousse,,Sousse,2026-05-02,https://www.keejob.com/offres-emploi/companies/7292/tuntex/
Keejob,Responsable Ressources Humaines,,Tunis,2026-05-02,https://www.keejob.com/offres-emploi/companies/19405/bariolo/
Keejob,Vendeur/ Caissier Zara Mall of Sousse,,Sousse,2026-05-02,https://www.keejob.com/offres-emploi/companies/7292/tuntex/
Keejob,CHEF DE PROJET,,Zaghouan,2026-05-02,https://www.keejob.com/offres-emploi/companies/6874/thermoplastics-tunisia/
Keejob,Le chargé Merchandising,,Tunis,2026-05-02,https://www.keejob.com/offres-emploi/companies/31/fatales/
Keejob,Mécaniciens dengins de chantier (ITALIE),,,2026-05-02,https://www.keejob.com/offres-emploi/companies/8961/kpg-recrutement/
Keejob,Chargé(e) R&D,,Tunis,2026-05-02,https://www.keejob.com/offres-emploi/companies/13426/adwya/
Keejob,SUPERVISEURS TELEVENTE - FR,,Ariana,2026-05-02,https://www.keejob.com/offres-emploi/companies/1228/infopro/
Keejob,Opérateurs de Production Spécialisés,,La Manouba,2026-05-02,https://www.keejob.com/offres-emploi/companies/15790/etablissements-abdelmoula/
Keejob,Agent Immobilier Chez Tecnocasa Kélibia,,Nabeul,2026-05-02,https://www.keejob.com/offres-emploi/companies/15474/vinci-conseils-tecnocasa/
Keejob,Assistante Ressources Humaines,,Tunis,2026-05-02,https://www.keejob.com/offres-emploi/companies/19405/bariolo/
Keejob,Analyste Fonctionnel ERP,,Ariana,2026-05-02,https://www.keejob.com/offres-emploi/companies/8363/metam/
Keejob,El Mourouj_Des Commerciaux Terrain (H/F),,Ben Arous,2026-05-02,https://www.keejob.com/offres-emploi/companies/5169/advans-tunisie/
Keejob,Chef de groupe achat,,Ben Arous,2026-05-02,https://www.keejob.com/offres-emploi/companies/4598/confidentiel/
Keejob,Monteur Moule,,Zaghouan,2026-05-02,https://www.keejob.com/offres-emploi/companies/6220/plastic-electromechanic-company/
Keejob,Interprète,,Tunis,2026-05-02,https://www.keejob.com/offres-emploi/companies/2291/teleperformance/
Keejob,Chargé (e) Achat,,La Manouba,2026-05-02,https://www.keejob.com/offres-emploi/companies/25006/ben-yaghlane-shops/
Keejob,Hygiéniste,,Tunis,2026-05-02,https://www.keejob.com/offres-emploi/companies/25006/ben-yaghlane-shops/
Keejob,Technicien mécanique,,Kairouan,2026-05-02,https://www.keejob.com/offres-emploi/companies/25254/new-box-tunisia/
Keejob,Technicien bureau de méthode,,Kairouan,2026-05-02,https://www.keejob.com/offres-emploi/239893/technicien-bureau-de-m%C3%A9thode/
Keejob,Agent de sécurité,,Sousse,2026-05-02,https://www.keejob.com/offres-emploi/companies/25006/ben-yaghlane-shops/
Keejob,Assistante Technique,,Ben Arous,2026-05-02,https://www.keejob.com/offres-emploi/companies/23820/stram/
Keejob,Technicien amélioration continue,,Zaghouan,2026-05-02,https://www.keejob.com/offres-emploi/companies/20639/les-laboratoires-teriak/
Keejob,Agent de traitement des donnés en Allemand,,Tunis,2026-05-02,https://www.keejob.com/offres-emploi/companies/8961/kpg-recrutement/
Keejob,Agent de traitement des données en Italien,,Tunis,2026-05-02,https://www.keejob.com/offres-emploi/companies/8961/kpg-recrutement/
Keejob,Ingénieur Test et validation en CND (CIVP),,Tunis,2026-05-02,https://www.keejob.com/offres-emploi/companies/8961/kpg-recrutement/
Keejob,Ingénieur & Responsable Maintenance,,Monastir,2026-05-02,https://www.keejob.com/offres-emploi/companies/8961/kpg-recrutement/
Keejob,Responsable Trésorerie et Financement,,Tunis,2026-05-02,https://www.keejob.com/offres-emploi/companies/5169/advans-tunisie/
Keejob,coordinateur dév de programmes des jeunes,,Tunis,2026-05-02,https://www.keejob.com/offres-emploi/companies/13148/sos-village/
Keejob,Superviseur Microbiologie,,La Manouba,2026-05-02,https://www.keejob.com/offres-emploi/companies/20639/les-laboratoires-teriak/
Keejob,Ingénieur mécanique,,Bizerte,2026-05-02,https://www.keejob.com/offres-emploi/companies/15759/almes-mateur/
Keejob,Responsable Ressources Humaines (Enfidha),,Sousse,2026-05-02,https://www.keejob.com/offres-emploi/companies/8961/kpg-recrutement/
Keejob,Responsable Production ( Secteur Automobile ),,Béja,2026-05-02,https://www.keejob.com/offres-emploi/companies/16391/aptiv/
Keejob,Responsable QHSE,,Sousse,2026-05-02,https://www.keejob.com/offres-emploi/companies/8961/kpg-recrutement/
Keejob,Télévendeurs,,Tunis,2026-05-02,https://www.keejob.com/offres-emploi/companies/2291/teleperformance/
Keejob,Conseillers Commerciaux en Réception d'appel,,Tunis,2026-05-02,https://www.keejob.com/offres-emploi/companies/225/phoneact/
Keejob,Responsable Achat et Approvisionnement,,Zaghouan,2026-05-02,https://www.keejob.com/offres-emploi/239615/responsable-achat-et-approvisionnement/
Keejob,Assistante Administrative et Financière,,Tunis,2026-05-02,https://www.keejob.com/offres-emploi/companies/891/active-contact/
Keejob,Télévendeurs (es) Telco,,Tunis,2026-05-02,https://www.keejob.com/offres-emploi/companies/891/active-contact/
Keejob,Coach Qualité et Formation (H/F),,Ariana,2026-05-02,https://www.keejob.com/offres-emploi/companies/225/phoneact/
Keejob,Quality Manager,,Ben Arous,2026-05-02,https://www.keejob.com/offres-emploi/companies/23820/stram/
Keejob,Responsable déquipe B2B en Télécom (H/F),,Tunis,2026-05-02,https://www.keejob.com/offres-emploi/companies/2394/advancia/
Keejob,Technico commercial,,Ben Arous,2026-05-02,https://www.keejob.com/offres-emploi/239545/technico-commercial/
Keejob,Conseillers Commerciaux en Mutuelle santé,,Tunis,2026-05-02,https://www.keejob.com/offres-emploi/companies/232/assist-assur/
Keejob,Gestionnaire (Service Client Assurance),,Tunis,2026-05-02,https://www.keejob.com/offres-emploi/companies/14383/cpl-jobs/
Keejob,SAP FICO Support Technician,,Sousse,2026-05-02,https://www.keejob.com/offres-emploi/companies/13089/veo-worldwide-services/
Keejob,Opérateur de fabrication,,Sfax,2026-05-02,https://www.keejob.com/offres-emploi/companies/30755/dar-essaydali/
Keejob,Debt Recovery Advisor,,Ariana,2026-05-02,https://www.keejob.com/offres-emploi/companies/14877/my-cash-collector/
Keejob,"Kundenberatung, Prämie+Vorteile",,Ariana,2026-05-02,https://www.keejob.com/offres-emploi/companies/225/phoneact/
Keejob,Industrial Electrical Maintenance Technician,,Tunis,2026-05-02,https://www.keejob.com/offres-emploi/companies/8961/kpg-recrutement/
Keejob,Réviseur Comptable en comptabilité française,,Ariana,2026-05-02,https://www.keejob.com/offres-emploi/companies/14877/my-cash-collector/
Keejob,Ingénieur Méthodes (Monastir),,Monastir,2026-05-02,https://www.keejob.com/offres-emploi/companies/8961/kpg-recrutement/
Keejob,Comptable / Expérience en compta Française,,Ariana,2026-05-02,https://www.keejob.com/offres-emploi/companies/14877/my-cash-collector/
Keejob,Operatori call center di lingua Italiana,,Ariana,2026-05-02,https://www.keejob.com/offres-emploi/companies/225/phoneact/
Keejob,Chargé(e) de Recouvrement francophone,,Ariana,2026-05-02,https://www.keejob.com/offres-emploi/companies/14877/my-cash-collector/
Keejob,Ingénieur Process électronique CMS,,Tunis,2026-05-02,https://www.keejob.com/offres-emploi/companies/8961/kpg-recrutement/
Keejob,Assistant relation clients,,Ariana,2026-05-02,https://www.keejob.com/offres-emploi/companies/2054/argos/
Keejob,Sr Finance Analyst,,Tunis,2026-05-02,https://www.keejob.com/offres-emploi/companies/8961/kpg-recrutement/
Keejob,Vous savez gérer des clients difficiles ?,,Tunis,2026-05-02,https://www.keejob.com/offres-emploi/companies/14383/cpl-jobs/
Keejob,Aide Magasinier,,Ben Arous,2026-05-02,https://www.keejob.com/offres-emploi/239544/aide-magasinier/
Keejob,Analyste Reporting & KPI,,Sousse,2026-05-02,https://www.keejob.com/offres-emploi/companies/12393/recrutement-rhg/
Keejob,Technicien de compression (Pharmaceutique),,Tunis,2026-05-02,https://www.keejob.com/offres-emploi/companies/17388/laboratoire-thera/
Keejob,Conseillers Commerciaux Francophones émission,,Tunis,2026-05-02,https://www.keejob.com/offres-emploi/companies/1708/stream/
Keejob,Technicien Régleur PEC Injection,,Zaghouan,2026-05-02,https://www.keejob.com/offres-emploi/companies/6220/plastic-electromechanic-company/
Keejob,Technicien qualité produit fonderie,,Ben Arous,2026-05-02,https://www.keejob.com/offres-emploi/companies/13841/staroil-sa/
Keejob,Responsable Financier,,Ben Arous,2026-05-02,https://www.keejob.com/offres-emploi/239475/responsable-financier/
Keejob,Responsable Transit,,Tunis,2026-05-02,https://www.keejob.com/offres-emploi/companies/17388/laboratoire-thera/
Keejob,Technicien de Production (Homme),,Tunis,2026-05-02,https://www.keejob.com/offres-emploi/companies/17388/laboratoire-thera/
Keejob,Chargé  RAP,,La Manouba,2026-05-02,https://www.keejob.com/offres-emploi/companies/17388/laboratoire-thera/
Keejob,Chef déquipe de production (H/F),,La Manouba,2026-05-02,https://www.keejob.com/offres-emploi/companies/22750/appetissante_an-iffco-group-company/
Keejob,Directeur Administratif et financier (SFAX),,Sfax,2026-05-02,https://www.keejob.com/offres-emploi/companies/8961/kpg-recrutement/
Keejob,Chargé Ressources Humaines,,Tunis,2026-05-02,https://www.keejob.com/offres-emploi/companies/8961/kpg-recrutement/
Keejob,Junior Talent Acquisition Partner - Bilingual,,Tunis,2026-05-02,https://www.keejob.com/offres-emploi/companies/4625/transcom/
Keejob,Vendeur/Préparateur Jus - GROMBALIA AUTOROUTE,,Nabeul,2026-05-02,https://www.keejob.com/offres-emploi/companies/19405/bariolo/
Keejob,Conseillers Commerciaux TELCO,,Tunis,2026-05-02,https://www.keejob.com/offres-emploi/companies/891/active-contact/
Keejob,Data Analyst Marketing (H/F),,Sousse,2026-05-02,https://www.keejob.com/offres-emploi/companies/12393/recrutement-rhg/
Keejob,COMMERCIAUX MARQUES MEDIAS - APPELS SORTANTS,,Ariana,2026-05-02,https://www.keejob.com/offres-emploi/companies/1228/infopro/
Keejob,MANAGER RECOUVREMENT ET FACTURATION,,Ariana,2026-05-02,https://www.keejob.com/offres-emploi/companies/1228/infopro/
Keejob,AGENT IMMOBILIER TECNOCASA M'SAKEN,,Sousse,2026-05-02,https://www.keejob.com/offres-emploi/companies/15474/vinci-conseils-tecnocasa/
Keejob,Responsable d'Équipe en Télévente,,Tunis,2026-05-02,https://www.keejob.com/offres-emploi/companies/891/active-contact/
Keejob,CONSEILLERS CLIENTS - MULTICANAL,,Ariana,2026-05-02,https://www.keejob.com/offres-emploi/companies/1228/infopro/
Keejob,DEBT COLLECTOR AGENT,,Ariana,2026-05-02,https://www.keejob.com/offres-emploi/companies/1228/infopro/
Keejob,Vendeur/ Caissier Mango Marsa,,Tunis,2026-05-02,https://www.keejob.com/offres-emploi/companies/7292/tuntex/
Keejob,Office Manager Sousse,,Sousse,2026-05-02,https://www.keejob.com/offres-emploi/companies/13089/veo-worldwide-services/
Keejob,Agent-Magasin,,Ben Arous,2026-05-02,https://www.keejob.com/offres-emploi/companies/22631/electronic-tunisie-system/
Keejob,Technicien Support M365/Intune (H/F),,Tunis,2026-05-02,https://www.keejob.com/offres-emploi/companies/2394/advancia/
Keejob,Chargé RH (H/F),,Tunis,2026-05-02,https://www.keejob.com/offres-emploi/companies/1740/t3c/
Keejob,Oharmacien Responsable Assurance Qualité,,Ariana,2026-05-02,https://www.keejob.com/offres-emploi/companies/859/pharmaghreb/
Keejob,Téléprospecteur En Produit Bancaire,,Tunis,2026-05-02,https://www.keejob.com/offres-emploi/companies/225/phoneact/
Keejob,Chargé qualité et process SOUSCRIPTION,,Ariana,2026-05-02,https://www.keejob.com/offres-emploi/companies/10290/protect-tunsie/
Keejob,Comptable,,Ben Arous,2026-05-02,https://www.keejob.com/offres-emploi/239136/comptable/
Keejob,Technicien Process CMS,,Ariana,2026-05-02,https://www.keejob.com/offres-emploi/companies/11364/asteel-flash/
Keejob,Directeur Production & Technique CMS,,Tunis,2026-05-02,https://www.keejob.com/offres-emploi/companies/8961/kpg-recrutement/
Keejob,Coordinateur Supply Chain électronique,,Tunis,2026-05-02,https://www.keejob.com/offres-emploi/companies/8961/kpg-recrutement/
Keejob,Assistant transit,,Tunis,2026-05-02,https://www.keejob.com/offres-emploi/companies/7236/prochidia/
Keejob,Responsable Système Qualité et HSE,,Ben Arous,2026-05-02,https://www.keejob.com/offres-emploi/239019/responsable-syst%C3%A8me-qualit%C3%A9-et-hse/
Keejob,Servizio ClientiSettore Trasporti,,Ariana,2026-05-02,https://www.keejob.com/offres-emploi/companies/991/almaviva/
Keejob,,,Sousse,2026-05-02,https://www.keejob.com/offres-emploi/238892/%D8%B9%D9%85%D8%A7%D9%84-%D9%88-%D8%B9%D8%A7%D9%85%D9%84%D8%A7%D8%AA-%D9%81%D9%8A-%D8%A7%D9%84%D8%A7%D9%86%D8%AA%D8%A7%D8%AC-%D9%88-%D8%A7%D9%84%D8%AA%D8%B9%D9%84%D9%8A%D8%A8/
Keejob,"Tax Assistant ""CIVP""",,Tunis,2026-05-02,https://www.keejob.com/offres-emploi/companies/7382/vivo-energy/
Keejob,Téléprospecteurs,,Tunis,2026-05-02,https://www.keejob.com/offres-emploi/companies/8961/kpg-recrutement/
Keejob,Gestionnaire Expert en Assurance ( FR / Ang ),,Ariana,2026-05-02,https://www.keejob.com/offres-emploi/companies/14383/cpl-jobs/
Keejob,Vendeur / Préparateur de Jus - MALL OF SFAX,,Sfax,2026-05-02,https://www.keejob.com/offres-emploi/companies/19405/bariolo/
Keejob,Technicien informatique,,Ben Arous,2026-05-02,https://www.keejob.com/offres-emploi/238766/technicien-informatique/
Keejob,Réceptionniste (H/F)  Front Office,,Sousse,2026-05-02,https://www.keejob.com/offres-emploi/companies/15524/groupe-stunas-industries/
Keejob,Conseiller en assurance,,Tunis,2026-05-02,https://www.keejob.com/offres-emploi/companies/14383/cpl-jobs/
Keejob,Chauffeur,,Ariana,2026-05-02,https://www.keejob.com/offres-emploi/companies/2054/argos/
Keejob,Mécanicien confirmé,,Tunis,2026-05-02,https://www.keejob.com/offres-emploi/companies/15790/etablissements-abdelmoula/
Keejob,Délégué commercial_Secteur du Centre,,Sousse,2026-05-02,https://www.keejob.com/offres-emploi/238813/d%C3%A9l%C3%A9gu%C3%A9-commercial_secteur-du-centre/
Keejob,Chargé(e) Trésorerie et Financement Senior,,Tunis,2026-05-02,https://www.keejob.com/offres-emploi/companies/5169/advans-tunisie/
Keejob,Téléconseillers Commerciaux,,Tunis,2026-05-02,https://www.keejob.com/offres-emploi/companies/891/active-contact/
Keejob,Télévendeurs Energie et Telco,,Tunis,2026-05-02,https://www.keejob.com/offres-emploi/companies/891/active-contact/
Keejob,Servizio Clienti  Helpdesk,,Tunis,2026-05-02,https://www.keejob.com/offres-emploi/companies/4625/transcom/
Keejob,Développeur full stack,,Bizerte,2026-05-02,https://www.keejob.com/offres-emploi/companies/8363/metam/
Keejob,HELPDESK techniker in deutscher Sprache,,Tunis,2026-05-02,https://www.keejob.com/offres-emploi/companies/14383/cpl-jobs/
Keejob,Téléconseiller,,Tunis,2026-05-02,https://www.keejob.com/offres-emploi/companies/14383/cpl-jobs/
Keejob,Commerciaux Terrain (H/F)_Djerba,,Médenine,2026-05-02,https://www.keejob.com/offres-emploi/companies/5169/advans-tunisie/
Keejob,Customer service representative,,Tunis,2026-05-02,https://www.keejob.com/offres-emploi/companies/4625/transcom/
Keejob,Conseiller Clientèle - Fashion et E-commerce,,Tunis,2026-05-02,https://www.keejob.com/offres-emploi/companies/4625/transcom/
Keejob,Un Responsable de point de vente (Djerba),,Médenine,2026-05-02,https://www.keejob.com/offres-emploi/companies/31/fatales/
Keejob,RESPONSABLE METHODE,,Ben Arous,2026-05-01,https://www.keejob.com/offres-emploi/240172/assistante-methode/
Keejob,Chargé(e) Achat & Approvisionnement,,Ariana,2026-05-01,https://www.keejob.com/offres-emploi/companies/30153/mds-group/
Keejob,ingénieur chimiste,,Gabes,2026-05-01,https://www.keejob.com/offres-emploi/companies/22657/artus/
Keejob,"Ingénieur  Electromécanique,",,Gabes,2026-05-01,https://www.keejob.com/offres-emploi/companies/22657/artus/
Keejob,Assistant Comptable,,Sousse,2026-05-01,https://www.keejob.com/offres-emploi/companies/30891/ejrida-de-promotion-immobili%C3%A8re/
Keejob,Agent Administratif,,Ben Arous,2026-05-01,https://www.keejob.com/offres-emploi/239490/agent-administratif/
Keejob,Monastir-Commerciaux terrain en Microfinance,,Monastir,2026-05-01,https://www.keejob.com/offres-emploi/companies/5169/advans-tunisie/
Keejob,Barcelone-Commerciaux terrain en Microfinance,,Ben Arous,2026-05-01,https://www.keejob.com/offres-emploi/companies/5169/advans-tunisie/
Keejob,Nabeul-Commerciaux terrain en Microfinance,,Nabeul,2026-05-01,https://www.keejob.com/offres-emploi/companies/5169/advans-tunisie/
Keejob,Zaghouan-Commerciaux terrain en Microfinance,,Zaghouan,2026-05-01,https://www.keejob.com/offres-emploi/companies/5169/advans-tunisie/
Keejob,Mateur-Commerciaux terrain en Microfinance,,Bizerte,2026-05-01,https://www.keejob.com/offres-emploi/companies/5169/advans-tunisie/
Keejob,Bizerte-Commerciaux terrain en Microfinance,,Bizerte,2026-05-01,https://www.keejob.com/offres-emploi/companies/5169/advans-tunisie/
Keejob,Menzel Temime-Commerciaux terrain,,Nabeul,2026-05-01,https://www.keejob.com/offres-emploi/companies/5169/advans-tunisie/
Keejob,Adjoint responsable Magasin,,Tunis,2026-05-01,https://www.keejob.com/offres-emploi/companies/5598/mercure-internationale/
Keejob,Vendeur/Vendeuse,,Tunis,2026-05-01,https://www.keejob.com/offres-emploi/companies/5598/mercure-internationale/
Keejob,Tech. Maintenance Electrique - Carthago Brick,,Zaghouan,2026-05-01,https://www.keejob.com/offres-emploi/companies/28304/ste-carthago-sanitaire/
Keejob,Resp Maintenance Mécanique - Carthago Brick.,,Zaghouan,2026-05-01,https://www.keejob.com/offres-emploi/companies/28304/ste-carthago-sanitaire/
Keejob,Agent en réception dappels  Francophone,,Tunis,2026-05-01,https://www.keejob.com/offres-emploi/companies/1708/stream/
Keejob,Chargé(e) Clientèle_Siliana,,Siliana,2026-05-01,https://www.keejob.com/offres-emploi/companies/5169/advans-tunisie/
Keejob,Responsable Magasin,,Tunis,2026-05-01,https://www.keejob.com/offres-emploi/companies/5598/mercure-internationale/
Keejob,Assistant(e) commerciale,,Zaghouan,2026-05-01,https://www.keejob.com/offres-emploi/239328/assistante-commerciale/
Keejob,Retail Relationship Manager - Sfax,,Tunis,2026-04-30,https://www.keejob.com/offres-emploi/companies/11980/abc-bank/
Keejob,SMEs Relationship Manager - Sfax,,Tunis,2026-04-30,https://www.keejob.com/offres-emploi/companies/11980/abc-bank/
Keejob,PREPARATEUR ET PEINTRE,,Tunis,2026-04-30,https://www.keejob.com/offres-emploi/companies/32970/dasautorepair/
Keejob,Responsable Légal,,Tunis,2026-04-30,https://www.keejob.com/offres-emploi/companies/159/crit/
Keejob,05 Ingénieurs Génie Civil (Homme),,Ben Arous,2026-04-30,https://www.keejob.com/offres-emploi/companies/12087/luxor/
Keejob,Chefs de Chantier Génie Civil / Hydraulique,,Ben Arous,2026-04-30,https://www.keejob.com/offres-emploi/companies/12087/luxor/
Keejob,Operateur(ice) Service clients,,Tunis,2026-04-30,https://www.keejob.com/offres-emploi/companies/34566/kusor-labs/
Keejob,Formateur IA Générative & Deep Learning,,Ariana,2026-04-30,https://www.keejob.com/offres-emploi/companies/33559/proservices/
Keejob,Responsable RH,,Gabes,2026-04-30,https://www.keejob.com/offres-emploi/companies/22657/artus/
Keejob,Community Manager,,Tunis,2026-04-30,https://www.keejob.com/offres-emploi/companies/34566/kusor-labs/
Keejob,Ingénieur génie  industrielle,,Gabes,2026-04-30,https://www.keejob.com/offres-emploi/companies/22657/artus/
Keejob,Ingénieur validation process et nettoyage-CQ,,Sousse,2026-04-30,https://www.keejob.com/offres-emploi/companies/2194/unimed/
Keejob,Conseiller de vente LCW Mall of Sfax,,Sfax,2026-04-30,https://www.keejob.com/offres-emploi/companies/7292/tuntex/
Keejob,OPERATEUR LABORATOIRE MICROBIOLOGIE,,Sousse,2026-04-30,https://www.keejob.com/offres-emploi/companies/2194/unimed/
Keejob,Technicien Equipement Pharmaceutique,,Sousse,2026-04-30,https://www.keejob.com/offres-emploi/companies/2194/unimed/
Keejob,Téléconseillers/Salaire Net de 1000 DT,,Ariana,2026-04-30,https://www.keejob.com/offres-emploi/companies/991/almaviva/
Keejob,Analyste Fonctionnel (H/F),,Sousse,2026-04-30,https://www.keejob.com/offres-emploi/companies/12393/recrutement-rhg/
Keejob,Chargé(e) de relation client & opérations,,Tunis,2026-04-30,https://www.keejob.com/offres-emploi/companies/34268/finco-by-ridha-bouzguenda/
Keejob,Conseillers Commerciaux,,Tunis,2026-04-30,https://www.keejob.com/offres-emploi/companies/32545/esteexpert-tunisie/
Keejob,Formateur N8N Automatisation,,Ariana,2026-04-30,https://www.keejob.com/offres-emploi/companies/33559/proservices/
Keejob,Responsable Veille stratégique,,Sousse,2026-04-30,https://www.keejob.com/offres-emploi/companies/12393/recrutement-rhg/
Keejob,Chargé(e) de recouvrement terrain,,Ben Arous,2026-04-30,https://www.keejob.com/offres-emploi/companies/18459/el-amel-de-microfinance/
Keejob,Responsable opérationnel Régional,,Tunis,2026-04-30,https://www.keejob.com/offres-emploi/240144/responsable-op%C3%A9rationnel-r%C3%A9gional/
Keejob,Technicien Maintenance Process,,Tunis,2026-04-30,https://www.keejob.com/offres-emploi/companies/13426/adwya/
Keejob,Assistante administrative,,Kairouan,2026-04-30,https://www.keejob.com/offres-emploi/240155/assistante-administrative/
Keejob,chargé en marketing digitale,,Sfax,2026-04-30,https://www.keejob.com/offres-emploi/companies/35079/entreprise-essaida-de-peinture-badigeon-et-travaux-publics/
Keejob,Technicien Chimiste,,Sfax,2026-04-30,https://www.keejob.com/offres-emploi/240148/technicien-chimiste/
Keejob,Strategic Account Manager,,Tunis,2026-04-30,https://www.keejob.com/offres-emploi/companies/8961/kpg-recrutement/
Keejob,Ingénieur électrique,,Sfax,2026-04-30,https://www.keejob.com/offres-emploi/companies/30854/societe-loukil-controle/
Keejob,coordinatriceTecnocasa Hammamet Nord et Sud,,Nabeul,2026-04-30,https://www.keejob.com/offres-emploi/companies/35112/boudali-tran-immo-hammamet/
Keejob,Agent ImmobilierTecnocasa Hammamet Nord Sud,,Nabeul,2026-04-30,https://www.keejob.com/offres-emploi/companies/35112/boudali-tran-immo-hammamet/
Keejob,AGENT IMMOBILIER TECNOCASA LAFAYETTE,,Tunis,2026-04-30,https://www.keejob.com/offres-emploi/companies/15474/vinci-conseils-tecnocasa/
Keejob,AGENT IMMOBILIER TECNOCASA L'AOUINA,,Tunis,2026-04-30,https://www.keejob.com/offres-emploi/companies/15474/vinci-conseils-tecnocasa/
Keejob,AGENT IMMOBILIER TECNOCASA MOUROUJ 6,,Ben Arous,2026-04-30,https://www.keejob.com/offres-emploi/companies/15474/vinci-conseils-tecnocasa/
Keejob,Responsable Livraison & Logistique,,Tunis,2026-04-30,https://www.keejob.com/offres-emploi/companies/30772/pharmashop/
Keejob,Assistante Commerciale et comptable,,Ariana,2026-04-30,https://www.keejob.com/offres-emploi/companies/28611/societe-bargaoui-rideaux/
Keejob,Cassiere et vendeuse patisserie,,Ariana,2026-04-30,https://www.keejob.com/offres-emploi/companies/31847/o-four/
Keejob,TECHNICIENS DE LABORATOIRE D'ANALYSES,,Tunis,2026-04-30,https://www.keejob.com/offres-emploi/240070/poste-techniciens-de-laboratoire-danalyses/
Keejob,Assistante de Direction,,Tunis,2026-04-30,https://www.keejob.com/offres-emploi/companies/20041/soges/
Keejob,CONCEPTEUR MOULES INJECTION,,Sfax,2026-04-30,https://www.keejob.com/offres-emploi/companies/34832/ste-leaderplast/
Keejob,Chef d'Équipe,,Tunis,2026-04-30,https://www.keejob.com/offres-emploi/companies/34545/republic-of-mlawi/
Keejob,Ingénieur Agroalimentaire,,Tunis,2026-04-30,https://www.keejob.com/offres-emploi/companies/34545/republic-of-mlawi/
Keejob,Technicien / Ingénieur Électromécanique,,Tunis,2026-04-30,https://www.keejob.com/offres-emploi/companies/34545/republic-of-mlawi/
Keejob,Chargé clientèle,,Sousse,2026-04-30,https://www.keejob.com/offres-emploi/companies/31004/genetics-gym/
Keejob,technicien en électricité de batiment,,Sfax,2026-04-30,https://www.keejob.com/offres-emploi/companies/35079/entreprise-essaida-de-peinture-badigeon-et-travaux-publics/
Keejob,Comptable Confirmé(e),,Tunis,2026-04-30,https://www.keejob.com/offres-emploi/companies/13426/adwya/
Keejob,Professeur(e) d'Histoire Géographie,,Tunis,2026-04-30,https://www.keejob.com/offres-emploi/companies/19291/groupe-scolaire-rene-des-cartes/
Keejob,Professeur(e) de SVT- Rentrée 26,,Ariana,2026-04-30,https://www.keejob.com/offres-emploi/companies/19291/groupe-scolaire-rene-des-cartes/
Keejob,Technicien de maintenance machines CNC 4 axes,,Tunis,2026-04-30,https://www.keejob.com/offres-emploi/239461/technicien-de-maintenance-machines-cnc-4-axes/
Keejob,Professeur de NSI-Rentrée 26,,Tunis,2026-04-30,https://www.keejob.com/offres-emploi/companies/19291/groupe-scolaire-rene-des-cartes/
Keejob,Candidatures spontanées  Rentrée 26,,Tunis,2026-04-30,https://www.keejob.com/offres-emploi/companies/19291/groupe-scolaire-rene-des-cartes/
Keejob,Responsable maintenance mécanique,,Ben Arous,2026-04-30,https://www.keejob.com/offres-emploi/239456/responsable-maintenance-m%C3%A9canique/
Keejob,Responsable administration des ventes,,Sousse,2026-04-30,https://www.keejob.com/offres-emploi/companies/33737/societe-de-nutrition-animale-sa/
Keejob,Customer Service Support,,Ariana,2026-04-30,https://www.keejob.com/offres-emploi/companies/225/phoneact/
Keejob,technicien en maintenance électrique,,Sousse,2026-04-30,https://www.keejob.com/offres-emploi/companies/33737/societe-de-nutrition-animale-sa/
Keejob,Professeur(e) d'EPS- Rentrée 26,,Ariana,2026-04-30,https://www.keejob.com/offres-emploi/companies/19291/groupe-scolaire-rene-des-cartes/
Keejob,Responsable De  Laboratoire,,Tunis,2026-04-30,https://www.keejob.com/offres-emploi/companies/19291/groupe-scolaire-rene-des-cartes/
Keejob,Responsable Maintenance,,Tunis,2026-04-30,https://www.keejob.com/offres-emploi/companies/25006/ben-yaghlane-shops/
Keejob,Professeur(e) d'Anglais-Rentrée 26,,Tunis,2026-04-30,https://www.keejob.com/offres-emploi/companies/19291/groupe-scolaire-rene-des-cartes/
Keejob,Infirmière Scolaire- Sénior,,Tunis,2026-04-30,https://www.keejob.com/offres-emploi/companies/19291/groupe-scolaire-rene-des-cartes/
Keejob,Chargé(e) en Management Qualité,,Ben Arous,2026-04-30,https://www.keejob.com/offres-emploi/companies/11711/sotuchoc/
Keejob,Professeur(e) de SI-Rentrée 26,,Tunis,2026-04-30,https://www.keejob.com/offres-emploi/companies/19291/groupe-scolaire-rene-des-cartes/
Keejob,Customer Services Officer - Sousse,,Sousse,2026-04-30,https://www.keejob.com/offres-emploi/companies/11980/abc-bank/
Keejob,responsable stock,,Sousse,2026-04-30,https://www.keejob.com/offres-emploi/companies/33737/societe-de-nutrition-animale-sa/
Keejob,Professeur(e) de Technologies- Rentrée 26,,Ariana,2026-04-30,https://www.keejob.com/offres-emploi/companies/19291/groupe-scolaire-rene-des-cartes/
Keejob,COMPTABLE,,Ben Arous,2026-04-30,https://www.keejob.com/offres-emploi/239455/comptable/
Keejob,Professeur(e) de Physique-Chimie-Rentrée 26,,Ariana,2026-04-30,https://www.keejob.com/offres-emploi/companies/19291/groupe-scolaire-rene-des-cartes/
Keejob,Responsable RH Sidi El Heni - Sousse,,Sousse,2026-04-30,https://www.keejob.com/offres-emploi/companies/33737/societe-de-nutrition-animale-sa/
Keejob,Professeur(e) de Mathématiques- Rentrée 26,,Ariana,2026-04-30,https://www.keejob.com/offres-emploi/companies/19291/groupe-scolaire-rene-des-cartes/
Keejob,Head of Retail & Digital Banking,,Tunis,2026-04-30,https://www.keejob.com/offres-emploi/companies/11980/abc-bank/
Keejob,Auditeur Interne,,Ben Arous,2026-04-29,https://www.keejob.com/offres-emploi/companies/18459/el-amel-de-microfinance/
Keejob,Gestionnaire de Portefeuille,,Ben Arous,2026-04-29,https://www.keejob.com/offres-emploi/companies/18459/el-amel-de-microfinance/
Keejob,TECHNICIEN MACHINE A COUDRE,,La Manouba,2026-04-29,https://www.keejob.com/offres-emploi/companies/26146/cmc-tunisie/
Keejob,AGENT IMMOBILIER TECNOCASA SAHEL,,Sousse,2026-04-29,https://www.keejob.com/offres-emploi/companies/15474/vinci-conseils-tecnocasa/
Keejob,AGENT IMMOBILIER TECNOCASA,,Ariana,2026-04-29,https://www.keejob.com/offres-emploi/companies/15474/vinci-conseils-tecnocasa/
Keejob,Ingénieur en traitement des eaux,,Tunis,2026-04-29,https://www.keejob.com/offres-emploi/companies/34591/ste-oscar-infrastructure-services/
Keejob,Agent de télésurveillance,,Sfax,2026-04-29,https://www.keejob.com/offres-emploi/240073/agent-de-t%C3%A9l%C3%A9surveillance-sfax/
Keejob,Assureur Conseil en Assurance IARD,,Ariana,2026-04-29,https://www.keejob.com/offres-emploi/companies/10290/protect-tunsie/
Keejob,Gestionnaire en Assurances IARD,,Ariana,2026-04-29,https://www.keejob.com/offres-emploi/companies/10290/protect-tunsie/
Keejob,Chargé Recouvrement en Assurances IARD,,Ariana,2026-04-29,https://www.keejob.com/offres-emploi/companies/10290/protect-tunsie/
Keejob,Conducteur machine/ Technicien sup production,,Béja,2026-04-29,https://www.keejob.com/offres-emploi/240080/conducteur-machine-technicien-sup-production/
Keejob,Vendeur/ Caissier Celio Tunis city,,Ariana,2026-04-29,https://www.keejob.com/offres-emploi/companies/7292/tuntex/
Keejob,Souscripteur en Assurances IARD,,Ariana,2026-04-29,https://www.keejob.com/offres-emploi/companies/10290/protect-tunsie/
Keejob,Responsable des Ressources Humaines (RRH),,Ben Arous,2026-04-29,https://www.keejob.com/offres-emploi/companies/159/crit/
Keejob,Chef de poste Production,,Béja,2026-04-29,https://www.keejob.com/offres-emploi/companies/9197/kroschu-tunisie/
Keejob,Assistant Manager/ Manager Zara Tunis city,,Ariana,2026-04-29,https://www.keejob.com/offres-emploi/companies/7292/tuntex/
Keejob,Gestionnaire Social & QVT,,Tunis,2026-04-29,https://www.keejob.com/offres-emploi/companies/35102/siryos-information-technology/
Keejob,Technicien régleur machine production,,Sousse,2026-04-29,https://www.keejob.com/offres-emploi/240013/technicien-regleur-machine-production/
Keejob,Agent de réception service après vente,,Sousse,2026-04-29,https://www.keejob.com/offres-emploi/companies/35091/bright-electronic-solution-technology/
Keejob,Assistante Financière,,Sousse,2026-04-29,https://www.keejob.com/offres-emploi/companies/35061/societe-claridge-de-commerce/
Keejob,Technicien et Superviseur en Télécom,,Tunis,2026-04-29,https://www.keejob.com/offres-emploi/companies/35063/veinne-de-net/
Keejob,Chargé(e) suivi des campagnes et recouvrement,,Sousse,2026-04-29,https://www.keejob.com/offres-emploi/companies/30516/yellow/
Keejob,Consultant ERP Sage X3 (H/F),,Ariana,2026-04-29,https://www.keejob.com/offres-emploi/239748/responsable-consultant-erp-sage-x3-hf/
Keejob,Comptable Confirmé,,Ariana,2026-04-29,https://www.keejob.com/offres-emploi/companies/12087/luxor/
Keejob,Stagiaire en Biologie,,Ben Arous,2026-04-29,https://www.keejob.com/offres-emploi/239335/stagiaire-en-biologie/
Keejob,Technicien Supérieur Électrique (N),,Ben Arous,2026-04-29,https://www.keejob.com/offres-emploi/companies/11711/sotuchoc/
Keejob,Vendeur/ Caissier LCW Nasser,,Ariana,2026-04-29,https://www.keejob.com/offres-emploi/companies/7292/tuntex/
Keejob,Responsable HSE,,Tunis,2026-04-29,https://www.keejob.com/offres-emploi/239338/responsable-hse/
Keejob,Technicien en Plasturgie,,Ben Arous,2026-04-29,https://www.keejob.com/offres-emploi/239334/technicien-en-plasturgie/
Keejob,Technicien Maintenance Electrique - BBM TAJ,,Le Kef,2026-04-29,https://www.keejob.com/offres-emploi/companies/28304/ste-carthago-sanitaire/
Keejob,Vendeur/ Caissier Adidas Mall of Sousse,,Sousse,2026-04-29,https://www.keejob.com/offres-emploi/companies/7292/tuntex/
Keejob,Agents de magasin,,Tunis,2026-04-29,https://www.keejob.com/offres-emploi/239340/agents-de-magasin/
Keejob,Vendeur/ Caissier Zara mall of Sousse,,Sousse,2026-04-29,https://www.keejob.com/offres-emploi/companies/7292/tuntex/
Keejob,Ingénieur en Génie Civil (Travaux),,Ben Arous,2026-04-29,https://www.keejob.com/offres-emploi/companies/23820/stram/
Keejob,Financier,,Tunis,2026-04-29,https://www.keejob.com/offres-emploi/companies/25764/vitis-company/
Keejob,Fonction Sécurité - Poulina Academy,,Ben Arous,2026-04-29,https://www.keejob.com/offres-emploi/companies/198/poulina-group-holding/
Keejob,Métreur,,Tunis,2026-04-29,https://www.keejob.com/offres-emploi/companies/23820/stram/
Keejob,visiteur médical région Sahel et centre,,Sousse,2026-04-29,https://www.keejob.com/offres-emploi/239336/visiteur-m%C3%A9dical-r%C3%A9gion-sahel-et-centre/
Keejob,Contrôleur qualité - MBG Construction,,Ben Arous,2026-04-29,https://www.keejob.com/offres-emploi/companies/198/poulina-group-holding/
Keejob,Relais administratif de chantier - kairouan,,Kairouan,2026-04-29,https://www.keejob.com/offres-emploi/companies/23820/stram/
Keejob,Téléconseiller Service Client Multicanal H/F,,Ariana,2026-04-29,https://www.keejob.com/offres-emploi/companies/225/phoneact/
Keejob,Responsable Administratif,,Zaghouan,2026-04-28,https://www.keejob.com/offres-emploi/companies/21328/med-oil-campany/
Keejob,SOUS -CHEF DE CUISINE,,Tunis,2026-04-28,https://www.keejob.com/offres-emploi/companies/31652/sht-hotel-ibn-khaldoun/
Keejob,Analyste Microbiologie,,La Manouba,2026-04-28,https://www.keejob.com/offres-emploi/companies/17388/laboratoire-thera/
Keejob,Infirmier de nuit,,Ariana,2026-04-28,https://www.keejob.com/offres-emploi/companies/32394/convalescence-le-havre-el-menzah/
Keejob,ProcurementExcellenceSpecialist,,Tunis,2026-04-28,https://www.keejob.com/offres-emploi/companies/16116/national-pen/
Keejob,Quality Engineer,,Béja,2026-04-28,https://www.keejob.com/offres-emploi/companies/16391/aptiv/
Keejob,Informaticien Espagnol / Portugais,,Tunis,2026-04-28,https://www.keejob.com/offres-emploi/companies/14383/cpl-jobs/
Keejob,Informtico que fala português,,Tunis,2026-04-28,https://www.keejob.com/offres-emploi/companies/14383/cpl-jobs/
Keejob,Ingénieur(s) en génie civil,,Ben Arous,2026-04-28,https://www.keejob.com/offres-emploi/companies/21168/societe-nouvelle-de-construction/
Keejob,Technicien  maintenance (H/F),,Bizerte,2026-04-28,https://www.keejob.com/offres-emploi/companies/73/techniplast-industrie/
Keejob,Chargé d'accueil et de gestion des candidats,,Sousse,2026-04-28,https://www.keejob.com/offres-emploi/companies/33618/adea/
Keejob,Conseiller commercial,,Ben Arous,2026-04-28,https://www.keejob.com/offres-emploi/companies/35099/italcar-sa/
Keejob,Agent Back office,,Sfax,2026-04-28,https://www.keejob.com/offres-emploi/companies/34319/med-industrie/
Keejob,Outbound Sales Advisor - Italian Speaker,,Tunis,2026-04-28,https://www.keejob.com/offres-emploi/companies/16116/national-pen/
Keejob,Dessinateur Projeteur IG,,Tunis,2026-04-28,https://www.keejob.com/offres-emploi/companies/34709/actiis-tunis/
Keejob,Technicien Supérieur en contrôle qualité,,Mahdia,2026-04-28,https://www.keejob.com/offres-emploi/companies/4836/sfbt/
Keejob,un(e) Chef de Produit Textile,,Mahdia,2026-04-28,https://www.keejob.com/offres-emploi/240007/une-chef-de-produit-textile/
Keejob,Technicien Support & Maintenance,,Tunis,2026-04-28,https://www.keejob.com/offres-emploi/companies/13386/sitc/
Keejob,Technico-Commercial(e),,Tunis,2026-04-28,https://www.keejob.com/offres-emploi/companies/33348/ab-tech/
Keejob,Aide-comptable,,Ben Arous,2026-04-28,https://www.keejob.com/offres-emploi/companies/28044/sna/
Keejob,chef du personnel,,Tunis,2026-04-28,https://www.keejob.com/offres-emploi/companies/31652/sht-hotel-ibn-khaldoun/
Keejob,Responsable Commercial Pièces Détachées PDR,,Ben Arous,2026-04-28,https://www.keejob.com/offres-emploi/239973/responsable-commercial-pi%C3%A8ces-d%C3%A9tach%C3%A9es-pdr/
Keejob,Chef d'équipe Production,,Sousse,2026-04-28,https://www.keejob.com/offres-emploi/239962/chef-d%C3%A9quipe-production/
Keejob,Directeur hôtel 5*,,Nabeul,2026-04-28,https://www.keejob.com/offres-emploi/companies/19398/st%C3%A9-la-paix-group-poulina/
Keejob,Gestionnaire,,Tunis,2026-04-28,https://www.keejob.com/offres-emploi/companies/23336/codev/
Keejob,Conseillers Clients Réception d'appels FR/ANG,,Ariana,2026-04-28,https://www.keejob.com/offres-emploi/companies/1708/stream/
Keejob,Technicien(ne)s Supérieur(e)s de Pédiatrie,,Nabeul,2026-04-28,https://www.keejob.com/offres-emploi/companies/15406/el-amen-sante/
Keejob,SMEs Relationship Manager - Sousse,,Sousse,2026-04-28,https://www.keejob.com/offres-emploi/companies/11980/abc-bank/
Keejob,Kairouan 2_Des Commerciaux Terrain (H/F),,Kairouan,2026-04-28,https://www.keejob.com/offres-emploi/companies/5169/advans-tunisie/
Keejob,Vendeur/ Caissier Zara Mall of Sfax,,Sfax,2026-04-28,https://www.keejob.com/offres-emploi/companies/7292/tuntex/
Keejob,Assistant Manager LCW Grand Tunis,,Tunis,2026-04-28,https://www.keejob.com/offres-emploi/companies/7292/tuntex/
Keejob,Ajusteur Monteur Aéronautique _ BTP,,Ben Arous,2026-04-28,https://www.keejob.com/offres-emploi/companies/159/crit/
Keejob,INFIRMIER(E),,Nabeul,2026-04-28,https://www.keejob.com/offres-emploi/companies/15406/el-amen-sante/
Keejob,Techniciens Supérieurs Réseaux Français,,Ariana,2026-04-28,https://www.keejob.com/offres-emploi/companies/991/almaviva/
Keejob,Responsable Communication Institutionnelle,,Sousse,2026-04-28,https://www.keejob.com/offres-emploi/companies/12393/recrutement-rhg/
Keejob,Commercial(e) Francophone  B2B (H/F),,Tunis,2026-04-28,https://www.keejob.com/offres-emploi/companies/27713/haimour-in/
Keejob,AIDE-SOIGNANT(E),,Nabeul,2026-04-28,https://www.keejob.com/offres-emploi/companies/15406/el-amen-sante/
Keejob,OFFRE DE STAGE-inventaire des immobilisations,,Tunis,2026-04-28,https://www.keejob.com/offres-emploi/companies/15790/etablissements-abdelmoula/
Keejob,Technicien(ne) Supérieur(e) des Urgences,,Nabeul,2026-04-28,https://www.keejob.com/offres-emploi/companies/15406/el-amen-sante/
Keejob,INSTRUMENTISTE BLOC OPERATOIRE,,Nabeul,2026-04-28,https://www.keejob.com/offres-emploi/companies/15406/el-amen-sante/
Keejob,Retail Relationship Manager,,Tunis,2026-04-27,https://www.keejob.com/offres-emploi/companies/11980/abc-bank/
Keejob,ADMINISTRATION DES AFFAIRES,,Ben Arous,2026-04-27,https://www.keejob.com/offres-emploi/239947/charge-daffaire/
Keejob,Ingénieur(e) Production  Génie Brassicole,,Tunis,2026-04-27,https://www.keejob.com/offres-emploi/companies/4836/sfbt/
Keejob,TECHNICIEN QUALITE,,Ben Arous,2026-04-27,https://www.keejob.com/offres-emploi/239917/technicien-qualite/
Keejob,Assistante Administrative,,Ben Arous,2026-04-27,https://www.keejob.com/offres-emploi/239918/assistante-administrative/
Keejob,RESPONSABLE COMPTABILITE ET FINANCE,,Ben Arous,2026-04-27,https://www.keejob.com/offres-emploi/239919/responsable-comptabilite-et-finance/
Keejob,Responsable Assurance,,Tunis,2026-04-27,https://www.keejob.com/offres-emploi/companies/4836/sfbt/
Keejob,Contrôleur de Gestion Groupe (H/F),,Sousse,2026-04-27,https://www.keejob.com/offres-emploi/companies/12393/recrutement-rhg/
Keejob,Chargé SSE (F),,Tunis,2026-04-27,https://www.keejob.com/offres-emploi/companies/34732/nerolia/
Keejob,Conducteur de Station STEP,,Tunis,2026-04-27,https://www.keejob.com/offres-emploi/companies/34732/nerolia/
Keejob,Responsable maintenance électrique,,Ben Arous,2026-04-27,https://www.keejob.com/offres-emploi/239920/responsable-maintenance-%C3%A9lectrique/
Keejob,Agent de chargement,,Sfax,2026-04-27,https://www.keejob.com/offres-emploi/239925/agent-de-chargement/
Keejob,Technicien Sécurité et Accueil (Fejja),,La Manouba,2026-04-27,https://www.keejob.com/offres-emploi/companies/11711/sotuchoc/
Keejob,Manager/ Assistant Manager Zara Tunis City,,Ariana,2026-04-27,https://www.keejob.com/offres-emploi/companies/7292/tuntex/
Keejob,Store Manager Azur city,,Tunis,2026-04-27,https://www.keejob.com/offres-emploi/239931/store-manager-azur-city/
Keejob,Directeur d'Usine  Confection Sport,,Sousse,2026-04-27,https://www.keejob.com/offres-emploi/239936/directeur-dusine-confection-sport/
Keejob,Assistant d'Accueil,,Tunis,2026-04-27,https://www.keejob.com/offres-emploi/companies/27340/go-pro/
Keejob,Assistante / Aide maternelle en crèche,,Tunis,2026-04-27,https://www.keejob.com/offres-emploi/companies/32369/ecole-internationale-de-carthage/
Keejob,"Éducatrice de crèche, Tunis.",,Tunis,2026-04-27,https://www.keejob.com/offres-emploi/companies/32369/ecole-internationale-de-carthage/
Keejob,Commercial,,Ariana,2026-04-27,https://www.keejob.com/offres-emploi/companies/33081/medways-international/
Keejob,Ingénieur(e) Électrique,,Tunis,2026-04-27,https://www.keejob.com/offres-emploi/companies/34508/arwa-bim-and-design/
Keejob,Graphiste,,Kairouan,2026-04-27,https://www.keejob.com/offres-emploi/239940/graphiste/
Keejob,MANAGER COLLECTE DE FONDS,,Tunis,2026-04-27,https://www.keejob.com/offres-emploi/companies/13148/sos-village/
Keejob,ASSIST DE DIRECTION TECHNIQUE &ADMINISTRATIVE,,Tunis,2026-04-27,https://www.keejob.com/offres-emploi/companies/26669/express-batiment/
Keejob,Technicien de Production,,Béja,2026-04-27,https://www.keejob.com/offres-emploi/239950/technicien-de-production/
Keejob,TECHNICIEN SUPÉRIEUR  MÉCANIQUE,,Béja,2026-04-27,https://www.keejob.com/offres-emploi/239949/technicien-sup%C3%A9rieur-m%C3%A9canique/
Keejob,Dessinateur Armatures,,Ariana,2026-04-27,https://www.keejob.com/offres-emploi/companies/30995/sjh-structures/
Keejob,Conducteur de Travaux (Immeubles/100%Terrain),,Tunis,2026-04-27,https://www.keejob.com/offres-emploi/companies/26669/express-batiment/
Keejob,Électricien,,Nabeul,2026-04-27,https://www.keejob.com/offres-emploi/companies/13535/elmazraa/
Keejob,Chargé GRH,,Nabeul,2026-04-27,https://www.keejob.com/offres-emploi/companies/13535/elmazraa/
Keejob,Chargé(e) de Marketing Digital,,Médenine,2026-04-27,https://www.keejob.com/offres-emploi/companies/31633/day-truck/
Keejob,Responsable Achats,,Zaghouan,2026-04-27,https://www.keejob.com/offres-emploi/239960/responsable-achats/
Keejob,Professeur de Mathématiques,,Tunis,2026-04-27,https://www.keejob.com/offres-emploi/companies/32369/ecole-internationale-de-carthage/
Keejob,Professeur d'Histoire Géo,,Tunis,2026-04-27,https://www.keejob.com/offres-emploi/companies/32369/ecole-internationale-de-carthage/
Keejob,Professeur(e) d'allemand,,Tunis,2026-04-27,https://www.keejob.com/offres-emploi/companies/32369/ecole-internationale-de-carthage/
Keejob,Professeur déducation physique et sportive,,Tunis,2026-04-27,https://www.keejob.com/offres-emploi/companies/32369/ecole-internationale-de-carthage/
Keejob,Ingénieur Maintenance,,La Manouba,2026-04-27,https://www.keejob.com/offres-emploi/companies/17388/laboratoire-thera/
Keejob,Professeur(e) d'anglais,,Tunis,2026-04-27,https://www.keejob.com/offres-emploi/companies/32369/ecole-internationale-de-carthage/
Keejob,02 chef de projet Injection plastique,,Zaghouan,2026-04-27,https://www.keejob.com/offres-emploi/companies/6220/plastic-electromechanic-company/
Keejob,Responsable atelier Mécanique,,Zaghouan,2026-04-27,https://www.keejob.com/offres-emploi/companies/6220/plastic-electromechanic-company/
Keejob,Technicien maintenance injection plastique,,Zaghouan,2026-04-27,https://www.keejob.com/offres-emploi/companies/6220/plastic-electromechanic-company/
Keejob,ingenieur génie matériaux/chimie procédés,,Ben Arous,2026-04-27,https://www.keejob.com/offres-emploi/239984/ingenieur-g%C3%A9nie-mat%C3%A9riauxchimie-proc%C3%A9d%C3%A9s/
Keejob,Assistante médicale,,Ariana,2026-04-27,https://www.keejob.com/offres-emploi/companies/34838/cabinet-medical-specialiste-en-rhumatologie/
Keejob,comptable,,Ben Arous,2026-04-27,https://www.keejob.com/offres-emploi/239404/comptable/
Keejob,Assistant logistique stock,,Ben Arous,2026-04-27,https://www.keejob.com/offres-emploi/companies/2820/sotubi/
Keejob,Integration Engineer (Python),,Tunis,2026-04-27,https://www.keejob.com/offres-emploi/companies/20695/binitns/
Keejob,ingénieur génie civil expérimenté,,Sfax,2026-04-26,https://www.keejob.com/offres-emploi/companies/30854/societe-loukil-controle/
Keejob,HOTESSE D'ACCUEIL,,Ben Arous,2026-04-26,https://www.keejob.com/offres-emploi/companies/33672/market-5/
Keejob,agent immobilier,,Sousse,2026-04-26,https://www.keejob.com/offres-emploi/companies/12797/tecnocasa-sahloul/
Keejob,assitante financiere,,Tunis,2026-04-26,https://www.keejob.com/offres-emploi/239894/assitante-financiere/
Keejob,TOPOGRAPHE,,Tunis,2026-04-26,https://www.keejob.com/offres-emploi/companies/33864/societe-des-travaux-nord/
Keejob,Responsable marketing - marque de meuble,,Ariana,2026-04-26,https://www.keejob.com/offres-emploi/companies/34928/indoor-deco/
Keejob,TECHNICIEN RÉGLEUR / PROGRAMMEUR FRAISAGE CNC,,Mahdia,2026-04-26,https://www.keejob.com/offres-emploi/companies/25628/mecatech-industrie/
Keejob,INGENIEUR EN GENIE CIVIL,,Tunis,2026-04-26,https://www.keejob.com/offres-emploi/companies/33864/societe-des-travaux-nord/
Keejob,Agent Immobilier,,Ariana,2026-04-26,https://www.keejob.com/offres-emploi/companies/26561/new-key-la-soukra/
Keejob,CHARGE DES RELATIONS SOCIALES H/F,,Zaghouan,2026-04-26,https://www.keejob.com/offres-emploi/companies/30535/c2e-tn/
Keejob,Secretaire comptable,,Tunis,2026-04-26,https://www.keejob.com/offres-emploi/239879/secretaire-comptable/
Keejob,TECHNICIEN SUPERIEUR EN BIOLOGIE MEDICALE,,Tunis,2026-04-26,https://www.keejob.com/offres-emploi/companies/35045/la-precision/
Keejob,Assistante de direction,,Ariana,2026-04-25,https://www.keejob.com/offres-emploi/239185/assistante-de-direction/
Keejob,Un Responsable de point de vente (Manager),,Bizerte,2026-04-25,https://www.keejob.com/offres-emploi/companies/31/fatales/
Keejob,Assistante Comptable,,Tunis,2026-04-25,https://www.keejob.com/offres-emploi/companies/27713/haimour-in/
Keejob,OPERATEUR MACHINE CNC,,Ben Arous,2026-04-25,https://www.keejob.com/offres-emploi/companies/11128/tunicast/
Keejob,des tôliers et peintres automobiles,,Ariana,2026-04-25,https://www.keejob.com/offres-emploi/companies/26236/autop-tunisie/
Keejob,Chargé Système Qualité,,La Manouba,2026-04-25,https://www.keejob.com/offres-emploi/companies/17388/laboratoire-thera/
Keejob,Consultant(e) en Recrutement bilingue,,Tunis,2026-04-25,https://www.keejob.com/offres-emploi/companies/159/crit/
Keejob,Technico-Commerciale,,Sfax,2026-04-24,https://www.keejob.com/offres-emploi/companies/31966/green-energy-company/
Keejob,Représentant Commercial /Région Nord-Ouest/,,Béja,2026-04-24,https://www.keejob.com/offres-emploi/companies/17517/deutschcolor/
Keejob,Responsable de Production,,Tunis,2026-04-24,https://www.keejob.com/offres-emploi/companies/34545/republic-of-mlawi/
Keejob,RESPPONSABLE MAINTENANCE,,Kairouan,2026-04-24,https://www.keejob.com/offres-emploi/companies/17517/deutschcolor/
Keejob,Technicien de laboratoire CQ,,Tunis,2026-04-24,https://www.keejob.com/offres-emploi/companies/17060/ceva-s-a-tunisie/
Keejob,Chef déquipe usinage,,Sousse,2026-04-24,https://www.keejob.com/offres-emploi/239857/team-leader-chef-d%C3%A9quipe-usinage/
Keejob,Ingèneur en inrastructure,,Ben Arous,2026-04-24,https://www.keejob.com/offres-emploi/239867/ingenieur-en-inrastructure/
Keejob,Analystes Financiers,,Tunis,2026-04-24,https://www.keejob.com/offres-emploi/companies/159/crit/
Keejob,Aide-soignante,,Ariana,2026-04-24,https://www.keejob.com/offres-emploi/companies/32394/convalescence-le-havre-el-menzah/
Keejob,télésecrétaire médicale,,Tunis,2026-04-24,https://www.keejob.com/offres-emploi/companies/30610/radio-sec/
Keejob,Ingénieur Commercial,,Ben Arous,2026-04-24,https://www.keejob.com/offres-emploi/companies/159/crit/
Keejob,Responsable Sécurité SI,,Ariana,2026-04-24,https://www.keejob.com/offres-emploi/companies/225/phoneact/
Keejob,Préparatrice  en parapharmacie,,Tunis,2026-04-24,https://www.keejob.com/offres-emploi/companies/28297/terres-des-lys/
Keejob,Styliste Modéliste,,Monastir,2026-04-24,https://www.keejob.com/offres-emploi/239834/styliste-mod%C3%A9liste/
Keejob,Chef de parc,,La Manouba,2026-04-24,https://www.keejob.com/offres-emploi/239832/chef-de-parc/
Keejob,Chargé(e) Études de Prix / Chef de Projet TCE,,Tunis,2026-04-24,https://www.keejob.com/offres-emploi/239823/charg%C3%A9e-%C3%A9tudes-de-prix-chef-de-projet-tce/
Keejob,Technicien en Génie Civil,,Ariana,2026-04-24,https://www.keejob.com/offres-emploi/239825/technicien-en-g%C3%A9nie-civil/
Keejob,Coursier,,La Manouba,2026-04-24,https://www.keejob.com/offres-emploi/companies/31019/longchamp/
Keejob,Ingénieur genie élécrique,,Ben Arous,2026-04-24,https://www.keejob.com/offres-emploi/239510/ingenieur-genie-electrique/
Keejob,Responsable d'Agence/ Branch Manager,,Tunis,2026-04-23,https://www.keejob.com/offres-emploi/companies/11980/abc-bank/
Keejob,Télévendeur en Mutuelle Santé - Sousse,,Sousse,2026-04-23,https://www.keejob.com/offres-emploi/companies/232/assist-assur/
Keejob,Expert en Conformité Financière et LCB-FT,,Tunis,2026-04-23,https://www.keejob.com/offres-emploi/companies/159/crit/
Keejob,secrétariat medical télétravail,,Tunis,2026-04-23,https://www.keejob.com/offres-emploi/companies/4799/zariat/
Keejob,Resp.Efficacité Energétique Utilités,,La Manouba,2026-04-23,https://www.keejob.com/offres-emploi/companies/15790/etablissements-abdelmoula/
Keejob,Gestionnaire des Services Généraux,,Ariana,2026-04-23,https://www.keejob.com/offres-emploi/companies/9622/ibn-al-baytar/
Keejob,Chargé recouvrement Ariana/Djerba/Gafsa/Tunis,,Tunis,2026-04-23,https://www.keejob.com/offres-emploi/companies/8630/cfe-tunie/
Keejob,Chargé Crédit Sousse Moknine/ Monastir Akouda,,Tunis,2026-04-23,https://www.keejob.com/offres-emploi/companies/8630/cfe-tunie/
Keejob,Délégué médical - secteur nord,,Tunis,2026-04-23,https://www.keejob.com/offres-emploi/companies/9622/ibn-al-baytar/
Keejob,Délégué médical - secteur centre,,Monastir,2026-04-23,https://www.keejob.com/offres-emploi/companies/9622/ibn-al-baytar/
Keejob,HR Supervisor,,Ariana,2026-04-23,https://www.keejob.com/offres-emploi/companies/9622/ibn-al-baytar/
Keejob,Conseiller Commercial,,Tunis,2026-04-23,https://www.keejob.com/offres-emploi/companies/891/active-contact/
Keejob,Gestionnaire opérations de transit,,Ariana,2026-04-23,https://www.keejob.com/offres-emploi/companies/9622/ibn-al-baytar/
Keejob,Assistante juridique et administrative [H/F],,La Manouba,2026-04-23,https://www.keejob.com/offres-emploi/companies/12807/vdi-group/
Keejob,Pharmacien/Ingénieur Affaires Réglementaires,,Ben Arous,2026-04-23,https://www.keejob.com/offres-emploi/239838/pharmaciening%C3%A9nieur-affaires-r%C3%A9glementaires/
Keejob,Chef/Cheffe comptable [H/F]  CDI - Manouba,,La Manouba,2026-04-23,https://www.keejob.com/offres-emploi/companies/12807/vdi-group/
Keejob,Le Chargé(e) au centre d'appel,,Tunis,2026-04-23,https://www.keejob.com/offres-emploi/companies/8630/cfe-tunie/
Keejob,Monteur régleur moule injection plastique,,Sfax,2026-04-23,https://www.keejob.com/offres-emploi/239847/monteur-r%C3%A9gleur-moule-injection-plastique/
Keejob,Quality Responsible,,Béja,2026-04-23,https://www.keejob.com/offres-emploi/companies/16391/aptiv/
Keejob,Souscripteur Risque Divers et Engineering,,Tunis,2026-04-23,https://www.keejob.com/offres-emploi/companies/17497/assurances-comar/
Keejob,Responsable ICT,,Tunis,2026-04-23,https://www.keejob.com/offres-emploi/companies/159/crit/
Keejob,Commercial vehicules neufs,,Sfax,2026-04-23,https://www.keejob.com/offres-emploi/239805/commercial-v%C3%A9hicules-neufs-vn/
Keejob,Expert(e) en visa,,Tunis,2026-04-23,https://www.keejob.com/offres-emploi/companies/34934/bourse-dream/
Keejob,Conseiller(ère) en Bourses Universitaires,,Tunis,2026-04-23,https://www.keejob.com/offres-emploi/companies/34934/bourse-dream/
Keejob,"Téléconseillers (Appels, Chat & Email)",,Tunis,2026-04-23,https://www.keejob.com/offres-emploi/companies/225/phoneact/
Keejob,Commerciale Back Office,,Sfax,2026-04-23,https://www.keejob.com/offres-emploi/companies/13303/alliance-label/
Keejob,Adjoint Technique Stock & Approvisionnement,,Ben Arous,2026-04-23,https://www.keejob.com/offres-emploi/companies/23820/stram/
Keejob,ingénieur en Electromécanique,,Sfax,2026-04-23,https://www.keejob.com/offres-emploi/companies/30755/dar-essaydali/
Keejob,Directeur Général Filiale (H/F),,Sfax,2026-04-23,https://www.keejob.com/offres-emploi/239104/directeur-g%C3%A9n%C3%A9ral-filiale-hf/
Keejob,Technicien(ne)s en Anesthésie et Réanimation,,Nabeul,2026-04-23,https://www.keejob.com/offres-emploi/companies/15406/el-amen-sante/
Keejob,Sages-femmes,,Tunis,2026-04-23,https://www.keejob.com/offres-emploi/companies/15406/el-amen-sante/
Keejob,Transport Specialist,,Sousse,2026-04-23,https://www.keejob.com/offres-emploi/companies/13089/veo-worldwide-services/
Keejob,MAGASINIER/MAGASINIERE,,Ben Arous,2026-04-23,https://www.keejob.com/offres-emploi/239092/magasiniermagasiniere/
Keejob,Coordinateur Logistique et Achats,,Ben Arous,2026-04-23,https://www.keejob.com/offres-emploi/companies/159/crit/
Keejob,BTP Mécanique (N),,Ben Arous,2026-04-23,https://www.keejob.com/offres-emploi/companies/11711/sotuchoc/
Keejob,Chargé des Moyens Généraux,,Ben Arous,2026-04-23,https://www.keejob.com/offres-emploi/companies/23820/stram/
Keejob,Coordinateur Supply Chain InterSites,,Ariana,2026-04-23,https://www.keejob.com/offres-emploi/companies/11364/asteel-flash/
Keejob,Assitante Logistique,,Ben Arous,2026-04-23,https://www.keejob.com/offres-emploi/companies/12123/aqualux/
Keejob,Chargé(e) Administration des Ventes,,Ben Arous,2026-04-23,https://www.keejob.com/offres-emploi/companies/23820/stram/
Keejob,Ingénieur Hydraulique confirmé,,Tunis,2026-04-23,https://www.keejob.com/offres-emploi/companies/281/scet-tunisie/
Keejob,Ingénieur d'affaires,,Tunis,2026-04-23,https://www.keejob.com/offres-emploi/companies/281/scet-tunisie/
Keejob,Urbaniste,,Tunis,2026-04-23,https://www.keejob.com/offres-emploi/companies/281/scet-tunisie/
Keejob,Ingénieur Structures,,Tunis,2026-04-23,https://www.keejob.com/offres-emploi/companies/281/scet-tunisie/
Keejob,Spécialiste Flux Logistique,,Sousse,2026-04-23,https://www.keejob.com/offres-emploi/companies/13089/veo-worldwide-services/
Keejob,Assistante administrative et daccueil,,Tunis,2026-04-23,https://www.keejob.com/offres-emploi/companies/159/crit/
Keejob,Controlling Specialist,,Tunis,2026-04-23,https://www.keejob.com/offres-emploi/companies/13089/veo-worldwide-services/
Keejob,International Payments Officer-Domiciliation.,,Tunis,2026-04-22,https://www.keejob.com/offres-emploi/companies/11980/abc-bank/
Keejob,Assistante qualité,,Ben Arous,2026-04-22,https://www.keejob.com/offres-emploi/companies/13257/tunifroid-sarl/
Keejob,Responsable commercial pharmaceutique,,Monastir,2026-04-22,https://www.keejob.com/offres-emploi/239772/responsable-commercial-pharmaceutique/
Keejob,Technicien superieur labo,,Ariana,2026-04-22,https://www.keejob.com/offres-emploi/companies/859/pharmaghreb/
Keejob,Ingénieur   affaires réglementaires,,Ariana,2026-04-22,https://www.keejob.com/offres-emploi/companies/859/pharmaghreb/
Keejob,operateur de fabrication formes pâteuses,,Ariana,2026-04-22,https://www.keejob.com/offres-emploi/companies/859/pharmaghreb/
Keejob,Architecte d'Intérieur,,La Manouba,2026-04-22,https://www.keejob.com/offres-emploi/companies/34976/concept-market-et-design-arredamenti/
Keejob,Sales Development Representative (H/F),,Tunis,2026-04-22,https://www.keejob.com/offres-emploi/companies/891/active-contact/
Keejob,Technicien Maintenance,,Bizerte,2026-04-22,https://www.keejob.com/offres-emploi/239759/technicien-maintenance/
Keejob,Chief Accountant,,Béja,2026-04-22,https://www.keejob.com/offres-emploi/companies/16391/aptiv/
Keejob,Ingénieur en Génie Industriel,,Ben Arous,2026-04-22,https://www.keejob.com/offres-emploi/239771/ing%C3%A9nieur-en-g%C3%A9nie-industriel/
Keejob,ingénieur en géotechnique,,Tunis,2026-04-22,https://www.keejob.com/offres-emploi/companies/29671/adaptasol/
Keejob,Assistant(e) de Production Pédagogique,,Tunis,2026-04-22,https://www.keejob.com/offres-emploi/companies/35017/youthna/
Keejob,Responsable études et chiffrage,,Ben Arous,2026-04-22,https://www.keejob.com/offres-emploi/companies/31866/tunisie-profiles-aluminium/
Keejob,Gestionnaire (Pointages & Moyens Généraux),,Ben Arous,2026-04-22,https://www.keejob.com/offres-emploi/239766/gestionnaire-pointages-moyens-g%C3%A9n%C3%A9raux/
Keejob,Chargé de données ERP /(junior intelligent),,Mahdia,2026-04-22,https://www.keejob.com/offres-emploi/239765/charg%C3%A9-de-donn%C3%A9es-erp-junior-intelligent/
Keejob,Gabes-Commerciaux terrain en Microfinance,,Gabes,2026-04-22,https://www.keejob.com/offres-emploi/companies/5169/advans-tunisie/
Keejob,Sfax-Commerciaux terrain en Microfinance,,Tunis,2026-04-22,https://www.keejob.com/offres-emploi/companies/5169/advans-tunisie/
Keejob,Chargée de Recrutement - Pôle Carthago Brick.,,Zaghouan,2026-04-22,https://www.keejob.com/offres-emploi/companies/28304/ste-carthago-sanitaire/
Keejob,Assistante d'accueil,,Tunis,2026-04-22,https://www.keejob.com/offres-emploi/companies/9614/argania-distribution-sarl/
Keejob,AI Designer,,Tunis,2026-04-22,https://www.keejob.com/offres-emploi/companies/198/poulina-group-holding/
Keejob,Graphiste / Photographe (Freelance),,Ben Arous,2026-04-22,https://www.keejob.com/offres-emploi/companies/4598/confidentiel/
Keejob,Chef d'équipe (H/F),,Bizerte,2026-04-22,https://www.keejob.com/offres-emploi/companies/73/techniplast-industrie/
Keejob,INGENIEUR CONCEPTION CATIA TRIM,,Tunis,2026-04-22,https://www.keejob.com/offres-emploi/companies/31140/ennopulse/
Keejob,Customer Service & Operations Coordinator,,Ariana,2026-04-22,https://www.keejob.com/offres-emploi/companies/32616/premier-dealers-solutions/
Keejob,Responsable point de vente,,Sfax,2026-04-22,https://www.keejob.com/offres-emploi/companies/35054/crk-stores/
Keejob,Ingénieur Génie Civil  Réhabilitation H/F,,Tunis,2026-04-22,https://www.keejob.com/offres-emploi/companies/29715/sinistre-expertscom/
Keejob,Coordinateur de Dév Communautaire et Social,,Tunis,2026-04-22,https://www.keejob.com/offres-emploi/companies/13148/sos-village/
Keejob,commercial,,Tunis,2026-04-22,https://www.keejob.com/offres-emploi/239734/commercial/
Keejob,Billetiste,,Tunis,2026-04-22,https://www.keejob.com/offres-emploi/companies/34957/rahi-travels/
Keejob,Développeur  (React / Node.js),,Sfax,2026-04-22,https://www.keejob.com/offres-emploi/companies/35049/yuma/
Keejob,DEMANDE D'EMPLOI,,Ben Arous,2026-04-22,https://www.keejob.com/offres-emploi/companies/35035/leader-%C3%A9lectricit%C3%A9/
Keejob,Technical Sales Representative (Pharma),,Tunis,2026-04-22,https://www.keejob.com/offres-emploi/239671/technical-sales-representative-pharma/
Keejob,Technicien supérieur en conception mécanique,,Bizerte,2026-04-22,https://www.keejob.com/offres-emploi/239499/technicien-sup%C3%A9rieur-en-conception-m%C3%A9canique/
Keejob,AGENT DE RECOUVREMENT,,Zaghouan,2026-04-22,https://www.keejob.com/offres-emploi/238988/agent-de-recouvrement/
Keejob,Vendeur / Préparateur de Jus - TUNIS,,Tunis,2026-04-22,https://www.keejob.com/offres-emploi/companies/19405/bariolo/
Keejob,Superviseur Porte à Porte,,Tunis,2026-04-22,https://www.keejob.com/offres-emploi/companies/2820/sotubi/
Keejob,Verkaufsberater(in) - DACH,,Tunis,2026-04-22,https://www.keejob.com/offres-emploi/companies/16116/national-pen/
Keejob,Assistant(e) développement analytique,,Tunis,2026-04-22,https://www.keejob.com/offres-emploi/companies/13426/adwya/
Keejob,Téléconseillers pédagogiques,,Ariana,2026-04-22,https://www.keejob.com/offres-emploi/companies/991/almaviva/
Keejob,Chauffeur Livreur,,Tunis,2026-04-22,https://www.keejob.com/offres-emploi/239038/chauffeur-livreur/
Keejob,Ingénieur acheteur,,Tunis,2026-04-22,https://www.keejob.com/offres-emploi/239030/ing%C3%A9nieur-acheteur/
Keejob,Planificateur,,Ariana,2026-04-22,https://www.keejob.com/offres-emploi/companies/11364/asteel-flash/
Keejob,Vendeur / Préparateur de Jus - MALL OF SOUSSE,,Sousse,2026-04-22,https://www.keejob.com/offres-emploi/companies/19405/bariolo/
Keejob,Assistante technico-commerciale & back office,,Tunis,2026-04-22,https://www.keejob.com/offres-emploi/companies/4966/onetech-holding/
Keejob,Technicien TRAVAUX NEUFS,,Ben Arous,2026-04-22,https://www.keejob.com/offres-emploi/companies/2820/sotubi/
Keejob,Commercial B2B Sousse,,Sousse,2026-04-22,https://www.keejob.com/offres-emploi/companies/14383/cpl-jobs/
Keejob,Commercial(e)  Secteur Sanitaire,,Tunis,2026-04-22,https://www.keejob.com/offres-emploi/companies/14383/cpl-jobs/
Keejob,Pharmacien Assistant CQ,,Zaghouan,2026-04-22,https://www.keejob.com/offres-emploi/companies/20639/les-laboratoires-teriak/
Keejob,Commercial B2B Bizerte,,Bizerte,2026-04-22,https://www.keejob.com/offres-emploi/companies/14383/cpl-jobs/
Keejob,Pharmacien Assistant production,,Zaghouan,2026-04-22,https://www.keejob.com/offres-emploi/companies/20639/les-laboratoires-teriak/
Keejob,Responsable Achat-approvisionnement,,Nabeul,2026-04-21,https://www.keejob.com/offres-emploi/companies/33179/conecta-tunisie-sarl/
Keejob,People Growth & Acquisition Specialist,,Sousse,2026-04-21,https://www.keejob.com/offres-emploi/companies/6665/huber-suhner/
Keejob,Warehouse Supervisor,,Sousse,2026-04-21,https://www.keejob.com/offres-emploi/companies/6665/huber-suhner/
Keejob,Superviseur d'équipe Commerciale Zone:BIZERTE,,Bizerte,2026-04-21,https://www.keejob.com/offres-emploi/companies/7002/groupe-judy/
Keejob,ASSISTANTE SERVICE MP ET APPROVISIONNEMENT,,Sousse,2026-04-21,https://www.keejob.com/offres-emploi/companies/23213/lp-paint/
Keejob,Stratifieur,,Tunis,2026-04-21,https://www.keejob.com/offres-emploi/companies/159/crit/
Keejob,Recrutement de 80 Agents saisonniers,,Tunis,2026-04-21,https://www.keejob.com/offres-emploi/companies/24057/cma/
Keejob,Assistante  administrative,,Ariana,2026-04-21,https://www.keejob.com/offres-emploi/239706/assistante-administrative/
Keejob,Technicien Support Matériels,,Sousse,2026-04-21,https://www.keejob.com/offres-emploi/companies/12393/recrutement-rhg/
Keejob,Ingénieur Génie Civil,,La Manouba,2026-04-21,https://www.keejob.com/offres-emploi/companies/34365/ste-moderne/
Keejob,Instrumentiste,,Tunis,2026-04-21,https://www.keejob.com/offres-emploi/companies/21337/clinique-el-manar/
Keejob,Payroll & HRIS Specialist,,Sousse,2026-04-21,https://www.keejob.com/offres-emploi/companies/6665/huber-suhner/
Keejob,Technicien en anesthésie réanimation,,Tunis,2026-04-21,https://www.keejob.com/offres-emploi/companies/21337/clinique-el-manar/
Keejob,Technicien sup en  radiologie,,Tunis,2026-04-21,https://www.keejob.com/offres-emploi/companies/21337/clinique-el-manar/
Keejob,Coordinateur(trice)  Accueil Familial,,Tunis,2026-04-21,https://www.keejob.com/offres-emploi/companies/13148/sos-village/
Keejob,Vendeur/ Caissier Bershka Tunisia Mall,,Ariana,2026-04-21,https://www.keejob.com/offres-emploi/companies/7292/tuntex/
Keejob,Un(e) Chargé(e) Vente en Ligne,,La Manouba,2026-04-21,https://www.keejob.com/offres-emploi/companies/25006/ben-yaghlane-shops/
Keejob,Conducteur machine,,Zaghouan,2026-04-21,https://www.keejob.com/offres-emploi/companies/20639/les-laboratoires-teriak/
Keejob,Aide comptable,,Tunis,2026-04-21,https://www.keejob.com/offres-emploi/companies/33605/bistro-du-coin/
Keejob,Conseiller(ère) Voyages,,Tunis,2026-04-21,https://www.keejob.com/offres-emploi/239705/conseiller%C3%A8re-voyages-exp%C3%A9riment%C3%A9e/
Keejob,Ingénieur Développement Test FCT (H/F),,Ariana,2026-04-21,https://www.keejob.com/offres-emploi/companies/11364/asteel-flash/
Keejob,Comptable fournisseur,,Ariana,2026-04-21,https://www.keejob.com/offres-emploi/companies/11364/asteel-flash/
Keejob,Approvisionneur,,Ariana,2026-04-21,https://www.keejob.com/offres-emploi/companies/11364/asteel-flash/
Keejob,Agent de magasin,,Tunis,2026-04-21,https://www.keejob.com/offres-emploi/companies/34103/ortho-tunis/
Keejob,Assistante Commerciale,,Tunis,2026-04-21,https://www.keejob.com/offres-emploi/companies/33480/freedom-travel/
Keejob,Ouvrier Qualifié,,Sfax,2026-04-21,https://www.keejob.com/offres-emploi/companies/34319/med-industrie/
Keejob,Agent de comptabilité,,Tunis,2026-04-21,https://www.keejob.com/offres-emploi/companies/32299/applied-social-science-forum/
Keejob,Receptionniste,,Monastir,2026-04-21,https://www.keejob.com/offres-emploi/companies/33367/medispa-tunisie/
Keejob,Archiviste,,Sousse,2026-04-21,https://www.keejob.com/offres-emploi/companies/33737/societe-de-nutrition-animale-sa/
Keejob,Technicien maintenance,,Sfax,2026-04-21,https://www.keejob.com/offres-emploi/companies/30755/dar-essaydali/
Keejob,Responsable recherche et développement,,Ben Arous,2026-04-21,https://www.keejob.com/offres-emploi/companies/31866/tunisie-profiles-aluminium/
Keejob,Ingénieur Maintenance & Infrastructures,,Tunis,2026-04-21,https://www.keejob.com/offres-emploi/companies/15790/etablissements-abdelmoula/
Keejob,Chef de Projet Validation,,Sousse,2026-04-21,https://www.keejob.com/offres-emploi/companies/159/crit/
Keejob,Compliance Officer,,Nabeul,2026-04-21,https://www.keejob.com/offres-emploi/companies/34077/fresenius-kabi-bir-drassen/
Keejob,Technicien de Maintenance,,Sousse,2026-04-21,https://www.keejob.com/offres-emploi/companies/6665/huber-suhner/
Keejob,Stagiaire Help Desk,,Tunis,2026-04-21,https://www.keejob.com/offres-emploi/companies/891/active-contact/
Keejob,Chef de Projet Produit,,Sousse,2026-04-21,https://www.keejob.com/offres-emploi/companies/159/crit/
Keejob,Assistant Manager Stradivarius Mall of Sfax,,Sfax,2026-04-21,https://www.keejob.com/offres-emploi/companies/7292/tuntex/
Keejob,Responsable Fraude  Poste basé à Gafsa,,Ben Arous,2026-04-21,https://www.keejob.com/offres-emploi/companies/4598/confidentiel/
Keejob,Vendeur/ Caissier TAO Manar city,,Ariana,2026-04-21,https://www.keejob.com/offres-emploi/companies/7292/tuntex/
Keejob,Agent Magasin,,Nabeul,2026-04-21,https://www.keejob.com/offres-emploi/companies/34077/fresenius-kabi-bir-drassen/
Keejob,Conseillers en assurance Mutuelle Santé,,Ariana,2026-04-21,https://www.keejob.com/offres-emploi/companies/182/phoneworld/
Keejob,Responsable Gestion des Archives Groupe,,Sousse,2026-04-21,https://www.keejob.com/offres-emploi/companies/12393/recrutement-rhg/
Keejob,Vendeur/ Caissier Lefties Mall of Sousse,,Sousse,2026-04-21,https://www.keejob.com/offres-emploi/companies/7292/tuntex/
Keejob,Responsable Régional  Export,,Sousse,2026-04-21,https://www.keejob.com/offres-emploi/companies/12393/recrutement-rhg/
Keejob,Expert(e) en Aménagement du Territoire,,Tunis,2026-04-21,https://www.keejob.com/offres-emploi/companies/281/scet-tunisie/
Keejob,HR Manager,,Sousse,2026-04-20,https://www.keejob.com/offres-emploi/companies/159/crit/
Keejob,Responsable commercial,,Tunis,2026-04-20,https://www.keejob.com/offres-emploi/companies/22001/key-values/
Keejob,Ingénieur Génie Civil (Promotion Immobilière),,Tunis,2026-04-20,https://www.keejob.com/offres-emploi/239662/ing%C3%A9nieur-g%C3%A9nie-civil-promotion-immobili%C3%A8re/
Keejob,ADDETTO RECUPERO CREDITI E ALLA FATTURAZIONE,,Ariana,2026-04-20,https://www.keejob.com/offres-emploi/companies/1228/infopro/
Keejob,SUPPORT CLIENT,,Ariana,2026-04-20,https://www.keejob.com/offres-emploi/companies/1228/infopro/
Keejob,CHARGÉ DE RECOUVREMENT ET DE FACTURATION,,Ariana,2026-04-20,https://www.keejob.com/offres-emploi/companies/1228/infopro/
Keejob,Point Cloud Processing Specialist,,Tunis,2026-04-20,https://www.keejob.com/offres-emploi/companies/34880/eagleprojects-tunisia/
Keejob,Vendeur/ Caissier Celio Nabeul,,Nabeul,2026-04-20,https://www.keejob.com/offres-emploi/companies/7292/tuntex/
Keejob,Chargé(e )  déviation et réclamation client,,Zaghouan,2026-04-20,https://www.keejob.com/offres-emploi/companies/20639/les-laboratoires-teriak/
Keejob,Magasiner PDR PEC,,Zaghouan,2026-04-20,https://www.keejob.com/offres-emploi/companies/6220/plastic-electromechanic-company/
Keejob,Opérateur-Technicien en imprimerie numérique,,Tunis,2026-04-20,https://www.keejob.com/offres-emploi/239676/op%C3%A9rateur-technicien-en-imprimerie-num%C3%A9rique/
Keejob,Vendeur/ Caissier Celio Lac,,Tunis,2026-04-20,https://www.keejob.com/offres-emploi/companies/7292/tuntex/
Keejob,"Chargé de crédit SFAX, MNIHLA",,Tunis,2026-04-20,https://www.keejob.com/offres-emploi/companies/8630/cfe-tunie/
Keejob,Ingénieur projet (H/F),,Bizerte,2026-04-20,https://www.keejob.com/offres-emploi/companies/73/techniplast-industrie/
Keejob,Assistant(e) Exploitation Transport Fret,,Tunis,2026-04-20,https://www.keejob.com/offres-emploi/companies/34058/log-xpress-internaionnal/
Keejob,Commercial(e),,Tunis,2026-04-20,https://www.keejob.com/offres-emploi/companies/35026/cifc/
Keejob,Réceptionniste,,Nabeul,2026-04-20,https://www.keejob.com/offres-emploi/companies/26244/labvet-international-soliman/
Keejob,Conseillers Commerciaux en Assurances (H/F),,Tunis,2026-04-20,https://www.keejob.com/offres-emploi/companies/232/assist-assur/
Keejob,Chargé(e) d'Appels d'Offres,,Ben Arous,2026-04-20,https://www.keejob.com/offres-emploi/239646/charg%C3%A9e-dappels-doffres/
Keejob,Agent transit,,Tunis,2026-04-20,https://www.keejob.com/offres-emploi/companies/159/crit/
Keejob,Commercial Assurance Expérimenté(Prév-santé),,Ariana,2026-04-20,https://www.keejob.com/offres-emploi/companies/6816/groupe-sodedif/
Keejob,Technicien Assurance Qualité,,Zaghouan,2026-04-20,https://www.keejob.com/offres-emploi/companies/20639/les-laboratoires-teriak/
Keejob,General Manager,,Sousse,2026-04-20,https://www.keejob.com/offres-emploi/companies/159/crit/
Keejob,Ouvrier  Usine,,Ariana,2026-04-20,https://www.keejob.com/offres-emploi/239591/ouvrier-usine/
Keejob,Menuisier,,Ariana,2026-04-20,https://www.keejob.com/offres-emploi/239589/menuisier-usine-agencement-bois/
Keejob,Technicien de Pose,,Ariana,2026-04-20,https://www.keejob.com/offres-emploi/239588/technicien-de-pose-agencement-bois/
Keejob,Magasinier  Usine,,Ariana,2026-04-20,https://www.keejob.com/offres-emploi/239586/magasinier-usine/
Keejob,Directeur Administratif et Financier,,Ariana,2026-04-20,https://www.keejob.com/offres-emploi/239585/directeur-administratif-et-financier-daf/
Keejob,Directeur Technique d'Usine  Agencement Bois,,Ariana,2026-04-20,https://www.keejob.com/offres-emploi/239584/directeur-technique-dusine-agencement-bois/
Keejob,Directeur Ressources Humaine,,Tunis,2026-04-20,https://www.keejob.com/offres-emploi/companies/34260/seb/
Keejob,Analyste Physico-chimie (Poste Nuit),,La Manouba,2026-04-20,https://www.keejob.com/offres-emploi/companies/17388/laboratoire-thera/
Keejob,Assistant(e) Comptable,,Ben Arous,2026-04-20,https://www.keejob.com/offres-emploi/companies/23820/stram/
Keejob,Stagiaires HSE,,Ben Arous,2026-04-20,https://www.keejob.com/offres-emploi/companies/23820/stram/
Keejob,Assistante RH,,Ben Arous,2026-04-20,https://www.keejob.com/offres-emploi/238880/assistante-rh/
Keejob,Corporate Relationship Manager,,Tunis,2026-04-19,https://www.keejob.com/offres-emploi/companies/11980/abc-bank/
Keejob,Agent de Service Support/ d'Entretien - Sfax,,Sfax,2026-04-19,https://www.keejob.com/offres-emploi/companies/11980/abc-bank/
Keejob,Technicien en impression numerique,,Tunis,2026-04-19,https://www.keejob.com/offres-emploi/companies/19518/abc-print/
Keejob,agent administratif(ve),,Tunis,2026-04-19,https://www.keejob.com/offres-emploi/companies/34784/lm-phone/
Keejob,Agent Commercial Terrain,,Tunis,2026-04-19,https://www.keejob.com/offres-emploi/companies/34441/taxichy/
Keejob,Designer Produit,,Ariana,2026-04-19,https://www.keejob.com/offres-emploi/companies/33909/hr-horizon/
Keejob,Responsable Production,,Ariana,2026-04-19,https://www.keejob.com/offres-emploi/companies/33909/hr-horizon/
Keejob,Machinistes/Techniciens Usineurs CNC junior,,Sfax,2026-04-19,https://www.keejob.com/offres-emploi/239618/machinistestechniciens-usineurs-cnc-junior/
Keejob,Conducteur Train Onduleuse,,Zaghouan,2026-04-19,https://www.keejob.com/offres-emploi/companies/18616/proinject-hencha_poulina-groupe-holding/
Keejob,Assistant(e) Logistique & Livraison,,Ariana,2026-04-19,https://www.keejob.com/offres-emploi/companies/33909/hr-horizon/
Keejob,OPEARTEUR MACHINE,,Tunis,2026-04-19,https://www.keejob.com/offres-emploi/companies/33575/design-store/
Keejob,Quality Leader,,Ben Arous,2026-04-19,https://www.keejob.com/offres-emploi/companies/23820/stram/
Keejob,Assistant(e) GRH,,Monastir,2026-04-19,https://www.keejob.com/offres-emploi/companies/33282/sigmatex/
Keejob,Assistante administrative et financière,,Ben Arous,2026-04-19,https://www.keejob.com/offres-emploi/239592/assistante-administrative-et-financi%C3%A8re/
Keejob,Un/une chargée commerciale sédentaire,,Ben Arous,2026-04-19,https://www.keejob.com/offres-emploi/239590/unune-charg%C3%A9e-commerciale-s%C3%A9dentaire/
Keejob,TECHNICO -COMMERCIAL,,Ben Arous,2026-04-19,https://www.keejob.com/offres-emploi/239587/technico-commercial/
Keejob,Caissier,,Ariana,2026-04-19,https://www.keejob.com/offres-emploi/companies/34841/red-catle/
Keejob,Technicien(ne) Contrôle qualité,,Ben Arous,2026-04-18,https://www.keejob.com/offres-emploi/companies/26638/ot/
Keejob,Responsable Administratif et Financier (RAF),,Ben Arous,2026-04-18,https://www.keejob.com/offres-emploi/companies/13841/staroil-sa/
Keejob,Assistante Marketing,,Tunis,2026-04-18,https://www.keejob.com/offres-emploi/companies/9614/argania-distribution-sarl/
Keejob,Formateur Management (H/F),,Tunis,2026-04-18,https://www.keejob.com/offres-emploi/companies/1740/t3c/
Keejob,Vendeur/ Caissier Zara Tunisia Mall,,Tunis,2026-04-18,https://www.keejob.com/offres-emploi/companies/7292/tuntex/
Keejob,Responsable Système d'Information,,Zaghouan,2026-04-18,https://www.keejob.com/offres-emploi/companies/2189/soquibat/
Keejob,AUDITEUR INTERNE,,Tunis,2026-04-18,https://www.keejob.com/offres-emploi/238855/auditeur-interne/
Keejob,SERVEUR - SERVEUSE - SOCIETE,,Tunis,2026-04-18,https://www.keejob.com/offres-emploi/238856/serveur-serveuse-societe/
Keejob,Gestionnaire de Stock.,,Ben Arous,2026-04-18,https://www.keejob.com/offres-emploi/companies/4598/confidentiel/
Keejob,Vendeur/ Caissier Mango la Marsa,,Tunis,2026-04-18,https://www.keejob.com/offres-emploi/companies/7292/tuntex/
Keejob,Digital Marketer SEM/PPC  (Full Remote),,Montréal,2026-04-18,https://www.keejob.com/offres-emploi/companies/159/crit/
Keejob,Jeune diplômé en Gestion,,Zaghouan,2026-04-18,https://www.keejob.com/offres-emploi/238866/jeune-dipl%C3%B4m%C3%A9-en-gestion/
Keejob,Responsable Produit  Private Label,,Ben Arous,2026-04-18,https://www.keejob.com/offres-emploi/companies/4598/confidentiel/
Keejob,Chargé (e) Référentiel,,La Manouba,2026-04-18,https://www.keejob.com/offres-emploi/companies/25006/ben-yaghlane-shops/
Keejob,Agent logisticique,,Ben Arous,2026-04-17,https://www.keejob.com/offres-emploi/239551/agent-logistique/
Keejob,Technicien Plomberie,,Ariana,2026-04-17,https://www.keejob.com/offres-emploi/companies/35015/maindar/
Keejob,Technicien Climatisation,,Ariana,2026-04-17,https://www.keejob.com/offres-emploi/companies/35015/maindar/
Keejob,Chargée de Marketing Digital Réseaux Sociaux,,Tunis,2026-04-17,https://www.keejob.com/offres-emploi/239548/charg%C3%A9e-de-marketing-digital-r%C3%A9seaux-sociaux/
Keejob,Copywriter & Content Creator,,Tunis,2026-04-17,https://www.keejob.com/offres-emploi/companies/35017/youthna/
Keejob,Coordinateur Technique,,Ariana,2026-04-17,https://www.keejob.com/offres-emploi/companies/35015/maindar/
Keejob,Designer,,Tunis,2026-04-17,https://www.keejob.com/offres-emploi/companies/35017/youthna/
Keejob,Technicien Chauffage,,Ariana,2026-04-17,https://www.keejob.com/offres-emploi/companies/35015/maindar/
Keejob,Technicien Électricité,,Ariana,2026-04-17,https://www.keejob.com/offres-emploi/companies/35015/maindar/
Keejob,Conseiller Éducatif  Commercial,,Tunis,2026-04-17,https://www.keejob.com/offres-emploi/companies/35017/youthna/
Keejob,Télévendeur Assurance Auto,,Tunis,2026-04-17,https://www.keejob.com/offres-emploi/companies/30738/atoll-assurance/
Keejob,Public Relations F&B Executive,,Tunis,2026-04-17,https://www.keejob.com/offres-emploi/companies/34823/hotel-sheraton-tunis/
Keejob,Ingénieur(e) Génie Civil,,Ben Arous,2026-04-17,https://www.keejob.com/offres-emploi/239509/ingenieur-genie-civil/
Keejob,Ingènieur en fluide,,Ben Arous,2026-04-17,https://www.keejob.com/offres-emploi/239513/ingenieur-en-fluide/
Keejob,Consultant Microsoft Dynamics Busines Central,,La Manouba,2026-04-17,https://www.keejob.com/offres-emploi/companies/35012/soci%C3%A9te-musl-consulting/
Keejob,Commerciale,,Ben Arous,2026-04-17,https://www.keejob.com/offres-emploi/companies/33505/tiregate-tunisia/
Keejob,Dessinateur Projeteur Fluides CVC,,Ariana,2026-04-17,https://www.keejob.com/offres-emploi/companies/30713/ing%C3%A9nieur-conseil-akram-neffati/
Keejob,Coordinatrice de Locations Courte Durée CIVP,,Tunis,2026-04-17,https://www.keejob.com/offres-emploi/companies/32885/nexstay/
Keejob,Responsable tourisme Local,,Tunis,2026-04-17,https://www.keejob.com/offres-emploi/companies/35013/travellers-tun/
Keejob,BIM Modeler,,Tunis,2026-04-17,https://www.keejob.com/offres-emploi/companies/34880/eagleprojects-tunisia/
Keejob,Commercial(e) & Marketing Digital,,Sfax,2026-04-17,https://www.keejob.com/offres-emploi/companies/34989/primavera-travel/
Keejob,Assistante commerciale sédentaire,,Ben Arous,2026-04-17,https://www.keejob.com/offres-emploi/239225/assistante-commerciale-s%C3%A9dentaire/
Keejob,Technicien Process (Régleur),,Ben Arous,2026-04-16,https://www.keejob.com/offres-emploi/companies/34178/simef-electric/
Keejob,Technico-commercial,,Sfax,2026-04-16,https://www.keejob.com/offres-emploi/companies/31846/driss-laboratory-equipment/
Keejob,Responsable Parc,,Tunis,2026-04-16,https://www.keejob.com/offres-emploi/companies/33212/mena-tours/
Keejob,technico commercial zone cap bon,,Nabeul,2026-04-16,https://www.keejob.com/offres-emploi/companies/28044/sna/
Keejob,Développeur Mobile (IOS),,Nabeul,2026-04-16,https://www.keejob.com/offres-emploi/companies/17017/avempace-wireless/
Keejob,Aide Financier,,Ariana,2026-04-16,https://www.keejob.com/offres-emploi/companies/34734/terminal-a/
Keejob,Conducteur de Machine Impression & Finition,,Ben Arous,2026-04-16,https://www.keejob.com/offres-emploi/239483/conducteur-de-machine-impression-finition/
Keejob,Chef de chantier,,Tunis,2026-04-16,https://www.keejob.com/offres-emploi/239511/chef-chantier/
Keejob,Chef de Coupe,,Ariana,2026-04-16,https://www.keejob.com/offres-emploi/companies/35005/klc/
Keejob,Social Media Manager,,Nabeul,2026-04-16,https://www.keejob.com/offres-emploi/companies/32052/dotways/
Keejob,infographiste,,Tunis,2026-04-16,https://www.keejob.com/offres-emploi/companies/33575/design-store/
Keejob,Assistant(e) Financier(e),,Tunis,2026-04-16,https://www.keejob.com/offres-emploi/239512/assistant-financier/
Keejob,Technicien Informatique,,Ben Arous,2026-04-16,https://www.keejob.com/offres-emploi/companies/21329/frigan/
Keejob,Mécanicien,,Nabeul,2026-04-16,https://www.keejob.com/offres-emploi/companies/25716/seb-motors/
Keejob,Architecte,,Tunis,2026-04-16,https://www.keejob.com/offres-emploi/companies/9724/groupe-iga/
Keejob,Magasinier,,Sfax,2026-04-16,https://www.keejob.com/offres-emploi/companies/34942/sindbad-distribution/
Keejob,Gestionnaire de stock,,Ben Arous,2026-04-15,https://www.keejob.com/offres-emploi/companies/28044/sna/
Keejob,Chargé(e) Comptable,,Sfax,2026-04-15,https://www.keejob.com/offres-emploi/companies/18616/proinject-hencha_poulina-groupe-holding/
Keejob,Auditeur interne,,Nabeul,2026-04-15,https://www.keejob.com/offres-emploi/239460/auditeur-interne/
Keejob,Responsable Approvisionnement,,Nabeul,2026-04-15,https://www.keejob.com/offres-emploi/239447/responsable-approvisionnement/
Keejob,Chargé Etudes et Projets,,Monastir,2026-04-15,https://www.keejob.com/offres-emploi/239398/charg%C3%A9-etudes-et-projets/
Keejob,Commercial Industriel,,Ben Arous,2026-04-15,https://www.keejob.com/offres-emploi/companies/21328/med-oil-campany/
Keejob,Gouvernante,,Tunis,2026-04-15,https://www.keejob.com/offres-emploi/239393/gouvernante/
Keejob,HSE (hygiéniste ),,Tunis,2026-04-15,https://www.keejob.com/offres-emploi/239394/hse-hygi%C3%A9niste/
Keejob,Technicien en Génie Électrique,,Ben Arous,2026-04-15,https://www.keejob.com/offres-emploi/companies/30902/tunarco/
Keejob,Auditeurs comptable,,Tunis,2026-04-15,https://www.keejob.com/offres-emploi/companies/32240/rayonconsult/
Keejob,Vendeuse,,Ariana,2026-04-15,https://www.keejob.com/offres-emploi/companies/28611/societe-bargaoui-rideaux/
Keejob,RECEPTIONNISTE,,Nabeul,2026-04-15,https://www.keejob.com/offres-emploi/companies/26096/sindbad-hotel/
Keejob,Technicien Electromécanique,,Béja,2026-04-15,https://www.keejob.com/offres-emploi/companies/34820/mbt/
Keejob,femme de menage,,La Manouba,2026-04-15,https://www.keejob.com/offres-emploi/companies/34976/concept-market-et-design-arredamenti/
Keejob,Magasinier à Zaghouan ( Djebel El West),,Zaghouan,2026-04-15,https://www.keejob.com/offres-emploi/companies/9614/argania-distribution-sarl/
Keejob,Conseillers Client Français !,,Tunis,2026-04-14,https://www.keejob.com/offres-emploi/companies/33342/comete-tnai/
Keejob,Machiniste,,Zaghouan,2026-04-14,https://www.keejob.com/offres-emploi/companies/21328/med-oil-campany/
Keejob,assistant commercial,,Sfax,2026-04-14,https://www.keejob.com/offres-emploi/companies/33424/fabiocom/
Keejob,Responsable Marketing,,Tunis,2026-04-14,https://www.keejob.com/offres-emploi/companies/34441/taxichy/
Keejob,Webmaster,,Ben Arous,2026-04-14,https://www.keejob.com/offres-emploi/239355/webmaster/
Keejob,Assistante Administrative et Commerciale,,Ariana,2026-04-14,https://www.keejob.com/offres-emploi/companies/33653/free-health-care/
Keejob,Technicien supérieur en Froid - Climatisation,,Sfax,2026-04-14,https://www.keejob.com/offres-emploi/239339/technicien-sup%C3%A9rieur-en-froid-climatisation/
Keejob,Femmes de ménages,,Tunis,2026-04-14,https://www.keejob.com/offres-emploi/companies/33430/parafendri/
Keejob,Méthodiste,,Sousse,2026-04-14,https://www.keejob.com/offres-emploi/239361/m%C3%A9thodiste/
Keejob,Chargé(e) du contentieux,,Tunis,2026-04-14,https://www.keejob.com/offres-emploi/companies/29072/arab-debt-recovery-sa/
Keejob,Responsable  financier et comptable,,Tunis,2026-04-14,https://www.keejob.com/offres-emploi/companies/29072/arab-debt-recovery-sa/
Keejob,Chef de Parc Automobile,,Tunis,2026-04-14,https://www.keejob.com/offres-emploi/companies/33752/prologic-tunisie/
Keejob,Assistant(e) Qualité Système,,Sousse,2026-04-14,https://www.keejob.com/offres-emploi/239365/assistante-qualit%C3%A9-syst%C3%A8me/
Keejob,administrateur des ventes,,Ariana,2026-04-14,https://www.keejob.com/offres-emploi/companies/29146/vipdomaine/
Keejob,Technicien  opérateur machine,,Sousse,2026-04-14,https://www.keejob.com/offres-emploi/companies/34804/ebenorcreation/
Keejob,Technicien TEST,,Bizerte,2026-04-14,https://www.keejob.com/offres-emploi/companies/570/eleonetech/
Keejob,Assistante commerciale,,Sfax,2026-04-14,https://www.keejob.com/offres-emploi/companies/31800/ams-labo/
Keejob,assistante de direction,,Tunis,2026-04-14,https://www.keejob.com/offres-emploi/companies/21822/medibat/
Keejob,Ingénieur en génie civile,,Tunis,2026-04-14,https://www.keejob.com/offres-emploi/companies/21822/medibat/
Keejob,Responsable Finance & Opérations,,Ariana,2026-04-14,https://www.keejob.com/offres-emploi/239331/responsable-finance-op%C3%A9rations/
Keejob,TECHNICIEN PREPRESSE,,Tunis,2026-04-14,https://www.keejob.com/offres-emploi/companies/32695/mega-printing-et-packaging/
Keejob,Techniciens de Maintenance,,Ben Arous,2026-04-14,https://www.keejob.com/offres-emploi/companies/27610/soci%C3%A9t%C3%A9-dick-elevage-_groupe-poulina/
Keejob,Production animale Agriculture,,Ben Arous,2026-04-14,https://www.keejob.com/offres-emploi/companies/27610/soci%C3%A9t%C3%A9-dick-elevage-_groupe-poulina/
Keejob,commercial produit medical,,Tunis,2026-04-14,https://www.keejob.com/offres-emploi/239313/commercial-produit-medical/
Keejob,Développeur Full-Stack,,Ariana,2026-04-14,https://www.keejob.com/offres-emploi/companies/34478/societe-ebis/
