source,title,company,location,date,link,description,responsibilities,requirements,skills,languages,experience_years,education_level,contract_type,seniority_level,job_category,detail_scrape_status
EmploiTunisie,"Technicien Supérieur en Génie Civil- El Mourouj, Ben Arous",SM ENGINEERING,Ben Arous,2026-05-18,https://www.emploitunisie.com/recruteur/230464,"SM ENGINEERING Profil de lentreprise Entreprise : SM ENGINEERING Ville : Ben Arous Pays : Tunisie Secteur dactivité : BTP, construction - Immobilier, architecture, urbanisme - Ingénierie, études développement - Services autres Site Internet : non disponible Description de l'entreprise Bureau d'étude en génie civil. Nos offres d'emploi",,,,,,,,,IT & Software,ok
EmploiTunisie,Commercial(e)- Montplaisir Centre Pacha,KARMA SOLUTION,Ariana - Ben Arous - Manouba & Tunis,2026-05-18,https://www.emploitunisie.com/recruteur/234573,"KARMA SOLUTION Profil de lentreprise Entreprise : KARMA SOLUTION Ville : Montplaisir Pays : Tunisie Secteur dactivité : Banque, assurance, finances - Conseil, audit, comptabilité - Informatique, SSII, Internet - Marketing, communication, médias - Services autres Site Internet : https://www.karmasolution.fr/ Description de l'entreprise Découvrez Solution Group, la solution idéale pour la gestion de votre portefeuille. Réduisez le temps consacré à la gestion avec des solutions idéales pour gérer efficacement votre cabinet de courtage. Nous vous offrons une organisation complète, un ensemble de services répondant à vos besoins, ainsi que des gestionnaires d'actifs pour un service de gestion de portefeuilles complet. Notre équipe cumule plus de 10 ans d'expérience dans la transformation des cabinets de courtage en assurance et les developpement web et mobile. Nos offres d'emploi",,,communication,,10 ans d'expérience,,,,IT & Software,ok
EmploiTunisie,ANGULAR Developer (M/F),AFRICASHORE,Ariana - Béja - Ben Arous - Bizerte - Gabès - Gafsa - Jendouba...,2026-04-13,https://www.emploitunisie.com/recruteur/98016,"AFRICASHORE Profil de lentreprise Entreprise : AFRICASHORE Ville : Tunis Pays : Tunisie Secteur dactivité : Informatique, SSII, Internet - Intérim, recrutement Site Internet : https://www.africashore.com/ Description de l'entreprise AFRICASHORE is an IT offshoring platform connecting IT experts and freelancers based in Africa to companies in Africa, Europe, USA, Canada and UAE remotely. Our partners, IT services companies and large groups, trust us to find them the best offshore Africa-based IT freelance consultants. Our IT offshoring platform is present in 37 countries in Africa with a database of 230,000+ IT experts and freelancers classified into 303 IT specialties around 9 IT fields: Database Administration and NoSQL - Network and Telecom Security - ERP and Integrated Management Software - Big Data, Data Science and Business Intelligence (BI) - Programming, Development - IT Project Management - Consulting, Audit, Coaching and Training - Digital Marketing, SEO, Design and Multimedia - Production, Operations and Support. Freelancers, work remotely from Africa on IT projects around the world! Companies, outsource with AFRICASHORE your IT teams and projects offshore to Africa! For more information, please visit our website at https://www.africashore.com Nos offres d'emploi",,,"digital marketing, erp, project management, seo",,,,Freelance,,IT & Software,ok
EmploiTunisie,Nutritionniste  Diététicienne- Sousse,Groupe Médical les Oliviers,Sousse,2026-05-18,https://www.emploitunisie.com/recruteur/67513,"Groupe Médical les Oliviers Profil de lentreprise Entreprise : Groupe Médical les Oliviers Ville : Sousse Pays : Tunisie Secteur dactivité : Santé, pharmacie, hôpitaux, équipements médicaux Site Internet : https://www.cliniquelesoliviers.net/ Description de l'entreprise Depuis sa création en 1976, la Clinique Les Oliviers 1ère clinique historique dans la région, s'est engagée dans la qualité des prestations offertes à ses patients. Réputée pour le corps médical qui s'y exerce ainsi que pour les investissements en terme d'équipements et de matériels de pointe, la Clinique Les Oliviers se positionne aujourd'hui parmi les établissements de santé références en Tunisie. Signe des efforts d'amélioration en continu, la Clinique Les Oliviers a entamé des travaux d'extension et de rénovation de ses locaux qui s'achèveront en 2018. Nos offres d'emploi",,,c#,,,,,,IT & Software,ok
EmploiTunisie,Coordinateur des Approvisionnements,CAPTUNIS,Monastir,2026-05-18,https://www.emploitunisie.com/recruteur/114931,"CAPTUNIS Profil de lentreprise Entreprise : CAPTUNIS Ville : MONASTIR Pays : Tunisie Secteur dactivité : Textile, habillement, cuir, chaussures Site Internet : non disponible Description de l'entreprise Société CAPTUNIS sise au technopole de Monastir totalement exportatrice, notre secteur d'activité : Textile. Nos offres d'emploi",,,,,,,,,IT & Software,ok
EmploiTunisie,Collaborateur(trice) en Comptabilité Française- Bizerte,SB2I,Bizerte,2026-05-18,https://www.emploitunisie.com/recruteur/26498,"SB2I Profil de lentreprise Entreprise : SB2I Ville : Bizerte Pays : Tunisie Secteur dactivité : Conseil, audit, comptabilité Site Internet : non disponible Description de l'entreprise Cabinet Sb2i, spécialisée dans l'externalisation de la paie française et de la comptabilité française. Nos offres d'emploi",,,,french,,,,,IT & Software,ok
EmploiTunisie,Responsable Maintenance Industrielle- Gaafour,TUNIPA S.A,Siliana,2026-05-18,https://www.emploitunisie.com/recruteur/216076,"TUNIPA S.A Profil de lentreprise Entreprise : TUNIPA S.A Ville : Tunis Pays : Tunisie Secteur dactivité : Industrie pharmaceutique - Industrie, production, fabrication, autres - Santé, pharmacie, hôpitaux, équipements médicaux Site Internet : non disponible Description de l'entreprise TUNIPA S.A est une société d'industrie pharmaceutique : fabrication de dispositif médical , siège social à Tunis, usine à zone industrielle Gâafour. Nos offres d'emploi",,,,,,,,,IT & Software,ok
EmploiTunisie,Technicien en Anesthésie et Réanimation- Tunis,TAOUFIK HOSPITALS GROUPE,Ariana & Tunis,2026-05-18,https://www.emploitunisie.com/recruteur/245099,"TAOUFIK HOSPITALS GROUPE Profil de lentreprise Entreprise : TAOUFIK HOSPITALS GROUPE Ville : Tunis Pays : Tunisie Secteur dactivité : Santé, pharmacie, hôpitaux, équipements médicaux - Services autres Site Internet : https://www.taoufikhospitalsgroup.com/ Description de l'entreprise Taoufik Hospitals Group (THG) est la première chaine hospitalière en Tunisie couvrant toutes les spécialités médicochirurgicales sur le Grand Tunis. Il regroupe quatre établissements hospitaliers, clinique Taoufik, clinique Hannibal, clinique Soukra et clinique Ezzahra et détient plus de 1500 collaborateurs. Nos offres d'emploi",,,,,,,,,IT & Software,ok
EmploiTunisie,Digital Communication et Marketing Specialist- Mahdia,TSI NETWORK,Mahdia,2026-05-18,https://www.emploitunisie.com/recruteur/294222,"TSI NETWORK Profil de lentreprise Entreprise : TSI NETWORK Ville : Mahdia Pays : Tunisie Secteur dactivité : Informatique, SSII, Internet Site Internet : https://tsi-network.net/ Description de l'entreprise Rejoindre TSI Networks, cest intégrer une entreprise innovante au cœur de linformatique et de la communication en Tunisie. Nous offrons à nos clients des solutions IT, administratives et de communication fiables et sur mesure, grâce à une solide expérience et à des équipes multidisciplinaires passionnées. Toujours à lavant-garde des technologies, nous accompagnons les entreprises dans lalignement de leur IT avec leurs enjeux stratégiques. Chez TSI Networks, nous croyons que la réussite passe par lexpertise, la collaboration et la confiance. Si vous souhaitez évoluer dans un environnement stimulant, travailler sur des projets variés et développer vos compétences aux côtés de spécialistes, votre place est parmi nous. Nos offres d'emploi",,,"c#, communication",,,,,,IT & Software,ok
EmploiTunisie,Développeur Web Full-Stack - Nabeul,None,None,None,https://www.emploitunisie.com/recruteur/72303,"3W WIT WEB AGENCY Profil de lentreprise Entreprise : 3W WIT WEB AGENCY Ville : Nabeul Pays : Tunisie Secteur dactivité : Informatique, SSII, Internet - Ingénierie, études développement Site Internet : https://3wwit.com/ Description de l'entreprise 3W WIT une jeune équipe d'ingénieurs jeune, dynamique et créative basé à Nabeul - Tunisie. L'agence a été crée en Août 2015 par Chaibi Maher son fondateur et chef de projets. Cette agence et le fruit d'un longue parcourt d'études ( bac+10 ) d'ingénieur suivi en mastère et doctorat. Ce parcourt a été renforcer par plus de 6 ans d'expériences professionnel en tant qu'ingénieur dans le domaines du Web. Notre maitrise technique et notre capacité à s'améliorer et monter en compétences nous a permit de travailler sur des projets à hautes valeurs ajoutées. On travail sur la mise en place de solutions sur-mesure pour nos différents projets de CRM,ERP, Intranet, Extranet en backend ou frontend. Depuis ça création, l'agence a été orienté pour un développement à l'international principalement en France, Belgique et la Suisse. Nos offres d'emploi",,,"crm, erp",,6 ans d'expérience,"Bac, Bac+4, Bac+5, PhD",,,IT & Software,ok
EmploiTunisie,Technicien Maintenance Industrielle - Gaafour,None,None,None,https://www.emploitunisie.com/recruteur/216076,"TUNIPA S.A Profil de lentreprise Entreprise : TUNIPA S.A Ville : Tunis Pays : Tunisie Secteur dactivité : Industrie pharmaceutique - Industrie, production, fabrication, autres - Santé, pharmacie, hôpitaux, équipements médicaux Site Internet : non disponible Description de l'entreprise TUNIPA S.A est une société d'industrie pharmaceutique : fabrication de dispositif médical , siège social à Tunis, usine à zone industrielle Gâafour. Nos offres d'emploi",,,,,,,,,IT & Software,ok
EmploiTunisie,Commercial Terrain (H/F) - Bizerte,None,None,None,https://www.emploitunisie.com/recruteur/365315,"EZZAITOUNA Profil de lentreprise Entreprise : EZZAITOUNA Ville : Bizerte Pays : Tunisie Secteur dactivité : Equip. électriques, électroniques, optiques, précision Site Internet : non disponible Description de l'entreprise La Société Ezzaitouna, spécialisée dans la quincaillerie en gros Nos offres d'emploi",,,,,,,,,IT & Software,ok
EmploiTunisie,Téléconseiller(ère) en Assurance Française - Tunis,None,None,None,https://www.emploitunisie.com/recruteur/154956,"ZENITH ASSURANCE Profil de lentreprise Entreprise : ZENITH ASSURANCE Ville : TUNIS Pays : Tunisie Secteur dactivité : Centres dappel, hotline, call center Site Internet : https://www.zenithassurances.com Description de l'entreprise Zénith Assurance Tunisie est une filiale de Zénith Assurance France, spécialisée dans le courtage en assurance pour les particuliers et les professionnels. Nos offres d'emploi",,,,,,,,,IT & Software,ok
EmploiTunisie,"Conseiller Immobilier Terrain - Sousse, Monastir, Sfax, Kairoun",None,None,None,https://www.emploitunisie.com/recruteur/223706,"TECNOCASA KHZEMA Profil de lentreprise Entreprise : TECNOCASA KHZEMA Ville : Sousse Pays : Tunisie Secteur dactivité : Distribution, vente, commerce de gros - Immobilier, architecture, urbanisme - Marketing, communication, médias - Services autres Site Internet : https://khezama.tecnocasa.tn/sousse-jawhara/sousse-khzema/ Description de l'entreprise La marque Tecnocasa a été fondée en 1979, lorsque son fondateur, Oreste Pasquali, a lancé un plan de développement dagences de courtage immobilier dans la banlieue de Milan (Italie). Lidée de construire un réseau dagences ayant pignon sur rue, donnant de la visibilité et de la transparence au service dintermédiation immobilière avec un contact plus direct avec le client, a été une grande innovation pour le secteur. Nos offres d'emploi",,,communication,,,,,,IT & Software,ok
EmploiTunisie,Coordinateur(trice) Pédagogique et Administratif(ve) - Nabeul,None,None,None,https://www.emploitunisie.com/recruteur/373891,"LEADERS UNIVERSITY Profil de lentreprise Entreprise : LEADERS UNIVERSITY Ville : Tunis Pays : Tunisie Secteur dactivité : Éducation, formation Site Internet : https://leaders-university.tn/ Description de l'entreprise Leaders University est une université privée tunisienne spécialisée dans les domaines du management (gestion) et de linformatique, reconnue par le Ministère de lEnseignement Supérieur de Tunisie depuis 2014, avec un nouveau campus à Tunis ouvert en 2025. Elle forme des professionnels prêts à entrer sur le marché du travail et à relever les défis du monde professionnel moderne Nos offres d'emploi",,,,,,,,Senior,IT & Software,ok
EmploiTunisie,Représentante Commerciale B2B / B2C - Tunis,None,None,None,https://www.emploitunisie.com/recruteur/364070,"CODE ONCE TUNISIE Profil de lentreprise Entreprise : CODE ONCE TUNISIE Ville : Tunis Pays : Tunisie Secteur dactivité : Informatique, SSII, Internet Site Internet : https://www.codeonce.fr/ Description de l'entreprise Depuis 2012, Code Once se distingue comme un partenaire stratégique de la transformation industrielle et digitale. Grâce à notre centre Nearshore et à notre expertise en architectures modernes, nous concevons des solutions innovantes combinant intelligence artificielle et cloud, parfaitement alignées avec les enjeux métiers. Notre valeur ajoutée Optimisation des coûts Grâce à lautomatisation et aux architectures modernes associées à la GenAI, nous réduisons les coûts de développement tout en améliorant significativement lefficacité. Vision orientée impact Nous ne nous contentons pas de développer des solutions technologiques : nous concevons des outils capables de transformer vos processus métiers et de créer de la valeur à chaque étape. Innovation continue En intégrant lIA et des approches avant-gardistes, nous garantissons des solutions pérennes, évolutives et scalables. Ce que nos clients gagnent Une expertise sur mesure pour répondre aux problématiques les plus complexes. Une agilité unique pour innover rapidement dans un environnement en constante évolution. Une stratégie orientée résultats, qui transforme vos idées en succès concrets. Avec Code Once, choisissez un partenaire visionnaire, prêt à relever vos défis technologiques, à maximiser vos opportunités digitales et à bâtir des architectures robustes et évolutives. Nos offres d'emploi",,,,,,,,,IT & Software,ok
EmploiTunisie,Assistante Administrative - Sfax,None,None,None,https://www.emploitunisie.com/recruteur/368815,"EVO CONTROL Profil de lentreprise Entreprise : EVO CONTROL Ville : SFAX Pays : Tunisie Secteur dactivité : BTP, construction - Ingénierie, études développement Site Internet : non disponible Description de l'entreprise EVO CONTROL est un bureau de contrôle technique basé à Sfax, Tunisie, intervenant dans le domaine du BTP, de lingénierie et du suivi des travaux de construction. Domaine dactivité : Lentreprise est spécialisée dans les missions dinspection, dexpertise technique et de contrôle qualité dans le secteur du génie civil. Elle intervient principalement pour garantir la conformité des ouvrages aux normes techniques et réglementaires en vigueur. Missions principales : EVO CONTROL réalise notamment : Le contrôle technique des projets de construction Linspection des chantiers et des structures Lanalyse des dossiers techniques Le suivi de lexécution des travaux La rédaction de rapports dexpertise Objectif : Assurer la sécurité, la fiabilité et la qualité des infrastructures à travers un accompagnement technique rigoureux des projets de construction. Positionnement : Installée à Sfax, la société évolue dans un environnement où le secteur du BTP nécessite des services dexpertise et de contrôle pour garantir le respect des standards de construction. Nos offres d'emploi","Missions principales : EVO CONTROL réalise notamment : Le contrôle technique des projets de construction Linspection des chantiers et des structures Lanalyse des dossiers techniques Le suivi de lexécution des travaux La rédaction de rapports dexpertise Objectif : Assurer la sécurité, la fiabilité et la qualité des infrastructures à travers un accompagnement technique rigoureux des projets de construction. Positionnement : Installée à Sfax, la société évolue dans un environnement où le secteur du BTP nécessite des services dexpertise et de contrôle pour garantir le respect des standards de construction. Nos offres d'emploi",,,,,,,,IT & Software,ok
EmploiTunisie,Éditeur Graphique - 100% à Distance,None,None,None,https://www.emploitunisie.com/recruteur/379634,"FULL STACK JACKET Profil de lentreprise Entreprise : FULL STACK JACKET Ville : Vincennes Pays : France Secteur dactivité : Informatique, SSII, Internet - Ingénierie, études développement Site Internet : http://full-stack-jacket.com Description de l'entreprise Full Stack Jacket est une agence française de pointe spécialisée en intelligence artificielle appliquée à la détection de fraude. Notre mission : aider les organisations à sécuriser leurs processus critiques didentification et à prévenir la fraude grâce à des solutions innovantes. Nous proposons à nos clients : Audit et conseil sur leurs systèmes de détection existants Développement de modèles IA de détection de fraude en temps réel (99,7 % de précision, <200 ms) Analyse biométrique avancée (reconnaissance faciale, liveness detection) Cybersécurité et accompagnement pour la mise en conformité réglementaire Formation des équipes et monitoring continu Notre méthodologie suit 4 étapes clés : diagnostic  conception  déploiement  optimisation. Avec plus de 50 clients actifs et 2,5 millions de documents analysés, nous combinons expertise technique et innovation constante pour protéger les données sensibles de nos clients. Nos offres d'emploi",,,cybersecurity,french,,,,,IT & Software,ok
EmploiTunisie,Full Stack Developer - Kasserine,None,None,None,https://www.emploitunisie.com/recruteur/379762,"STEPUP Profil de lentreprise Entreprise : STEPUP Ville : Kasserine Pays : Tunisie Secteur dactivité : Recherche et développement Site Internet : non disponible Description de l'entreprise StepUp is an innovative recruitment platform designed to transform how companies and candidates connect. It focuses on providing accurate, efficient, and intelligent hiring solutions by leveraging modern technologies such as artificial intelligence and data-driven decision-making. The platform acts as a bridge between recruiters and job seekers, enabling companies to find the most suitable candidates while helping individuals discover job opportunities that truly match their skills, experience, and career goals. Nos offres d'emploi",,,,,,,,,IT & Software,ok
EmploiTunisie,Vendeuse - Marsa,None,None,None,https://www.emploitunisie.com/recruteur/27234,"MON BIJOU MACARON Profil de lentreprise Entreprise : MON BIJOU MACARON Ville : Ariana Pays : Tunisie Secteur dactivité : Agroalimentaire - Hôtellerie, restauration Site Internet : http://www.monbijoumacaron.com/ Description de l'entreprise Mon Bijou Macaron est une entreprise spécialisée dans la fabrication de macarons. Nos offres d'emploi",,,,,,,,,IT & Software,ok
EmploiTunisie,Responsable Production - Sousse,None,None,None,https://www.emploitunisie.com/recruteur/88895,"STAFFING TUNISIA Profil de lentreprise Entreprise : STAFFING TUNISIA Ville : sfax Pays : Tunisie Secteur dactivité : Intérim, recrutement Site Internet : https://www.staffing-tunisia.com Description de l'entreprise STAFFING TUNISIA  is a network of employment agencies based in Tunisia since 2018 with headquarter in Sfax and 3 offices covering all Tunisia, Sfax, Sousse and Tunis. Nos offres d'emploi",,,,,,,,,IT & Software,ok
EmploiTunisie,Assistante Logistique - Sousse,None,None,None,https://www.emploitunisie.com/recruteur/88895,"STAFFING TUNISIA Profil de lentreprise Entreprise : STAFFING TUNISIA Ville : sfax Pays : Tunisie Secteur dactivité : Intérim, recrutement Site Internet : https://www.staffing-tunisia.com Description de l'entreprise STAFFING TUNISIA  is a network of employment agencies based in Tunisia since 2018 with headquarter in Sfax and 3 offices covering all Tunisia, Sfax, Sousse and Tunis. Nos offres d'emploi",,,,,,,,,IT & Software,ok
EmploiTunisie,"Technicien(ne) en Radiologie - Houmet Essouk, Djerba",None,None,None,https://www.emploitunisie.com/recruteur/380537,"PÔLE HOSPITALIER INTERNATIONAL ECHIFA DJERBA Profil de lentreprise Entreprise : PÔLE HOSPITALIER INTERNATIONAL ECHIFA DJERBA Ville : Houmet Essouk Pays : Tunisie Secteur dactivité : Santé, pharmacie, hôpitaux, équipements médicaux Site Internet : https://www.clinique-djerba-echifa.com/ Description de l'entreprise Accrédité Platine par lINEAS  Djerba Le Pôle Hospitalier International Echifa est une clinique pluridisciplinaire de référence, située à Djerba. Depuis 2011, létablissement propose une prise en charge médicale de haut niveau, appuyée par des équipements modernes et des équipes qualifiées. Avec plus de 200 lits, dont 30 de réanimation, Echifa offre un environnement de travail structuré, sécurisé et orienté vers lexcellence des soins. Rejoindre Echifa, cest intégrer un établissement engagé dans une médecine de haut niveau, plaçant la qualité des soins, la sécurité des patients et le développement professionnel de ses collaborateurs au cœur de ses priorités. Nos offres d'emploi",,,,,,,,,IT & Software,ok
EmploiTunisie,Agent de Réception - Monastir,None,None,None,https://www.emploitunisie.com/recruteur/380523,"CARTHAGE MEDICAL Profil de lentreprise Entreprise : CARTHAGE MEDICAL Ville : Monastir Pays : Tunisie Secteur dactivité : Santé, pharmacie, hôpitaux, équipements médicaux Site Internet : https://carthagemedical.com.tn/ Description de l'entreprise Le Centre International Carthage Médical est une polyclinique multidisciplinaire dotée dune unité de Radiologie et dImagerie Médicale, Urgences &amp; Transport Médicalisé, Cardiologie Interventionnelle, Maternité et Réanimation Néonatale, Réanimation Médicale et Chirurgicale, 5 salles opératoires offrant les meilleurs équipements, des chambres et des suites conçues pour fournir un confort matériel et psychologique des patients tout en respectant les normes internationales de sécurité et dhygiène, une équipe médicale et paramédicale de confiance. La polyclinique dispose dun service daccueil des Urgences qui est assuré 24h/24. Nos offres d'emploi",,,,,,,,,IT & Software,ok
EmploiTunisie,Data and Analytics Engineer - Tunis,None,None,None,https://www.emploitunisie.com/recruteur/141652,"Collaboration Betters the World TN Profil de lentreprise Entreprise : Collaboration Betters the World TN Ville : Tunis Pays : Tunisie Secteur dactivité : Informatique, SSII, Internet Site Internet : non disponible Description de l'entreprise CBTW (Collaboration Betters The World) est un groupe mondial indépendant de conseil en technologie. Nous nous appuyons surplus de 4000 talentueux spécialistes répartis dans plus de 35 villes dans le monde. Nos valeurs communes qui ont perduré pendant toutes ces années sont et resteront toujours : Engagement : Nous mettons nos années d'expérience au service de nos clients pour leur permettre d'atteindre leurs objectifs. Collaboration : En entretenant des alliances solides et en cultivant des relations à long terme basées sur la confiance avec nos clients + Esprit déquipe de nos consultants. Évolution : Nous avons une forte volonté de nous dépasser, de continuer à évoluer et de relever de nouveaux défis. Positive Thinking : Plus que notre nom, l'état d'esprit ""Positive Thinking"" est partagé par tous nos collaborateurs. Nos offres d'emploi",,,teamwork,,,,Freelance,,IT & Software,ok
EmploiTunisie,Représentant Commercial - Gabes,None,None,None,https://www.emploitunisie.com/recruteur/380733,"STE MIMOSA COSMETIQUE Profil de lentreprise Entreprise : STE MIMOSA COSMETIQUE Ville : Sidi Hassine Pays : Tunisie Secteur dactivité : Industrie, production, fabrication, autres Site Internet : https://mimosa-cosmetics.com/ Description de l'entreprise société opérant dans le domaine du cosmétique et de la parfumerie sise a Tunis Nos offres d'emploi",,,,,,,,,IT & Software,ok
EmploiTunisie,Gestionnaire Marketplace Amazon - Tunis,None,None,None,https://www.emploitunisie.com/recruteur/172181,"ECOWEBY Profil de lentreprise Entreprise : ECOWEBY Ville : Tunis Pays : Tunisie Secteur dactivité : Ingénierie, études développement - Marketing, communication, médias Site Internet : https://ecoweby.com/ Description de l'entreprise ECOWEBY offre une gamme complète de services pour aider votre entreprise à réussir en ligne, de la conception et du développement de sites web à l'optimisation pour les moteurs de recherche et la création de designs de marque uniques. Nos offres d'emploi",,,communication,,,,,,IT & Software,ok
EmploiTunisie,Sales Agent - Sousse,None,None,None,https://www.emploitunisie.com/recruteur/380865,"LINKDESK Profil de lentreprise Entreprise : LINKDESK Ville : Sousse Pays : Tunisie Secteur dactivité : Centres dappel, hotline, call center Site Internet : non disponible Description de l'entreprise LinkDesk is a dynamic customer engagement and sales support company focused on delivering high-quality service experiences to clients across the travel and lifestyle sectors. We specialise in customer relationship management and personalised assistance for clients seeking premium, tailored travel solutions. Our team of Sales Agents plays a key role in understanding client needs, identifying the most suitable travel options, and crafting value-driven offers that align with individual preferences and expectations. Agents are trained to communicate with clarity, confidence, and professionalism, while maintaining a consultative approach that prioritises customer satisfaction. Alongside sales operations, our Customer Support Agents ensure a smooth and seamless experience throughout every stage of the client journey. From handling inquiries and managing bookings to resolving issues and providing ongoing guidance, our support team is dedicated to offering timely and reliable service. We pride ourselves on efficiency, accuracy, and a genuine commitment to client care. At LinkDesk, we believe in empowering our employees with the tools, knowledge, and work environment needed to excel. Our workplace culture encourages collaboration, continuous learning, and the pursuit of excellence. We invest heavily in training and development, enabling our teams to remain adaptable in a fast-paced, ever-evolving industry. With a focus on professionalism, integrity, and a customer-first mindset, LinkDesk continues to build strong, lasting relationships with clients worldwide. Our mission is to deliver exceptional service solutions that elevate the customer experience and uphold the highest standards of operational performance. Nos offres d'emploi",,,excel,,,,Internship,Internship,IT & Software,ok
EmploiTunisie,Responsable Marketing Senior - Sousse,None,None,None,https://www.emploitunisie.com/recruteur/381055,"BAHRIA COSMETIQUE Profil de lentreprise Entreprise : BAHRIA COSMETIQUE Ville : Sousse Pays : Tunisie Secteur dactivité : Santé, pharmacie, hôpitaux, équipements médicaux Site Internet : non disponible Description de l'entreprise bahria cosmetique est filiale du groupe bahria specialise dans la promotion et distribution des produits parapharmaceutique en tunisie Nos offres d'emploi",,,,,,,,,IT & Software,ok
EmploiTunisie,Chef dEquipe - Route de Gabes Km 2 Sfax,None,None,None,https://www.emploitunisie.com/recruteur/381057,"SOCIETE INDUSTRIELLE DE GRILLAGE Profil de lentreprise Entreprise : SOCIETE INDUSTRIELLE DE GRILLAGE Ville : Sfax Pays : Tunisie Secteur dactivité : Industrie, production, fabrication, autres Site Internet : non disponible Description de l'entreprise La société industrielle de grillage 'SIG', basée à Sfax, est spécialisée dans la transformation du fil dacier en grillage. Fondée en 1966, notre entreprise bénéficie dune longue expérience et dun savoir-faire reconnu dans le secteur industriel. Nous fabriquons différents types de grillages destinés aux secteurs de la construction, de lagriculture et de lindustrie, en garantissant des produits de haute qualité répondant aux normes du marché. Avec un effectif compris entre 50 et 100 employés, notre entreprise sappuie sur une équipe dynamique et engagée. Nos offres d'emploi",,,,,,,,,IT & Software,ok
EmploiTunisie,Assistante Relation Clients - El Menzah,None,None,None,https://www.emploitunisie.com/recruteur/381072,"ATL LEASING Profil de lentreprise Entreprise : ATL LEASING Ville : El Menzah Pays : Tunisie Secteur dactivité : Banque, assurance, finances Site Internet : non disponible Description de l'entreprise Depuis sa création en 1993 et tout au long de son parcours, ATL Leasing a accumulé un savoir faire et une expertise dans le métier du leasing qui lui ont permis de sinstaller en tant que deuxième opérateur sur le marché. Nos offres d'emploi",,,,,,,,,IT & Software,ok
EmploiTunisie,Chargé(e) de Clientèle - Bizerte,None,None,None,https://www.emploitunisie.com/recruteur/381072,"ATL LEASING Profil de lentreprise Entreprise : ATL LEASING Ville : El Menzah Pays : Tunisie Secteur dactivité : Banque, assurance, finances Site Internet : non disponible Description de l'entreprise Depuis sa création en 1993 et tout au long de son parcours, ATL Leasing a accumulé un savoir faire et une expertise dans le métier du leasing qui lui ont permis de sinstaller en tant que deuxième opérateur sur le marché. Nos offres d'emploi",,,,,,,,,IT & Software,ok
EmploiTunisie,Technicienne en Pédiatrie - Monastir,None,None,None,https://www.emploitunisie.com/recruteur/380523,"CARTHAGE MEDICAL Profil de lentreprise Entreprise : CARTHAGE MEDICAL Ville : Monastir Pays : Tunisie Secteur dactivité : Santé, pharmacie, hôpitaux, équipements médicaux Site Internet : https://carthagemedical.com.tn/ Description de l'entreprise Le Centre International Carthage Médical est une polyclinique multidisciplinaire dotée dune unité de Radiologie et dImagerie Médicale, Urgences &amp; Transport Médicalisé, Cardiologie Interventionnelle, Maternité et Réanimation Néonatale, Réanimation Médicale et Chirurgicale, 5 salles opératoires offrant les meilleurs équipements, des chambres et des suites conçues pour fournir un confort matériel et psychologique des patients tout en respectant les normes internationales de sécurité et dhygiène, une équipe médicale et paramédicale de confiance. La polyclinique dispose dun service daccueil des Urgences qui est assuré 24h/24. Nos offres d'emploi",,,,,,,,,IT & Software,ok
EmploiTunisie,Assistante Administrative - Lac II,None,None,None,https://www.emploitunisie.com/recruteur/260473,"ASSISTEL Profil de lentreprise Entreprise : ASSISTEL Ville : LAC II Pays : Tunisie Secteur dactivité : Services autres Site Internet : http://www.assistel.eu/ Description de l'entreprise Nous sommes une entité dont la vocation est de gérer à distance la relation que vous souhaitez entretenir avec vos clients et prospects. Nous avons mis en place un ensemble de moyens humains, organisationnels et techniques capable dapporter à la demande et aux besoins de chaque client, une réponse adaptée. Centre de relation à distance, AssisTel optimise loutil téléphonique et sa maîtrise des technologies (Internet, Intranet, Extranet, VoIP) pour vous assurer une politique de marketing relationnel multi canal Nos offres d'emploi",,,,,,Bac+4,,,IT & Software,ok
EmploiTunisie,Technicien en Electricité Qualifié - Zaghouan,None,None,None,https://www.emploitunisie.com/recruteur/381274,"TOUTALU Profil de lentreprise Entreprise : TOUTALU Ville : Zaghouan Pays : Tunisie Secteur dactivité : Industrie, production, fabrication, autres - Métallurgie, sidérurgie Site Internet : non disponible Description de l'entreprise TOUTALU est une fonderie qui se caractérise par rapport aux fonderies similaires existantes par sa capacité à produire des pièces en aluminium pouvant répondre à des exigences techniques sévères. Le procédé utilisé qui est la coulée par gravité en coquille, utilisé pour la fabrication de pièces en grande série, offre à TOUTALU une flexibilité à élargir son activité à dautres secteurs dont lindustrie automobile et mécanique dune manière générale. Nos offres d'emploi",,"exigences techniques sévères. Le procédé utilisé qui est la coulée par gravité en coquille, utilisé pour la fabrication de pièces en grande série, offre à TOUTALU une flexibilité à élargir son activité à dautres secteurs dont lindustrie automobile et mécanique dune manière générale. Nos offres d'emploi",,,,,,,IT & Software,ok
EmploiTunisie,Responsable Maintenance - Route de Gabes Km 2 Sfax,None,None,None,https://www.emploitunisie.com/recruteur/381057,"SOCIETE INDUSTRIELLE DE GRILLAGE Profil de lentreprise Entreprise : SOCIETE INDUSTRIELLE DE GRILLAGE Ville : Sfax Pays : Tunisie Secteur dactivité : Industrie, production, fabrication, autres Site Internet : non disponible Description de l'entreprise La société industrielle de grillage 'SIG', basée à Sfax, est spécialisée dans la transformation du fil dacier en grillage. Fondée en 1966, notre entreprise bénéficie dune longue expérience et dun savoir-faire reconnu dans le secteur industriel. Nous fabriquons différents types de grillages destinés aux secteurs de la construction, de lagriculture et de lindustrie, en garantissant des produits de haute qualité répondant aux normes du marché. Avec un effectif compris entre 50 et 100 employés, notre entreprise sappuie sur une équipe dynamique et engagée. Nos offres d'emploi",,,,,,,,,IT & Software,ok
EmploiTunisie,Préparateur - Livreur - Ariana,None,None,None,https://www.emploitunisie.com/recruteur/347016,"CULTUREL Profil de lentreprise Entreprise : CULTUREL Ville : Ariana Pays : Tunisie Secteur dactivité : Distribution, vente, commerce de gros Site Internet : non disponible Description de l'entreprise Fondée en 2008, CULTUREL est aujourdhui un Leader dans le marché tunisien, et représente une enseigne incontournable dans la vente de livres et de produits culturels. Lenseigne propose plus de 30 000 références, allants des romans aux manuels scolaires, en passant par la papeterie, les jeux éducatifs, et le matériel artistique. Plus quune simple librairie, Cultuel est un véritable espace culturel, avec un réseau de librairies moderne et un site e-commerce dynamique, nous partageons chaque jour, notre passion du livre et de la culture avec un large public. Nos offres d'emploi",,,,,,,,Senior,IT & Software,ok
EmploiTunisie,Ingénieur Agronome Technico-Commercial - Menzel Bouzelfa,None,None,None,https://www.emploitunisie.com/recruteur/381720,"STE AGRIHOUSE AND IRRIGATION Profil de lentreprise Entreprise : STE AGRIHOUSE AND IRRIGATION Ville : Menzel Bouzelfa Pays : Tunisie Secteur dactivité : Agriculture, pêche, aquaculture Site Internet : non disponible Description de l'entreprise Agrihouse and Irrigation est un partenaire global de l'agriculture moderne en Tunisie, offrant une expertise complète allant de l'étude technique à l'installation de systèmes d'irrigation de précision. Spécialisée dans la vente d'intrants agricoles, de produits phytosanitaires et de matériels d'irrigation de haute performance, notre société se distingue par un accompagnement agronomique de proximité et un suivi rigoureux des cultures. Notre mission est de conjuguer la fourniture d'équipements de pointe avec un conseil d'expert pour garantir aux agriculteurs une productivité optimale et une gestion durable de leurs ressources. Nos offres d'emploi",,,,,,,,,IT & Software,ok
EmploiTunisie,Content Manager - Télétravail,None,None,None,https://www.emploitunisie.com/recruteur/331167,"PALMA TALENTS Profil de lentreprise Entreprise : PALMA TALENTS Ville : Lomé Pays : Togo Secteur dactivité : Intérim, recrutement Site Internet : https://palma-talents.com/ Description de l'entreprise Notre entreprise, spécialisée dans le recrutement et le placement de personnel, accompagne les entreprises dans la recherche et la mise à disposition de talents qualifiés. Nous intervenons dans divers secteurs, notamment le développement informatique à distance, en offrant des solutions flexibles et adaptées aux besoins de nos clients. Nos offres d'emploi",,,,,,,,,IT & Software,ok
EmploiTunisie,Online Market Manager - Hammamet,None,None,None,https://www.emploitunisie.com/recruteur/381979,"CARTHAGE TRAVEL AND EVENTS Profil de lentreprise Entreprise : CARTHAGE TRAVEL AND EVENTS Ville : Hammamet Pays : Tunisie Secteur dactivité : Tourisme, loisirs Site Internet : non disponible Description de l'entreprise Agence de voyage Nos offres d'emploi",,,,,,,,,IT & Software,ok
EmploiTunisie,Gouvernante - Tamerza,None,None,None,https://www.emploitunisie.com/recruteur/246390,"HORCHANI GROUP Profil de lentreprise Entreprise : HORCHANI GROUP Ville : Tunis Pays : Tunisie Secteur dactivité : Hôtellerie, restauration - Services autres - Tourisme, loisirs Site Internet : non disponible Description de l'entreprise Le pôle Tourisme et Santé au sein du groupe Horchani comporte actuellement 3 unités : Une unité hôteliere à Zarzis , une unité Hôteliére à Tozeur et une unité hoteliére à Tamerza. Nos offres d'emploi",,,,,,,,,IT & Software,ok
EmploiTunisie,Plongeur H/F - Tunis,None,None,None,https://www.emploitunisie.com/recruteur/382286,"HÔTEL SHERATON TUNIS Profil de lentreprise Entreprise : HÔTEL SHERATON TUNIS Ville : Mutuelleville Pays : Tunisie Secteur dactivité : Hôtellerie, restauration Site Internet : non disponible Description de l'entreprise */ Le Sheraton Tunis Hotel est un hôtel 5 étoiles situé dans le quartier diplomatique de Tunis, avec une belle vue sur la ville. Ses chambres sont spacieuses, confortables et disposent toutes dun balcon privé. Lhôtel offre un cadre agréable avec un spa, un hammam, un jacuzzi, ainsi que des piscines intérieure et extérieure, permettant de travailler dans un environnement calme et soigné. Le Sheraton est reconnu pour son service professionnel et son atmosphère chaleureuse, offrant un excellent cadre pour évoluer au sein dune équipe motivée et accueillante. Nos offres d'emploi",,,vue,,,,,,IT & Software,ok
EmploiTunisie,Serveur(euse) - Tunis,None,None,None,https://www.emploitunisie.com/recruteur/382286,"HÔTEL SHERATON TUNIS Profil de lentreprise Entreprise : HÔTEL SHERATON TUNIS Ville : Mutuelleville Pays : Tunisie Secteur dactivité : Hôtellerie, restauration Site Internet : non disponible Description de l'entreprise */ Le Sheraton Tunis Hotel est un hôtel 5 étoiles situé dans le quartier diplomatique de Tunis, avec une belle vue sur la ville. Ses chambres sont spacieuses, confortables et disposent toutes dun balcon privé. Lhôtel offre un cadre agréable avec un spa, un hammam, un jacuzzi, ainsi que des piscines intérieure et extérieure, permettant de travailler dans un environnement calme et soigné. Le Sheraton est reconnu pour son service professionnel et son atmosphère chaleureuse, offrant un excellent cadre pour évoluer au sein dune équipe motivée et accueillante. Nos offres d'emploi",,,vue,,,,,,IT & Software,ok
EmploiTunisie,Attaché(e) Marketing  Spécialisé(e) TikTok et Content Creation - Sousse,None,None,None,https://www.emploitunisie.com/recruteur/287388,"STE ESPACE WAHIBA Profil de lentreprise Entreprise : STE ESPACE WAHIBA Ville : sousse Pays : Tunisie Secteur dactivité : Services autres Site Internet : https://wahibabridalworld.com/dresses Description de l'entreprise Notre société regroupe cinq centres de beauté dexception, spécialisés dans la mise en beauté de la mariée, la location de robes de mariée et de soirée, ainsi que dans la création de pièces de haute couture sur mesure. Forts dune expérience reconnue et dun savoir-faire raffiné, nous accompagnons chaque cliente dans les moments les plus précieux de sa vie. Nos équipes passionnées proposent une prise en charge complète : maquillage professionnel, coiffure personnalisée, soins esthétiques, ainsi quun large choix de robes prestigieuses, allant du style classique à la haute couture contemporaine. Notre atelier de couture sur mesure offrent également la possibilité de créer des modèles uniques, adaptés à la morphologie, au style et aux envies de chaque femme. Chaque centre reflète notre exigence de qualité, délégance et dinnovation, dans un cadre chic et chaleureux. Notre objectif est de sublimer chaque femme, révéler sa beauté naturelle et laccompagner dans les instants les plus mémorables de sa vie. Nos offres d'emploi",,,,,,,,,IT & Software,ok
EmploiTunisie,Responsable Centre - Kairouan,None,None,None,https://www.emploitunisie.com/recruteur/287388,"STE ESPACE WAHIBA Profil de lentreprise Entreprise : STE ESPACE WAHIBA Ville : sousse Pays : Tunisie Secteur dactivité : Services autres Site Internet : https://wahibabridalworld.com/dresses Description de l'entreprise Notre société regroupe cinq centres de beauté dexception, spécialisés dans la mise en beauté de la mariée, la location de robes de mariée et de soirée, ainsi que dans la création de pièces de haute couture sur mesure. Forts dune expérience reconnue et dun savoir-faire raffiné, nous accompagnons chaque cliente dans les moments les plus précieux de sa vie. Nos équipes passionnées proposent une prise en charge complète : maquillage professionnel, coiffure personnalisée, soins esthétiques, ainsi quun large choix de robes prestigieuses, allant du style classique à la haute couture contemporaine. Notre atelier de couture sur mesure offrent également la possibilité de créer des modèles uniques, adaptés à la morphologie, au style et aux envies de chaque femme. Chaque centre reflète notre exigence de qualité, délégance et dinnovation, dans un cadre chic et chaleureux. Notre objectif est de sublimer chaque femme, révéler sa beauté naturelle et laccompagner dans les instants les plus mémorables de sa vie. Nos offres d'emploi",,,,,,,,,IT & Software,ok
EmploiTunisie,Ingénieur(e) Projet Pharmaceutique - Tunis,None,None,None,https://www.emploitunisie.com/recruteur/382445,"BEST INNOVATION Profil de lentreprise Entreprise : BEST INNOVATION Ville : Tunis Pays : Tunisie Secteur dactivité : Industrie pharmaceutique Site Internet : http://www.bestinnov.com Description de l'entreprise BEST Innovation | SARL fournit des solutions de bout en bout pour les projets de produits pharmaceutiques et de dispositifs médicaux, en se spécialisant dans les produits innovants et les marchés de niche. Forts de plus de 25 ans d'expérience, nous accompagnons les multinationales pharmaceutiques en Europe ainsi que les producteurs de génériques en Afrique du Nord, au Moyen-Orient et dans le Golfe. Notre équipe internationale offre une assistance technique sur mesure, des transferts de technologie et des solutions de projets ""clés en main"" afin de répondre aux besoins spécifiques de chaque client. Nos offres d'emploi",,,,,25 ans d'expérience,,,,IT & Software,ok
EmploiTunisie,Vendeur(se) - Sfax,None,None,None,https://www.emploitunisie.com/recruteur/382602,"AICHA HAKMOUNI Profil de lentreprise Entreprise : AICHA HAKMOUNI Ville : Sfax Pays : Tunisie Secteur dactivité : Hôtellerie, restauration Site Internet : non disponible Description de l'entreprise Aicha Hakmouni est une pâtisserie fine française à sfax situé à kassas num 4 entre gremda w afran Nos offres d'emploi",,,,french,,,,,IT & Software,ok
EmploiTunisie,Technicien dAtelier  Aide Chef dAtelier - Sakiet Ezzit,None,None,None,https://www.emploitunisie.com/recruteur/89205,"SPCM Profil de lentreprise Entreprise : SPCM Ville : Sakiet Ezzit Pays : Tunisie Secteur dactivité : Industrie, production, fabrication, autres Site Internet : non disponible Description de l'entreprise La société SPCM est spécialisée dans la production et la distribution d'accessoires et composants pour rideaux métalliques, portails coulissants et battant. Nos offres d'emploi",,,,,,,,,IT & Software,ok
EmploiTunisie,Magasinier - Sakiet Ezzit,None,None,None,https://www.emploitunisie.com/recruteur/89205,"SPCM Profil de lentreprise Entreprise : SPCM Ville : Sakiet Ezzit Pays : Tunisie Secteur dactivité : Industrie, production, fabrication, autres Site Internet : non disponible Description de l'entreprise La société SPCM est spécialisée dans la production et la distribution d'accessoires et composants pour rideaux métalliques, portails coulissants et battant. Nos offres d'emploi",,,,,,,,,IT & Software,ok
EmploiTunisie,Conseiller de Vente - Tunis Sfax Sousse,None,None,None,https://www.emploitunisie.com/recruteur/308216,"TUTTO SPORT Profil de lentreprise Entreprise : TUTTO SPORT Ville : Tunis Pays : Tunisie Secteur dactivité : Distribution, vente, commerce de gros - Textile, habillement, cuir, chaussures Site Internet : http://www.tuttosport.com.tn Description de l'entreprise Boutique de sport : vente vêtements et chaussures de sport Nos offres d'emploi",,,,,,,,,IT & Software,ok
EmploiTunisie,Aide Comptable - Tunis,None,None,None,https://www.emploitunisie.com/recruteur/86758,"COCEF Tunis COCEF Profil de lentreprise Entreprise : COCEF Ville : Tunis Pays : Tunisie Secteur dactivité : Conseil, audit, comptabilité Site Internet : non disponible Description de l'entreprise COCEF est un cabinet comptable. Nos offres d'emploi X Nous utilisons des cookies pour vous offrir la meilleure expérience utilisateur possible. En continuant à utiliser notre site, vous acceptez leur utilisation. En savoir plus Accueil Recherche Candidat Recruteur",,,,,,,,,IT & Software,ok
EmploiTunisie,Comptable Débutant - Aouina,None,None,None,https://www.emploitunisie.com/recruteur/323846,"EVEREST AUDIT ET CONSULTING Profil de lentreprise Entreprise : EVEREST AUDIT ET CONSULTING Ville : La Marsa Pays : Tunisie Secteur dactivité : Conseil, audit, comptabilité Site Internet : non disponible Description de l'entreprise Nous sommes un groupe de cabinets d'expertise comptable installé en France et en Tunisie. Nos offres d'emploi",,,,,,,,,IT & Software,ok
EmploiTunisie,Ingénieur Supérieur en Métallurgie - Ben Arous,None,None,None,https://www.emploitunisie.com/recruteur/191844,"LE MEUBLE Profil de lentreprise Entreprise : LE MEUBLE Ville : Ben Arous Pays : Tunisie Secteur dactivité : BTP, construction Site Internet : non disponible Description de l'entreprise Le meuble leader sur le marché, spécialisé dans la fabrication et la construction de meubles métalliques. Nos offres d'emploi",,,,,,,,Senior,IT & Software,ok
EmploiTunisie,Chauffeur Déménageur Poids Lourd - Tunis Carthage,None,None,None,https://www.emploitunisie.com/recruteur/147138,"AGS CARTHAGO MOVING AND STORAGE Profil de lentreprise Entreprise : AGS CARTHAGO MOVING AND STORAGE Ville : Tunis Pays : Tunisie Secteur dactivité : Import, export - Transports, logistique, services postaux Site Internet : https://www.ags-demenagement.com/ Description de l'entreprise AGS Déménagement Internationaux recrute en Tunisie ! Vous recherchez un nouveau défi professionnel ? Rejoignez notre agence en pleine expansion et participez à son développement. AGS est une entreprise renommée spécialisée dans les services de déménagement et de relocation. Nos offres d'emploi",,,,,,,,,IT & Software,ok
EmploiTunisie,Coordinateur(trice) Douane Import  Export Transport H/F - Tunis Carthage,None,None,None,https://www.emploitunisie.com/recruteur/147138,"AGS CARTHAGO MOVING AND STORAGE Profil de lentreprise Entreprise : AGS CARTHAGO MOVING AND STORAGE Ville : Tunis Pays : Tunisie Secteur dactivité : Import, export - Transports, logistique, services postaux Site Internet : https://www.ags-demenagement.com/ Description de l'entreprise AGS Déménagement Internationaux recrute en Tunisie ! Vous recherchez un nouveau défi professionnel ? Rejoignez notre agence en pleine expansion et participez à son développement. AGS est une entreprise renommée spécialisée dans les services de déménagement et de relocation. Nos offres d'emploi",,,,,,,,,IT & Software,ok
EmploiTunisie,Kinésithérapeute - Sfax,None,None,None,https://www.emploitunisie.com/recruteur/304595,"NATURAL CARE CENTER Profil de lentreprise Entreprise : NATURAL CARE CENTER Ville : Sfax Pays : Tunisie Secteur dactivité : Luxe, cosmétiques Site Internet : non disponible Description de l'entreprise Natural care center est un centre de bien être , remise forme et soi de la peau pour hommes et femmes. situé a sfax au centre ville Nos offres d'emploi",,,,,,,,,IT & Software,ok
EmploiTunisie,Réceptionniste (Maison Dhôtes) - Hammam Sousse,None,None,None,https://www.emploitunisie.com/recruteur/308436,"VIP HOUSE RESIDENCE Profil de lentreprise Entreprise : VIP HOUSE RESIDENCE Ville : Sousse Pays : Tunisie Secteur dactivité : Hôtellerie, restauration Site Internet : non disponible Description de l'entreprise VIP House Résidence est un établissement moderne et convivial offrant des logements confortables et des services de qualité. Notre mission est de garantir à chaque client une expérience unique, basée sur laccueil, le professionnalisme et la satisfaction. Travailler chez VIP House Résidence, cest rejoindre une équipe dynamique et passionnée, où chaque collaborateur joue un rôle clé dans le succès de lentreprise. Nous valorisons : Lesprit déquipe et la collaboration Le sens du service et de lhospitalité Le professionnalisme et la rigueur Lenvie dévoluer et de progresser avec nous Nos offres d'emploi",,,teamwork,,,,,,IT & Software,ok
EmploiTunisie,Technicien Génie Civil - Sfax,None,None,None,https://www.emploitunisie.com/recruteur/383219,"ENTREPRISE JAMEL SOUISSI Profil de lentreprise Entreprise : ENTREPRISE JAMEL SOUISSI Ville : sfax Pays : Tunisie Secteur dactivité : BTP, construction Site Internet : non disponible Description de l'entreprise Entreprise Jamel Souissi construction métallique et Génie civil Nos offres d'emploi",,,,,,,,,IT & Software,ok
EmploiTunisie,Chargée de Service Client  E-commerce - Sousse,None,None,None,https://www.emploitunisie.com/recruteur/383279,"GOBIG Profil de lentreprise Entreprise : GOBIG Ville : Sousse Pays : Tunisie Secteur dactivité : Distribution, vente, commerce de gros - Marketing, communication, médias Site Internet : http://www.gobig.tn Description de l'entreprise Gobig est une entreprise dynamique opérant dans le secteur du e-commerce en Tunisie, spécialisée dans la vente en ligne et lamélioration de lexpérience client digitale. Nos offres d'emploi",,,communication,,,,,,IT & Software,ok
EmploiTunisie,Ingénieur Informatique H/F - Tunis,None,None,None,https://www.emploitunisie.com/recruteur/27127,"SAAMP Profil de lentreprise Entreprise : SAAMP Ville : Aubagne Pays : France Secteur dactivité : Métallurgie, sidérurgie Site Internet : http://www.saamp.com Description de l'entreprise SAAMP SAAMP spécialiste en métaux precieux. DIVISIONS Les activités de SAAMP sont organisées en 5 divisions : affinage, bijouterie, gestion métal, analyse et contrôle, traitement de surface. PRODUITS Les produits : alliages, demi-produits, apprêts de bijouterie, lingots, galvanoplastie. Nos offres d'emploi",,,,,,,,,IT & Software,ok
EmploiTunisie,Comptable H/F - Tunis,None,None,None,https://www.emploitunisie.com/recruteur/27127,"SAAMP Profil de lentreprise Entreprise : SAAMP Ville : Aubagne Pays : France Secteur dactivité : Métallurgie, sidérurgie Site Internet : http://www.saamp.com Description de l'entreprise SAAMP SAAMP spécialiste en métaux precieux. DIVISIONS Les activités de SAAMP sont organisées en 5 divisions : affinage, bijouterie, gestion métal, analyse et contrôle, traitement de surface. PRODUITS Les produits : alliages, demi-produits, apprêts de bijouterie, lingots, galvanoplastie. Nos offres d'emploi",,,,,,,,,IT & Software,ok
EmploiTunisie,Directeur de Développement Commercial H/F - Tunisie,None,None,None,https://www.emploitunisie.com/recruteur/27127,"SAAMP Profil de lentreprise Entreprise : SAAMP Ville : Aubagne Pays : France Secteur dactivité : Métallurgie, sidérurgie Site Internet : http://www.saamp.com Description de l'entreprise SAAMP SAAMP spécialiste en métaux precieux. DIVISIONS Les activités de SAAMP sont organisées en 5 divisions : affinage, bijouterie, gestion métal, analyse et contrôle, traitement de surface. PRODUITS Les produits : alliages, demi-produits, apprêts de bijouterie, lingots, galvanoplastie. Nos offres d'emploi",,,,,,,,,IT & Software,ok
EmploiTunisie,Ingénieur Commercial(e) - Sfax,None,None,None,https://www.emploitunisie.com/recruteur/127125,"MYPARTNER-ISC Profil de lentreprise Entreprise : MYPARTNER-ISC Ville : Sfax Pays : Tunisie Secteur dactivité : Ingénierie, études développement Site Internet : non disponible Description de l'entreprise Cise en Tunisie, la société MyPartner ISC est principalement un éditeur de logiciels dédiés pour le compte de nos clients à l'échelle nationale et internationale. Les activités de MyPartner isc : Edition logiciel Développement spécifique de logiciels : Concevoir des solutions qui répondent pleinement à vos besoins spécifiques et à vos attentes. Pilotage des projets de transformation digitale. Développement d'applications mobiles. Les services de consulting et accompagnement dans vos projets de mise en place de vos systèmes d'informations. Notre objectif est d'amener vos projets au succès en mettant à profit notre savoir-faire et notre expérience. Nos offres d'emploi",,,,,,,,,IT & Software,ok
EmploiTunisie,Media Buyer Junior - Centre Urbain Nord,None,None,None,https://www.emploitunisie.com/recruteur/96164,"EMINENCE TUNISIE Profil de lentreprise Entreprise : EMINENCE TUNISIE Ville : centre urbain nord Pays : Tunisie Secteur dactivité : Marketing, communication, médias Site Internet : https://eminence.tn/ Description de l'entreprise Eminence est une agence de marketing suisse spécialisée en marketing digital, basée à Tunis. Nous sommes spécialisés dans lélaboration de stratégies de marketing digital pour les marques, dans le développement de leurs plateformes web, la génération de trafic et de leads et dans la mise en place de stratégie de conversion et de fidélisation de leurs cibles. Nos offres d'emploi",,,"communication, digital marketing",,,,,Senior,IT & Software,ok
EmploiTunisie,Technicien Développement Lavage Textile - Touza,None,None,None,https://www.emploitunisie.com/recruteur/383180,"YOUSSTEX INTERNATIONAL & WASH Profil de lentreprise Entreprise : YOUSSTEX INTERNATIONAL & WASH Ville : Touza Pays : Tunisie Secteur dactivité : Industrie, production, fabrication, autres - Textile, habillement, cuir, chaussures Site Internet : https://yousstex.com Description de l'entreprise Lentreprise Yousstex International est une usine textile située à Touza, dans le gouvernorat de Monastir, spécialisée dans la confection et lavage de vêtements, notamment les jeans. La production couvre la coupe, confection, broderie, lavage, teinture et finition Nos offres d'emploi",,,,,,,,,IT & Software,ok
EmploiTunisie,Technicien Help Desk - Sousse,None,None,None,https://www.emploitunisie.com/recruteur/243926,"ALTRA CALL Profil de lentreprise Entreprise : ALTRA CALL Ville : Sousse Pays : Tunisie Secteur dactivité : Centres dappel, hotline, call center - Conseil, audit, comptabilité - Informatique, SSII, Internet - Marketing, communication, médias - Services autres Site Internet : https://altra-call.com/ Description de l'entreprise ALTRACALL est une société de services à la pointe de la technologie, spécialisée dans lengagement des clients et lamélioration des performances commerciales. Chez ALTRACALL, nous offrons une expérience exceptionnelle à chaque contact, grâce à nos valeurs : engagement, passion et dévouement à lexcellence, créant ainsi plus de valeur ajoutée pour nos collaborateurs, nos clients, notre marché et nos actionnaires. Nos offres d'emploi",,,communication,,,,,,IT & Software,ok
EmploiTunisie,Comptable (Comptabilité Française) - Sousse,None,None,None,https://www.emploitunisie.com/recruteur/243926,"ALTRA CALL Profil de lentreprise Entreprise : ALTRA CALL Ville : Sousse Pays : Tunisie Secteur dactivité : Centres dappel, hotline, call center - Conseil, audit, comptabilité - Informatique, SSII, Internet - Marketing, communication, médias - Services autres Site Internet : https://altra-call.com/ Description de l'entreprise ALTRACALL est une société de services à la pointe de la technologie, spécialisée dans lengagement des clients et lamélioration des performances commerciales. Chez ALTRACALL, nous offrons une expérience exceptionnelle à chaque contact, grâce à nos valeurs : engagement, passion et dévouement à lexcellence, créant ainsi plus de valeur ajoutée pour nos collaborateurs, nos clients, notre marché et nos actionnaires. Nos offres d'emploi",,,communication,,,,,,IT & Software,ok
EmploiTunisie,Agent de Payment - Ariana,None,None,None,https://www.emploitunisie.com/recruteur/384393,"IZI ZITOUNA PAYMENT Profil de lentreprise Entreprise : IZI ZITOUNA PAYMENT Ville : Ariana Pays : Tunisie Secteur dactivité : Banque, assurance, finances Site Internet : non disponible Description de l'entreprise Agence de paiement. Nos offres d'emploi",,,,,,,,,IT & Software,ok
EmploiTunisie,Chef de Projet - Ariana Ville,None,None,None,https://www.emploitunisie.com/recruteur/384398,"CELLCOM Profil de lentreprise Entreprise : CELLCOM Ville : Ariana Ville Pays : Tunisie Secteur dactivité : Distribution, vente, commerce de gros Site Internet : non disponible Description de l'entreprise Acteur clé du secteur de la téléphonie mobile depuis sa création en 1997 et distributeur des produits de Tunisie Telecom depuis 2007, Cellcom, avec sa marque Evertek, est le 3 distributeur GSM en Tunisie. Cellcom bénéficie dune forte présence sur le marché tunisien grâce à un réseau de distribution de plus de 1 000 points de vente. En 2018, Cellcom a obtenu lexclusivité de la distribution de la marque INFINIX en Tunisie, suivie des marques Neffos et ITEL en 2019. Aujourdhui, Cellcom étend son domaine dexpertise aux services à valeur ajoutée via son partenaire CHIFCO, spécialisé en IoT, apprentissage automatique, Big Data et Business Intelligence. Nos offres d'emploi",,,machine learning,,,,,,IT & Software,ok
EmploiTunisie,Responsable Maintenance - Ariana,None,None,None,https://www.emploitunisie.com/recruteur/90483,"GRAPHIKA Profil de lentreprise Entreprise : GRAPHIKA Ville : ARIANA Pays : Tunisie Secteur dactivité : Édition, imprimerie Site Internet : http://www.graphika.tn/ Description de l'entreprise GRAPHIKA ! est une imprimerie créée en 1996, spécialisé dans l'imprimé en continu et l'impression des étiquettes autocollantes adhésives depuis 2009. En effet, dans le cadre de sa stratégie de développement, elle a intégré une unité complète dimpression à technologie offset Ultra Violet et de finition détiquettes adhésives en bobine de très haute qualité. Nos offres d'emploi",,,,,,,,,IT & Software,ok
EmploiTunisie,Aide Administrative - Ariana,None,None,None,https://www.emploitunisie.com/recruteur/384435,"SCOOP ENERGIE Profil de lentreprise Entreprise : SCOOP ENERGIE Ville : Ariana Ville Pays : Tunisie Secteur dactivité : Electricité, eau, gaz, nucléaire, énergie Site Internet : https://www.scoop-energie.tn/ Description de l'entreprise SCOOP ÉNERGIE est une entreprise spécialisée dans linstallation de systèmes photovoltaïques, offrant des solutions énergétiques durables et adaptées aux besoins des particuliers et des professionnels. Nous accompagnons nos clients à chaque étape de leur projet solaire, de létude à la mise en service, avec un engagement fort envers la qualité et lefficacité énergétique. Nos offres d'emploi",,,,,,,,,IT & Software,ok
EmploiTunisie,Réceptionniste - Monastir,None,None,None,https://www.emploitunisie.com/recruteur/369446,"CLINIQUE EL HABIB Profil de lentreprise Entreprise : CLINIQUE EL HABIB Ville : Monastir Pays : Tunisie Secteur dactivité : Santé, pharmacie, hôpitaux, équipements médicaux Site Internet : http://www.cliniquelhabib.com Description de l'entreprise Clinique Pluridisciplinaire Nos offres d'emploi",,,,,,,,,IT & Software,ok
EmploiTunisie,Pharmacienne - Ariana,None,None,None,https://www.emploitunisie.com/recruteur/384547,"MEDPHARMA Profil de lentreprise Entreprise : MEDPHARMA Ville : Ariana Pays : Tunisie Secteur dactivité : Distribution, vente, commerce de gros Site Internet : non disponible Description de l'entreprise Medpharma est une société spécialisé dans les fournitures médicales en Tunisie. Nos offres d'emploi",,,,,,,,,IT & Software,ok
EmploiTunisie,Technicien Confirmé en Sécurité Électronique - Ariana,None,None,None,https://www.emploitunisie.com/recruteur/384589,"KEYSOFT SARL TUNISIE Profil de lentreprise Entreprise : KEYSOFT SARL TUNISIE Ville : Ariana Pays : Tunisie Secteur dactivité : Equip. électriques, électroniques, optiques, précision - Maintenance, entretien, service après vente - Télécom Site Internet : non disponible Description de l'entreprise La société  KEYSOFT , crée en 2005, est linstallateur de grandes marques européennes de sécurité tel que : Automatic Systems, AV MEKANIEK, MAKIM, NEDAP, HID Corporation, DINEC, ELKRON, IDEMIA, SUPREMA . Keysoft est aussi un intégrateur des solutions de sécurité. KEYSOFT est spécialiste dans létude, la distribution, linstallation et la maintenance des systèmes de sécurité suivants : Les systèmes de sécurité anti-intrusion. Les systèmes de pointage biométrique et à cartes de proximité. Les systèmes de protection contre les incendies. Les systèmes de vidéosurveillance. Les réseaux informatiques. Les systèmes du contrôle et de gestion des accès piétons et véhicules. Nos offres d'emploi",,,,,,,,,IT & Software,ok
EmploiTunisie,Technicien Supérieur en Génie Civil - Montplaisir,None,None,None,https://www.emploitunisie.com/recruteur/384621,"MEDIS INGENIERIE Profil de lentreprise Entreprise : MEDIS INGENIERIE Ville : Montplaisir Pays : Tunisie Secteur dactivité : BTP, construction - Immobilier, architecture, urbanisme - Ingénierie, études développement Site Internet : non disponible Description de l'entreprise Bureau d'études techniques en Génie Civil Nos offres d'emploi",,,,,,,,,IT & Software,ok
EmploiTunisie,Stagiaire Designer Graphique (H/F) - Monastir,None,None,None,https://www.emploitunisie.com/recruteur/302269,"CLEVERTECH Profil de lentreprise Entreprise : CLEVERTECH Ville : Tunis Pays : Tunisie Secteur dactivité : Télécom Site Internet : https://www.clevertech-france.fr/ Description de l'entreprise CleverTech est une société de conseil et un éditeur logiciel de nouvelle génération. Nous intervenons auprès de nos clients et répondons à leurs besoins afin de réaliser leurs projets en utilisant les technologies de pointe. Nous cherchons des personnalités passionnées qui nous ressemblent ! Dans un environnement convivial et chaleureux, venez révéler vos talents ! Nos offres d'emploi",,,,,,,,,IT & Software,ok
EmploiTunisie,Stagiaire Business Developer (H/F) - Monastir,None,None,None,https://www.emploitunisie.com/recruteur/302269,"CLEVERTECH Profil de lentreprise Entreprise : CLEVERTECH Ville : Tunis Pays : Tunisie Secteur dactivité : Télécom Site Internet : https://www.clevertech-france.fr/ Description de l'entreprise CleverTech est une société de conseil et un éditeur logiciel de nouvelle génération. Nous intervenons auprès de nos clients et répondons à leurs besoins afin de réaliser leurs projets en utilisant les technologies de pointe. Nous cherchons des personnalités passionnées qui nous ressemblent ! Dans un environnement convivial et chaleureux, venez révéler vos talents ! Nos offres d'emploi",,,,,,,,,IT & Software,ok
EmploiTunisie,Responsable Administratif et Financier - Tunis,None,None,None,https://www.emploitunisie.com/recruteur/384905,"SEMAPSOLAR Profil de lentreprise Entreprise : SEMAPSOLAR Ville : Tunis Pays : Tunisie Secteur dactivité : Ingénierie, études développement Site Internet : http://semapsolar.tn Description de l'entreprise La société SEMAPSOLAR est une filiale de la société SEMAP. Elle opère principalement dans le secteur de lénergie renouvelable, depuis 2016 dans le cadre du PST' plan solaire tunisien. Elle et est agréée par lANME pour la réalisation des installations photovoltaïques raccordée au réseau électrique national. Nos offres d'emploi",,,,,,,,,IT & Software,ok
EmploiTunisie,Assistante Administrative et Commerciale - Ariana,None,None,None,https://www.emploitunisie.com/recruteur/385068,"OBO SMART TEQ Profil de lentreprise Entreprise : OBO SMART TEQ Ville : Ariana Pays : Tunisie Secteur dactivité : Distribution, vente, commerce de gros Site Internet : non disponible Description de l'entreprise OBO Smart TEQ est un spécialiste en vente, installation de portes automatiques et contrôle d'accès, distributeur officiel de la marque italienne GI:BI:DI AUTOMATION et propose des solutions complètes pour garages , portails et contrôle d'accès Nos offres d'emploi",,,,italian,,,,,IT & Software,ok
EmploiTunisie,Aide Magasinier - Ben Arous,None,None,None,https://www.emploitunisie.com/recruteur/385097,"REGULATION RESISTANCE ELECTRIQUE 2RE Profil de lentreprise Entreprise : REGULATION RESISTANCE ELECTRIQUE 2RE Ville : Ben Arous Pays : Tunisie Secteur dactivité : Industrie, production, fabrication, autres Site Internet : http://WWW.2RE.COM.TN Description de l'entreprise Fondée depuis 2005 , la société RÉGULATION RÉSISTANCE ELECTRIQUE  2RE  , spécialisée dans la fabrication et la commercialisation des résistances électriques chauffantes à usage industriel ainsi quune large gamme des accessoires haute température. 2RE assure aussi la distribution des composantes en carbone et graphite (MERSIN FRANCE ex : Carbone Loraine France), des produits étanchéité et des pièces de rechange des matériels industriels des moules (éjecteurs, ressorts ) 2RE privilégie toujours le cadre de partenariat technique et commerciale avec ses clients par une fabrication et solution sur mesure. 2RE conçoit et adopte ses produits aux spécifications de chacun de ses clients afin de leurs garantir le meilleur service, la bonne qualité, délai respecté et prix hautement étudié. Nos offres d'emploi",,,,,,,,,IT & Software,ok
EmploiTunisie,Sales Development Representative (SDR) - Mégrine,None,None,None,https://www.emploitunisie.com/recruteur/240126,"SGH MEDICAL PHARMA TUNISIE Profil de lentreprise Entreprise : SGH MEDICAL PHARMA TUNISIE Ville : Megrine Pays : Tunisie Secteur dactivité : Industrie pharmaceutique - Industrie, production, fabrication, autres - Santé, pharmacie, hôpitaux, équipements médicaux - Services autres Site Internet : https://www.sgh-medical.com/ Description de l'entreprise Le groupe SGH Medical Pharma (Stiplastics, Rovipharm, Eskiss, SGH Tunisie) est un leader Européen du dispositif médical et de ladministration du médicament. Fort de récents développements majeurs dans le domaine du Diagnostic In Vitro, lauréat du plan de relance  modernisation de lindustrie , notre groupe continue de grandir et se structurer. Le groupe SGH Medical Pharma propose aujourdhui une offre complète, de la production standard au développement spécifique, en passant par la sous-traitance médicale. Nos offres d'emploi",,,,,,,,Senior,IT & Software,ok
EmploiTunisie,Assistant(e) Administratif(ve) et Opérations - Centre Urbain Nord,None,None,None,https://www.emploitunisie.com/recruteur/96164,"EMINENCE TUNISIE Profil de lentreprise Entreprise : EMINENCE TUNISIE Ville : centre urbain nord Pays : Tunisie Secteur dactivité : Marketing, communication, médias Site Internet : https://eminence.tn/ Description de l'entreprise Eminence est une agence de marketing suisse spécialisée en marketing digital, basée à Tunis. Nous sommes spécialisés dans lélaboration de stratégies de marketing digital pour les marques, dans le développement de leurs plateformes web, la génération de trafic et de leads et dans la mise en place de stratégie de conversion et de fidélisation de leurs cibles. Nos offres d'emploi",,,"communication, digital marketing",,,,,Senior,IT & Software,ok
EmploiTunisie,Assistante dAccueil - Tunis,None,None,None,https://www.emploitunisie.com/recruteur/139068,"JUNIOR ROBOTICS Profil de lentreprise Entreprise : JUNIOR ROBOTICS Ville : Tunis Pays : Tunisie Secteur dactivité : Éducation, formation Site Internet : non disponible Description de l'entreprise Junior Robotics est une entreprise spécialisée dans le développement et l'enrichissement des programmes d'éducation STEAM (Science, Technologie, Ingénierie, Art et Mathématiques) destinés aux enfants âgés de 9 à 15 ans. Depuis 2018, nous proposons des formations continues adaptées à différents niveaux. Nous adoptons une approche d'apprentissage collaborative et interactive avec les élèves, en mettant l'accent sur le jeu et les échanges entre coachs et élèves, ainsi qu'entre les élèves eux-mêmes. Cela favorise le développement de la créativité, de la coopération et de la communication chez les enfants, à travers des activités collectives et ludiques. Nos offres d'emploi",,,communication,,9 à 15 ans,,,Junior,IT & Software,ok
EmploiTunisie,Formateur / Enseignant Freelance - Toute La Tunisie,None,None,None,https://www.emploitunisie.com/recruteur/384550,"TRAIN NETWORK Profil de lentreprise Entreprise : TRAIN NETWORK Ville : Tunis Pays : Tunisie Secteur dactivité : Éducation, formation Site Internet : https://train-network.com/ Description de l'entreprise TrainNetwork est une plateforme de mise en relation spécialisée dans lapprentissage et le partage des connaissances. Elle connecte formateurs, experts et passionnés avec des apprenants souhaitant développer leurs compétences et évoluer dans un environnement professionnel en constante évolution. Notre mission est de rendre la formation plus accessible, humaine et adaptée aux besoins du marché, en valorisant lexpertise et en facilitant laccès à des opportunités dapprentissage de qualité. TrainNetwork sinscrit dans une vision collaborative, favorisant un écosystème où les talents se rencontrent, les connaissances circulent et les opportunités se créent sans limites géographiques. TrainNetwork, cest un réseau dynamique de compétences et dopportunités au service de lapprentissage continu. Nos offres d'emploi",,,,,,,,,IT & Software,ok
EmploiTunisie,Masseuse - Hammamet,None,None,None,https://www.emploitunisie.com/recruteur/385462,RIVA SPA Profil de lentreprise Entreprise : RIVA SPA Ville : Hammamet Pays : Tunisie Secteur dactivité : Activités associatives Site Internet : non disponible Description de l'entreprise Centre de remise en forme SPA et Esthétique Hôtel RIVA Nos offres d'emploi,,,,,,,,,IT & Software,ok
EmploiTunisie,Superviseur de la Chaîne de Production Navale - Menzel Bourguiba,None,None,None,https://www.emploitunisie.com/recruteur/315717,"STGI-MARINE Profil de lentreprise Entreprise : STGI-MARINE Ville : Menzel bourguiba Pays : Tunisie Secteur dactivité : Aéronautique, navale Site Internet : non disponible Description de l'entreprise Depuis sa création au début des années 2000, le chantier naval STGi est spécialisé dans la conception et la construction composite. Historiquement constructeur de catamarans à voile pour Aventura Catamarans, STGi fabriquera de 2005 à 2017 des monocoques pour Kerkena Sailing avant de réaliser de 2007 à 2017 des vedettes type pêche/promenade pour Sterne Fish Motor Boats. Initialement installé à Tazarka près de Nabeul en Tunisie, c'est en 2014 que le chantier fera l'acquisition d'une nouvelle usine très moderne à Menzel Bourguiba près de Bizerte. En constante recherche dinnovations, Aventura Catamarans lancera en 2016 son premier modèle entièrement pensé moteur. Pour répondre à une forte hausse d'activité de la marque Aventura Catamarans, le chantier naval STGi choisira d'arrêter la construction des marques Kerkena Sailing et Sterne Fish Motor Boats pour se consacrer uniquement aux catamarans Aventura. Cest en 2017 que le chantier naval STGi annonce un renouvellement complet de la gamme Aventura Catamarans pour 2018. En collaboration avec Lasta Design Studios, Aventura Catamarans propose désormais les Aventura 34, 44, 10 et 14 Power. Nos offres d'emploi",,,,,,,,,IT & Software,ok
EmploiTunisie,Télé-Opérateur Réception dappel - Khzema,None,None,None,https://www.emploitunisie.com/recruteur/148801,"CALL IN CALL OUT Profil de lentreprise Entreprise : CALL IN CALL OUT Ville : Sousse Pays : Tunisie Secteur dactivité : Centres dappel, hotline, call center Site Internet : https://www.callincallout.be Description de l'entreprise CICO sarl est une entreprise de services à disposition des indépendants et des PME. Pour vous, nous gérons l'émission ou la réception de vos appels, la gestion de vos agendas, la gestion de la prise de commandes, le service technique de niveau 1 et la qualification de votre base de données. Nos offres d'emploi",,,,,,,Freelance,,IT & Software,ok
EmploiTunisie,"Responsable Commercial - Ariana, Soukra",None,None,None,https://www.emploitunisie.com/recruteur/385533,"ASTUCE DÉCO Profil de lentreprise Entreprise : ASTUCE DÉCO Ville : Ariana Pays : Tunisie Secteur dactivité : Ameublement, décoration Site Internet : https://www.astucedeco.com/ Description de l'entreprise Fabrication et vente de meuble haut de gamme en Tunisie Nos offres d'emploi",,,,,,,,,IT & Software,ok
EmploiTunisie,Consultant(e) - Manouba,None,None,None,https://www.emploitunisie.com/recruteur/315599,"CO ACCESS DISTRIBUTION Profil de lentreprise Entreprise : CO ACCESS DISTRIBUTION Ville : Manouba Pays : Tunisie Secteur dactivité : Santé, pharmacie, hôpitaux, équipements médicaux Site Internet : non disponible Description de l'entreprise Importation et distribution produits dermo-cosmétiques. Nos offres d'emploi",,,,,,,,,IT & Software,ok
EmploiTunisie,Commercial - Ben Arous,None,None,None,https://www.emploitunisie.com/recruteur/385097,"REGULATION RESISTANCE ELECTRIQUE 2RE Profil de lentreprise Entreprise : REGULATION RESISTANCE ELECTRIQUE 2RE Ville : Ben Arous Pays : Tunisie Secteur dactivité : Industrie, production, fabrication, autres Site Internet : http://WWW.2RE.COM.TN Description de l'entreprise Fondée depuis 2005 , la société RÉGULATION RÉSISTANCE ELECTRIQUE  2RE  , spécialisée dans la fabrication et la commercialisation des résistances électriques chauffantes à usage industriel ainsi quune large gamme des accessoires haute température. 2RE assure aussi la distribution des composantes en carbone et graphite (MERSIN FRANCE ex : Carbone Loraine France), des produits étanchéité et des pièces de rechange des matériels industriels des moules (éjecteurs, ressorts ) 2RE privilégie toujours le cadre de partenariat technique et commerciale avec ses clients par une fabrication et solution sur mesure. 2RE conçoit et adopte ses produits aux spécifications de chacun de ses clients afin de leurs garantir le meilleur service, la bonne qualité, délai respecté et prix hautement étudié. Nos offres d'emploi",,,,,,,,,IT & Software,ok
EmploiTunisie,Comptable Expérimenté Consolidation - Tunis,None,None,None,https://www.emploitunisie.com/recruteur/247354,"LIBRA TAX & ACCOUNTANCY Profil de lentreprise Entreprise : LIBRA TAX & ACCOUNTANCY Ville : Ans Pays : Belgique Secteur dactivité : Banque, assurance, finances - Conseil, audit, comptabilité - Services autres Site Internet : https://libra.be/ Description de l'entreprise LIBRA est un cabinet dexpertise comptable et fiscale de renom, réunissant une cinquantaine de professionnels passionnés et présents en Belgique ainsi quau Grand-Duché de Luxembourg. Notre mission principale est doffrir aux entreprises un accompagnement personnalisé, couvrant un large éventail de services juridico-financiers : expertise comptable, fiscalité, audit, fusion-acquisition, et expertise judiciaire. Fidèles à une approche humaine, engagée et qualitative, nous plaçons la relation client, la réactivité et lexcellence au cœur de nos priorités. Nos valeurs fondamentales se traduisent concrètement dans notre manière de travailler et dévoluer. Nos offres d'emploi",,,,,,,,,IT & Software,ok
EmploiTunisie,Développeur Informatique Senior - Tunis,None,None,None,https://www.emploitunisie.com/recruteur/247354,"LIBRA TAX & ACCOUNTANCY Profil de lentreprise Entreprise : LIBRA TAX & ACCOUNTANCY Ville : Ans Pays : Belgique Secteur dactivité : Banque, assurance, finances - Conseil, audit, comptabilité - Services autres Site Internet : https://libra.be/ Description de l'entreprise LIBRA est un cabinet dexpertise comptable et fiscale de renom, réunissant une cinquantaine de professionnels passionnés et présents en Belgique ainsi quau Grand-Duché de Luxembourg. Notre mission principale est doffrir aux entreprises un accompagnement personnalisé, couvrant un large éventail de services juridico-financiers : expertise comptable, fiscalité, audit, fusion-acquisition, et expertise judiciaire. Fidèles à une approche humaine, engagée et qualitative, nous plaçons la relation client, la réactivité et lexcellence au cœur de nos priorités. Nos valeurs fondamentales se traduisent concrètement dans notre manière de travailler et dévoluer. Nos offres d'emploi",,,,,,,,,IT & Software,ok
EmploiTunisie,Customer Success Specialist  Italien (B2/C1) - Tunis,None,None,None,https://www.emploitunisie.com/recruteur/385655,"SATURNINO GRROUP Profil de lentreprise Entreprise : SATURNINO GRROUP Ville : Tunis Pays : Tunisie Secteur dactivité : Informatique, SSII, Internet - Ingénierie, études développement - Marketing, communication, médias - Recherche et développement Site Internet : non disponible Description de l'entreprise Saturnino Group, leader italien dans les domaines de la sécurité, du renseignement et des technologies avancées. Nos offres d'emploi",,,communication,italian,,,,Senior,IT & Software,ok
EmploiTunisie,Chargé Ressources Humaines - El Menzah,None,None,None,https://www.emploitunisie.com/recruteur/385854,"GO ! SUSHI Profil de lentreprise Entreprise : GO ! SUSHI Ville : El Menzah Pays : Tunisie Secteur dactivité : Administration publique - Hôtellerie, restauration Site Internet : https://gosushi.tn/ Description de l'entreprise Chez Go ! Sushi, nous mettons tout en œuvre pour vous offrir la meilleure expérience de dégustation, car nous pensons que les moments agréables s'accompagnent de mets gouteux. Nous vous proposons des recettes innovantes et des services de livraison qui s'approchent au mieux de vos exigences pour apporter un plus à vos moments. Nos offres d'emploi",,exigences pour apporter un plus à vos moments. Nos offres d'emploi,,,,,,,IT & Software,ok
EmploiTunisie,Vendeuse - Sfax,None,None,None,https://www.emploitunisie.com/recruteur/231237,"PÂTISSERIE MASMOUDI Profil de lentreprise Entreprise : PÂTISSERIE MASMOUDI Ville : Sfax Pays : Tunisie Secteur dactivité : Agroalimentaire - Distribution, vente, commerce de gros - Hôtellerie, restauration - Industrie, production, fabrication, autres - Services autres Site Internet : non disponible Description de l'entreprise Pâtisserie Masmoudi est une société tunisienne leader dans le domaine de pâtisserie ; fondée en 1972 à Sfax Nos offres d'emploi",,,,,,,,Senior,IT & Software,ok
EmploiTunisie,Agent Financier - Sahloul-Sousse,None,None,None,https://www.emploitunisie.com/recruteur/77962,"HORIZON EFELE Profil de lentreprise Entreprise : HORIZON EFELE Ville : Sousse Pays : Tunisie Secteur dactivité : Éducation, formation Site Internet : https://horizon-tech.tn/ Description de l'entreprise Horizon School of Digital Technologies est un établissement denseignement supérieur privé spécialisé en Informatique basé à Sousse. Nos offres d'emploi",,,,,,,,,IT & Software,ok
EmploiTunisie,Ingénieure Génie Civil - Route Gabes Km03 Médenine Nort,None,None,None,https://www.emploitunisie.com/recruteur/348690,"BATIRAMA BSTP Profil de lentreprise Entreprise : BATIRAMA BSTP Ville : Médenine Nort Pays : Tunisie Secteur dactivité : BTP, construction - Immobilier, architecture, urbanisme - Ingénierie, études développement Site Internet : non disponible Description de l'entreprise BATIRAMA Services et Travaux Publics et une entreprise de bâtiment Multi-services dans le domaines de la construction spécialisé dans les travaux de génie civile et de finitions . Notre structure nous permet de réaliser différentes tâches de maçonnerie, de rénovation, de démolition, de béton armé, de travaux publics etc. Nos offres d'emploi","tâches de maçonnerie, de rénovation, de démolition, de béton armé, de travaux publics etc. Nos offres d'emploi",,,,,,,,IT & Software,ok
EmploiTunisie,Electrical Engineer (Wastewater Treatment) - Tunis,None,None,None,https://www.emploitunisie.com/recruteur/386243,"PASSAVANT ENGINEERING NORTH AFRICA Profil de lentreprise Entreprise : PASSAVANT ENGINEERING NORTH AFRICA Ville : La Marsa Pays : Tunisie Secteur dactivité : Ingénierie, études développement Site Internet : non disponible Description de l'entreprise Passavant Energy & Environment is a German company specializing in water and wastewater treatment solutions, delivering innovative and high-quality projects worldwide. Nos offres d'emploi",,,,german,,,,,IT & Software,ok
EmploiTunisie,Opératrice de Production - Soliman,None,None,None,https://www.emploitunisie.com/recruteur/22354,"VISTEON ELECTRONICS TUNISIA Profil de lentreprise Entreprise : VISTEON ELECTRONICS TUNISIA Ville : Ben Arous Pays : Tunisie Secteur dactivité : Automobile, matériels de transport, réparation Site Internet : https://www.visteon.com/ Description de l'entreprise VISTEON is one of the worlds most recognized automotive suppliers focused on, and well positioned in, high-growth automotive thermal management and cockpit electronics markets. Our force 29 000 employees around the world in 32 countries. Nos offres d'emploi",,,,,,,,,IT & Software,ok
EmploiTunisie,Agente Administrative - Tunis,None,None,None,https://www.emploitunisie.com/recruteur/302873,"RUSTICA CRUISES Profil de lentreprise Entreprise : RUSTICA CRUISES Ville : Tunis Pays : Tunisie Secteur dactivité : Tourisme, loisirs Site Internet : non disponible Description de l'entreprise Rustica Cruises est une société fondée en 2013 spécialisé dans la vente de croisières pour nos partenaires européens. Passionnés de voyages et de découvertes, nous offrons à nos clients des expériences uniques sur les mers du monde et à notre équipe un environnement stimulant, motivant et évolutif ! Nos offres d'emploi",,,,,,,,,IT & Software,ok
EmploiTunisie,Web Designer - Sahloul,None,None,None,https://www.emploitunisie.com/recruteur/362408,"BUSINESS INCUBATION BOOSTER Profil de lentreprise Entreprise : BUSINESS INCUBATION BOOSTER Ville : sousse Pays : Tunisie Secteur dactivité : Services autres Site Internet : non disponible Description de l'entreprise Business Incubation Booster est une structure de services qui accompagne les entrepreneurs, start-ups et petites entreprises dans leurs premières étapes de développement. Lentreprise est basée à Sousse et intervient particulièrement dans les services dappui aux entreprises, notamment dans des domaines clés comme la création, lorganisation et le soutien stratégique. Nos offres d'emploi",,,,,,,,,IT & Software,ok
EmploiTunisie,Agent de Prospection dans une Agence Immobiliére - Tunis,None,None,None,https://www.emploitunisie.com/recruteur/386485,"PLAZA IMMO Profil de lentreprise Entreprise : PLAZA IMMO Ville : Tunis Pays : Tunisie Secteur dactivité : Immobilier, architecture, urbanisme Site Internet : https://www.plaza-immo.com/ Description de l'entreprise Avec plus de quinze ans dexpérience dans le domaine de limmobilier, lingénieur Sadok Benrabah a fondé PLAZA IMMO, une agence immobilière agréée par létat sous lagrément 763 délivré par le ministère du commerce. En tant que courtier, gestionnaire du patrimoine et évaluateur de biens, Sadok a élargi les services de son agence, incluant lorganisation de cérémonies et lagencement des locaux. Bénéficiant dun réseau national et international, PLAZA IMMO se positionne avant tout comme votre conseiller en agence immobilière. Nos offres d'emploi",,,,,,Bac+5,,,IT & Software,ok
EmploiTunisie,Commercial Boutique - Menzah - Soukra - Carthage- Aouina,None,None,None,https://www.emploitunisie.com/recruteur/97120,"BC DISTRIBUTION Profil de lentreprise Entreprise : BC DISTRIBUTION Ville : TUNIS Pays : Tunisie Secteur dactivité : Agroalimentaire - Distribution, vente, commerce de gros Site Internet : http://www.atablelepiceriefine.com Description de l'entreprise Le groupe B.C. Distribution opère depuis 2013 dans le secteur de l'épicerie fine haut de gamme en Tunisie et à l'international sous la marque A TABLE-L'épicerie fine, Eternity Juice, KSAR Tunis et également pour le secteur hôtelier de luxe. Notre objectif est de valoriser les produits de terroir tunisien et la promotion du savoir faire de nos artisans. Nous proposons une large gamme de produits alimentaires de qualité dont la majorité sont produites dans nos ateliers. Actuellement, nous possédons 2 points de vente (Menzah1 et La Marsa) et un shop online qui couvre le grand Tunis. Nos offres d'emploi",,,,,,,,,IT & Software,ok
EmploiTunisie,Assistante Administrative - Ariana,None,None,None,https://www.emploitunisie.com/recruteur/105658,"COENERGY Profil de lentreprise Entreprise : COENERGY Ville : ariana Pays : Tunisie Secteur dactivité : Informatique, SSII, Internet Site Internet : non disponible Description de l'entreprise CoEnergy est une société Tunisienne de services fondée en 2020, associant le savoir-faire technique et fonctionnel pour répondre aux besoins de ses clients. Le domaine dactivité de CoEnergy sétend pour couvrir les installations électriques, lanti-intrusion, la détection incendie, le contrôle daccès et les réseaux informatiques et de télécommunication. Cest maintenant un service performant et fiable dans le marché tunisien de sécurité électronique. Nous sommes fiers davoir collaboré avec des entreprises de grande envergure citons : (TECHNOLINE, ALPHA FORD, GEEK, ACTIA, ELECTROSTAR, LE GRAND BLEU, EL BARAKA). Nous avons pu répondre à leurs besoins avec plaisir grâce à notre équipe professionnelle dynamique. Nos offres d'emploi",,,communication,,,,,,IT & Software,ok
EmploiTunisie,Technicien de Réseaux - Ariana,None,None,None,https://www.emploitunisie.com/recruteur/105658,"COENERGY Profil de lentreprise Entreprise : COENERGY Ville : ariana Pays : Tunisie Secteur dactivité : Informatique, SSII, Internet Site Internet : non disponible Description de l'entreprise CoEnergy est une société Tunisienne de services fondée en 2020, associant le savoir-faire technique et fonctionnel pour répondre aux besoins de ses clients. Le domaine dactivité de CoEnergy sétend pour couvrir les installations électriques, lanti-intrusion, la détection incendie, le contrôle daccès et les réseaux informatiques et de télécommunication. Cest maintenant un service performant et fiable dans le marché tunisien de sécurité électronique. Nous sommes fiers davoir collaboré avec des entreprises de grande envergure citons : (TECHNOLINE, ALPHA FORD, GEEK, ACTIA, ELECTROSTAR, LE GRAND BLEU, EL BARAKA). Nous avons pu répondre à leurs besoins avec plaisir grâce à notre équipe professionnelle dynamique. Nos offres d'emploi",,,communication,,,,,,IT & Software,ok
EmploiTunisie,Régleur de Machines dInjection et dExtrusion Plastique (H/F) - Hammam Sousse,None,None,None,https://www.emploitunisie.com/recruteur/369133,"SALWA PLAST Profil de lentreprise Entreprise : SALWA PLAST Ville : Hammam Sousse Pays : Tunisie Secteur dactivité : Ameublement, décoration - Industrie, production, fabrication, autres - Papier, bois, caoutchouc, plastique, verre, tabac Site Internet : http://salwaplast.net Description de l'entreprise Industries plastique, ameublement et aménagement d'espaces Nos offres d'emploi",,,c#,,,,,,IT & Software,ok
EmploiTunisie,Dessinateur de Moules en Plasturgie (H/F) - Hammam Sousse,None,None,None,https://www.emploitunisie.com/recruteur/369133,"SALWA PLAST Profil de lentreprise Entreprise : SALWA PLAST Ville : Hammam Sousse Pays : Tunisie Secteur dactivité : Ameublement, décoration - Industrie, production, fabrication, autres - Papier, bois, caoutchouc, plastique, verre, tabac Site Internet : http://salwaplast.net Description de l'entreprise Industries plastique, ameublement et aménagement d'espaces Nos offres d'emploi",,,c#,,,,,,IT & Software,ok
EmploiTunisie,Responsable Management de la Qualité - Ben Arous,None,None,None,https://www.emploitunisie.com/recruteur/226034,"IDEAL SANITAIRE Profil de lentreprise Entreprise : IDEAL SANITAIRE Ville : Ben Arous Pays : Tunisie Secteur dactivité : Industrie, production, fabrication, autres Site Internet : https://www.ideal-sanitaire.com/ Description de l'entreprise IDEAL SANITAIRE implantée à Tunis, produit annuellement 1 million darticles sanitaires pour salles de bains et cuisines en porcelaine vitrifiée, grès fin émaillé et en acrylique baignoires et hydro massages, lave-mains, vasques, cabines de douche Nos offres d'emploi",,,,,,,,,IT & Software,ok
EmploiTunisie,Agent Immobilier - Ariana,None,None,None,https://www.emploitunisie.com/recruteur/327262,"AGENCE KENZA IMMOBILIÈRE Profil de lentreprise Entreprise : AGENCE KENZA IMMOBILIÈRE Ville : Ariana Pays : Tunisie Secteur dactivité : Immobilier, architecture, urbanisme Site Internet : non disponible Description de l'entreprise Agence KENZA Immobilière la Soukra est présenté sur le territoire depuis 2008. A travers ses jeunes experts, elle offre des services dintermédiation immobilière pour lachat, la vente ou la location de tous types de bien immobilier , à travers sa méthodologie de travail et sa force de commercialisation , Agence KENZA Immobilière a pu se distinguer la plus grande part de marché dans le secteur. Nos offres d'emploi",,,,,,,,,IT & Software,ok
EmploiTunisie,Consultant EPM Junior - Tunis,None,None,None,https://www.emploitunisie.com/recruteur/383742,"PLANUS ANALYTICS Profil de lentreprise Entreprise : PLANUS ANALYTICS Ville : Paris Pays : France Secteur dactivité : Informatique, SSII, Internet Site Internet : https://planus-analytics.com/ Description de l'entreprise Expert en conseil IT et transformation numérique (solutions EPM, ERP, CRM, BI et Data visualisation) depuis 2019, Planus Analytics accompagne les PME, grandes entreprises et startups dans la modernisation de leurs infrastructures technologiques. Grâce nos expertises reconnues et à nos partenariats stratégiques, nous apportons des solutions concrètes et personnalisées pour optimiser vos processus métiers et accroître votre compétitivité. Nos offres d'emploi",,,"crm, erp",,,,,,IT & Software,ok
EmploiTunisie,Chargé Transport et Transit - Tunis,None,None,None,https://www.emploitunisie.com/recruteur/387891,"ENTRAC INTERNATIONAL SA Profil de lentreprise Entreprise : ENTRAC INTERNATIONAL SA Ville : Tunis Pays : Tunisie Secteur dactivité : Ingénierie, études développement - Services autres Site Internet : https://entrac-international.com/ Description de l'entreprise ENTRAC International, membre du groupe EPPM, se démarque en tant que leader dans la conception et la fourniture d'équipements d'ingénierie pour les secteurs du pétrole, du gaz et du traitement de l'eau en Afrique et au Moyen-Orient. Nous avons réalisé avec succès plusieurs projets complexes avec des NOC et des IOC réputés. Notre gamme étendue d'équipements, standard ou sur mesure, est élaborée avec soin pour respecter les spécifications des projets et les normes internationales. Notre équipe excelle dans la gestion des approvisionnements, y compris pour des équipements spécifiques, complexes, obsolètes, ou nécessitant une réingénierie Nos offres d'emploi",,,,,,,,Senior,IT & Software,ok
EmploiTunisie,Offre de Stage : Webmaster (H/F) - A Distance,None,None,None,https://www.emploitunisie.com/recruteur/153615,"WORLD WILD WEB Profil de lentreprise Entreprise : WORLD WILD WEB Ville : Annecy Pays : France Secteur dactivité : Informatique, SSII, Internet - Marketing, communication, médias Site Internet : https://www.world-wild-web.fr/ Description de l'entreprise World Wild Web est une agence de marketing digital créée en 2012. Notre objectif est d'accompagner nos clients dans leur stratégie digitale afin de générer un maximum de contacts qualifiés, de la première prise de contact jusqu'à la vente. Nous nous spécialisons dans l'Inbound Marketing pour garantir une approche personnalisée et efficace. Nos offres d'emploi",,,"communication, digital marketing",,,,,,IT & Software,ok
EmploiTunisie,Responsable Management Intégré QHSE (RMI) - Naassen Ben Arous,None,None,None,https://www.emploitunisie.com/recruteur/326858,"TUNISIE PORCELAINE Profil de lentreprise Entreprise : TUNISIE PORCELAINE Ville : Ben Arouss Pays : Tunisie Secteur dactivité : Industrie, production, fabrication, autres Site Internet : https://www.tunisie-porcelaine.com/ Description de l'entreprise Tunisie Porcelaine SA, est une société Tunisienne Anonyme, Spécialisée dans la fabrication des articles en porcelaine et en grès de haute gamme . S'est imposée sur le marché grâce à son savoir-faire unique, alliant traditions artisanales et innovations technologiques. Depuis sa fondation en 1982, la société sefforce de répondre à la demande croissante de produits de bonne qualité, tant en Tunisie quà linternational. Nos offres d'emploi",,,,,,,,,IT & Software,ok
EmploiTunisie,Chargé Import/Export - Monastir,None,None,None,https://www.emploitunisie.com/recruteur/114931,"CAPTUNIS Profil de lentreprise Entreprise : CAPTUNIS Ville : MONASTIR Pays : Tunisie Secteur dactivité : Textile, habillement, cuir, chaussures Site Internet : non disponible Description de l'entreprise Société CAPTUNIS sise au technopole de Monastir totalement exportatrice, notre secteur d'activité : Textile. Nos offres d'emploi",,,,,,,,,IT & Software,ok
EmploiTunisie,Magasinier - Sousse,None,None,None,https://www.emploitunisie.com/recruteur/388148,"TEXLINE Profil de lentreprise Entreprise : TEXLINE Ville : Sousse Pays : Tunisie Secteur dactivité : Distribution, vente, commerce de gros Site Internet : http://texline.it Description de l'entreprise L'entreprise italienne Texline Sarl (Fildea Cucirini) possède 40 ans dexpérience, présente en Tunisie depuis 2007 avec son siège à Sousse et spécialisé dans la distribution des produits destinés à la production textile sur tout le territoire tunisien Nos offres d'emploi",,,,italian,40 ans dexpérience,,,,IT & Software,ok
EmploiTunisie,Agent Logistique - Sfax,None,None,None,https://www.emploitunisie.com/recruteur/317749,"SPCF Profil de lentreprise Entreprise : SPCF Ville : Sfax Ville Pays : Tunisie Secteur dactivité : BTP, construction Site Internet : non disponible Description de l'entreprise société leader dans le domaine des carrières et de la production de matériaux de construction en Tunisie. Nous extrayons, transformons et commercialisons des matériaux tels que le gravier, le sable et le béton prêt à l'emploi, pour répondre aux besoins des entreprises et des particuliers dans le secteur de la construction. Nous mettons un point d'honneur à fournir des produits de qualité, tout en respectant les normes environnementales et de sécurité. Grâce à une équipe expérimentée et des équipements modernes, nous assurons une production fiable et efficace. Nos offres d'emploi",,,,,,,,Senior,IT & Software,ok
EmploiTunisie,Gestionnaire des Ressources Humaines - Agareb,None,None,None,https://www.emploitunisie.com/recruteur/162953,"LUMTEC Profil de lentreprise Entreprise : LUMTEC Ville : SFAX Pays : Tunisie Secteur dactivité : Equip. électriques, électroniques, optiques, précision Site Internet : https://lumtec.tn/ Description de l'entreprise LUMTEC est une entreprise de fabrication des éclairages publics et domestiques à alimentation par la technologie LED. Nos offres d'emploi",,,,,,,,,IT & Software,ok
EmploiTunisie,Magasinier - Tunis,None,None,None,https://www.emploitunisie.com/recruteur/231237,"PÂTISSERIE MASMOUDI Profil de lentreprise Entreprise : PÂTISSERIE MASMOUDI Ville : Sfax Pays : Tunisie Secteur dactivité : Agroalimentaire - Distribution, vente, commerce de gros - Hôtellerie, restauration - Industrie, production, fabrication, autres - Services autres Site Internet : non disponible Description de l'entreprise Pâtisserie Masmoudi est une société tunisienne leader dans le domaine de pâtisserie ; fondée en 1972 à Sfax Nos offres d'emploi",,,,,,,,Senior,IT & Software,ok
EmploiTunisie,Technicien en Pédiatrie - Tunis,None,None,None,https://www.emploitunisie.com/recruteur/388835,"POLYCLINIQUE ALYSSA Profil de lentreprise Entreprise : POLYCLINIQUE ALYSSA Ville : Tunis Pays : Tunisie Secteur dactivité : Santé, pharmacie, hôpitaux, équipements médicaux Site Internet : non disponible Description de l'entreprise Fondée en 2002, la Clinique Alyssa est une clinique multidisciplinaire, elle constitue un lieu de référence pour diverses spécialités médicales et chirurgicales. Elle comporte une équipe médicale multidisciplinaire bénéficiant dune excellente réputation tant sur le plan professionnel quéthique et humain. Nos missions Notre priorité est doffrir des prestations de qualité avec une sécurité absolue. Il sy pratique des interventions de pointes par des praticiens pour la plus part anciens hospitalo-universitaires qui sont familiarisés et rompus aux dernières techniques et interventions médicales conformément aux données nouvelles de la science. Les choix thérapeutiques sont la plus part du temps fixés dans le cadre dune consultation multidisciplinaire et les traitements sont administrés selon des protocoles bien définis. La clinique Alyssa accorde une importance absolue au choix du personnel soignant avec une procédure rigoureuse lors du recrutement, lencadrement et leur formation continue. Ainsi la compétence et le la dimension humaine font de léquipe para médical un atout majeur de létablissement. Nos offres d'emploi","missions Notre priorité est doffrir des prestations de qualité avec une sécurité absolue. Il sy pratique des interventions de pointes par des praticiens pour la plus part anciens hospitalo-universitaires qui sont familiarisés et rompus aux dernières techniques et interventions médicales conformément aux données nouvelles de la science. Les choix thérapeutiques sont la plus part du temps fixés dans le cadre dune consultation multidisciplinaire et les traitements sont administrés selon des protocoles bien définis. La clinique Alyssa accorde une importance absolue au choix du personnel soignant avec une procédure rigoureuse lors du recrutement, lencadrement et leur formation continue. Ainsi la compétence et le la dimension humaine font de léquipe para médical un atout majeur de létablissement. Nos offres d'emploi",,,,,,,,IT & Software,ok
EmploiTunisie,Chef Pâtissière Junior - La Soukra,None,None,None,https://www.emploitunisie.com/recruteur/353761,"MAISON L'ORCHIDÉE Profil de lentreprise Entreprise : MAISON L'ORCHIDÉE Ville : Ariana Pays : Tunisie Secteur dactivité : Agroalimentaire Site Internet : https://maison-lorchidee.com/ Description de l'entreprise Maison LOrchidée, maison de gastronomie fine spécialisée dans les assortiments salés traiteur et les pâtisseries haut de gamme. Nos offres d'emploi",,,,,,,,,IT & Software,ok
EmploiTunisie,"Directeur Projet (Construction des Hôpitaux) - Expatriation Algérie - Zeralda, Sidi Abdellah",None,None,None,https://www.emploitunisie.com/recruteur/82821,"AFRICAWORK Profil de lentreprise Entreprise : AFRICAWORK Ville : Tunis Pays : Tunisie Secteur dactivité : Intérim, recrutement Site Internet : https://www.africawork.com/ Description de l'entreprise AFRICAWORK est un fournisseur de services de recrutement spécialisé dans la recherche des compétences et talents en Afrique. Depuis sa création en 2012, AFRICAWORK accompagne ses clients et partenaires en les aidant à trouver les meilleures ressources pour leurs organisations. Présent dans 37 pays en Afrique, AFRICAWORK possède des équipes expérimentées de consultants RH, des plateformes de recrutement dans chaque pays et une large CVthèque de plus de 3 millions de professionnels. Notre mission est d'accompagner les entreprises tout au long de leurs projets de recrutement jusquà leur finalisation, et de faire du capital humain le vecteur de leur croissance. Notre capacité à affecter la ressource parfaitement adéquate à chaque contexte nous permet de répondre rapidement et efficacement à leurs besoins. Professionnels, candidats, inscrivez-vous sur notre site de recrutement afin de pouvoir être contacté pour une opportunité d'emploi ou une mission ! Pour plus d'informations, veuillez consulter notre site web à l'adresse https://www.africawork.com Nos offres d'emploi",,,,,,,,Senior,IT & Software,ok
EmploiTunisie,Enseignant dArabe et de Français - Cité Ennasr 2 Ariana,None,None,None,https://www.emploitunisie.com/recruteur/125064,"ECOLE PRIVÉE ENNASR Profil de lentreprise Entreprise : ECOLE PRIVÉE ENNASR Ville : Ariana Pays : Tunisie Secteur dactivité : Éducation, formation Site Internet : non disponible Description de l'entreprise ECOLE PRIVÉE ENNASR C'est une école primaire privée à cité ennasr 2. Nos offres d'emploi",,,,,,,,,IT & Software,ok
EmploiTunisie,Technicien Commercial - Kébili,None,None,None,https://www.emploitunisie.com/recruteur/389230,"MES DISTRIBUTION Profil de lentreprise Entreprise : MES DISTRIBUTION Ville : Kebili Pays : Tunisie Secteur dactivité : Electricité, eau, gaz, nucléaire, énergie Site Internet : non disponible Description de l'entreprise Nous sommes une société spécialisée dans l'énergie solaire photovoltaïque Nos offres d'emploi",,,,,,,,,IT & Software,ok
EmploiTunisie,Technicien Maintenance Industrielle - Manouba,None,None,None,https://www.emploitunisie.com/recruteur/389270,"FRESH FRUIT Profil de lentreprise Entreprise : FRESH FRUIT Ville : Manouba Pays : Tunisie Secteur dactivité : Industrie, production, fabrication, autres Site Internet : non disponible Description de l'entreprise Fresh Fruit une entreprise en pleine croissance dans le secteur agroalimentaire, reconnue pour linnovation et la qualité de ses produits. Nos offres d'emploi",,,,,,,,,IT & Software,ok
EmploiTunisie,Assistant Comptable - Tunis,None,None,None,https://www.emploitunisie.com/recruteur/389295,"ALMA INT Tunis ALMA INT Profil de lentreprise Entreprise : ALMA INT Ville : Tunis Pays : Tunisie Secteur dactivité : Conseil, audit, comptabilité Site Internet : non disponible Description de l'entreprise Cabinet expert comptable Nos offres d'emploi X Nous utilisons des cookies pour vous offrir la meilleure expérience utilisateur possible. En continuant à utiliser notre site, vous acceptez leur utilisation. En savoir plus Accueil Recherche Candidat Recruteur",,,,,,,,,IT & Software,ok
EmploiTunisie,Responsable E-commerce et Marketing Digital - Sousse,None,None,None,https://www.emploitunisie.com/recruteur/88895,"STAFFING TUNISIA Profil de lentreprise Entreprise : STAFFING TUNISIA Ville : sfax Pays : Tunisie Secteur dactivité : Intérim, recrutement Site Internet : https://www.staffing-tunisia.com Description de l'entreprise STAFFING TUNISIA  is a network of employment agencies based in Tunisia since 2018 with headquarter in Sfax and 3 offices covering all Tunisia, Sfax, Sousse and Tunis. Nos offres d'emploi",,,,,,,,,IT & Software,ok
EmploiTunisie,Chargé(e) de Prospection Téléphonique (Clients Francophones) - Sousse Ville,None,None,None,https://www.emploitunisie.com/recruteur/244877,"METAL 2000 TUNISIE Profil de lentreprise Entreprise : METAL 2000 TUNISIE Ville : Sousse Pays : Tunisie Secteur dactivité : Industrie, production, fabrication, autres - Marketing, communication, médias - Métallurgie, sidérurgie - Services autres Site Internet : https://www.metal2000.fr/ Description de l'entreprise ME.TAL 2000, Leader français des solutions de fermetures : Une entreprise professionnelle spécialisée dans la fabrication de rideaux et de grilles métalliques. Nos offres d'emploi",,,communication,french,,,,Senior,IT & Software,ok
EmploiTunisie,"Stagiaire Agent de comptoir / Conseiller(e) Client - Les Berges Du Lac 1, Tunis",None,None,None,https://www.emploitunisie.com/recruteur/331816,"ACTIVE TRAVEL Profil de lentreprise Entreprise : ACTIVE TRAVEL Ville : Centre ville Pays : Tunisie Secteur dactivité : Tourisme, loisirs Site Internet : non disponible Description de l'entreprise Active Travel, agence de voyages et de tourisme Nos offres d'emploi",,,,,,,,,IT & Software,ok
EmploiTunisie,"Chef de Produit Voyages - les Berges du Lac 1, Tunis",None,None,None,https://www.emploitunisie.com/recruteur/331816,"ACTIVE TRAVEL Profil de lentreprise Entreprise : ACTIVE TRAVEL Ville : Centre ville Pays : Tunisie Secteur dactivité : Tourisme, loisirs Site Internet : non disponible Description de l'entreprise Active Travel, agence de voyages et de tourisme Nos offres d'emploi",,,,,,,,,IT & Software,ok
EmploiTunisie,Assistante Dentaire - Tunis,None,None,None,https://www.emploitunisie.com/recruteur/390231,"CABINET DR NADHEM BOUABIDI Profil de lentreprise Entreprise : CABINET DR NADHEM BOUABIDI Ville : Tunis Pays : Tunisie Secteur dactivité : Santé, pharmacie, hôpitaux, équipements médicaux Site Internet : non disponible Description de l'entreprise Chirurgien Dentiste implantologie dentaire Nos offres d'emploi",,,,,,,,,IT & Software,ok
EmploiTunisie,Ingénieur(e) Agronome  Terrain et Développement Agricole - Siliana,None,None,None,https://www.emploitunisie.com/recruteur/390445,"HERBIOTECH AROMA SA Profil de lentreprise Entreprise : HERBIOTECH AROMA SA Ville : Tunis Pays : Tunisie Secteur dactivité : Agroalimentaire Site Internet : non disponible Description de l'entreprise entreprise agro-industrielle certifiée Biologique, 100% exportatrice, spécialisée dans la production de cultures certifiées bio Nos offres d'emploi",,,,,,,,,IT & Software,ok
EmploiTunisie,Ingénieur(e) Agronome - Back Office et Pilotage de la Production - Megrine,None,None,None,https://www.emploitunisie.com/recruteur/390445,"HERBIOTECH AROMA SA Profil de lentreprise Entreprise : HERBIOTECH AROMA SA Ville : Tunis Pays : Tunisie Secteur dactivité : Agroalimentaire Site Internet : non disponible Description de l'entreprise entreprise agro-industrielle certifiée Biologique, 100% exportatrice, spécialisée dans la production de cultures certifiées bio Nos offres d'emploi",,,,,,,,,IT & Software,ok
EmploiTunisie,Agent de Centre dAppels - Tunis Lafayette,None,None,None,https://www.emploitunisie.com/recruteur/208918,"WAAD UNIVERSELLE Profil de lentreprise Entreprise : WAAD UNIVERSELLE Ville : Tunis Pays : Tunisie Secteur dactivité : Centres dappel, hotline, call center Site Internet : non disponible Description de l'entreprise WAAD UNIVERSELLE est un centre d'appel qui s'est donné pour mission d'accompagner ses clients dans l'externalisation de leur plate-forme et de gérer les différents flux d'appels avec une équipe compétente. On est devenue une référence au niveau des sites basés en Tunisie, de par son sérieux et la qualité de ses prestations. Notre mission est daccompagner nos partenaires dans leur processus dacquisition, de gestion et de fidélisation de leurs clients, au travers de nouveaux canaux de la relation client. Véritable engagement dans la durée, ce projet nous inscrit dans une démarche damélioration continue qui sera valorisée annuellement lors des audits de contrôle, et au quotidien dans le service délivré à nos clients. Nos offres d'emploi",,,,,,,,,IT & Software,ok
EmploiTunisie,Conseiller Francophone en Croisière - Les Berges Du Lac 1,None,None,None,https://www.emploitunisie.com/recruteur/302873,"RUSTICA CRUISES Profil de lentreprise Entreprise : RUSTICA CRUISES Ville : Tunis Pays : Tunisie Secteur dactivité : Tourisme, loisirs Site Internet : non disponible Description de l'entreprise Rustica Cruises est une société fondée en 2013 spécialisé dans la vente de croisières pour nos partenaires européens. Passionnés de voyages et de découvertes, nous offrons à nos clients des expériences uniques sur les mers du monde et à notre équipe un environnement stimulant, motivant et évolutif ! Nos offres d'emploi",,,,,,,,,IT & Software,ok
EmploiTunisie,Gestionnaire de Bureau (H/F) - Tunis,None,None,None,https://www.emploitunisie.com/recruteur/371245,"AL MONTASSAR HS Profil de lentreprise Entreprise : AL MONTASSAR HS Ville : La Soukra Pays : Tunisie Secteur dactivité : Distribution, vente, commerce de gros - Santé, pharmacie, hôpitaux, équipements médicaux Site Internet : http://coloplast.tn Description de l'entreprise Partie d'une multinationale Danoise, leader mondial spécialisé dans la vente et la distribution des dispositifs médicaux Nos offres d'emploi",,,,,,,,Senior,IT & Software,ok
EmploiTunisie,Technicien en Géomatique - Tunis,None,None,None,https://www.emploitunisie.com/recruteur/390615,"LUXCARTA Profil de lentreprise Entreprise : LUXCARTA Ville : Tunis Pays : Tunisie Secteur dactivité : Services autres Site Internet : http://www.luxcarta.com Description de l'entreprise LuxCarta creates high-resolution 2D and 3D geospatial products that support advanced applications in telecom, training & simulation, government, and technology. By combining satellite imagery, AI-driven processing, and deep domain expertise, we deliver accurate and up-to-date digital twins enabling efficient network planning, mission rehearsal, virtual environments, and smart decision-making at scale. Nos offres d'emploi",,,,,,,,,IT & Software,ok
EmploiTunisie,Responsable Financier - Fouchena,None,None,None,https://www.emploitunisie.com/recruteur/390730,"PROTAGRI Profil de lentreprise Entreprise : PROTAGRI Ville : Fouchena Pays : Tunisie Secteur dactivité : Distribution, vente, commerce de gros Site Internet : non disponible Description de l'entreprise société commerciale en produits agricoles Nos offres d'emploi",,,,,,,,,IT & Software,ok
EmploiTunisie,Ouvrier(e) - Manouba,None,None,None,https://www.emploitunisie.com/recruteur/391148,"REPUBLIC OF MLEWI ROM Profil de lentreprise Entreprise : REPUBLIC OF MLEWI ROM Ville : Manouba Pays : Tunisie Secteur dactivité : Agroalimentaire - Distribution, vente, commerce de gros - Produits de grande consommation Site Internet : non disponible Description de l'entreprise Société tunisienne qui fabrique des produits amylacés et pâtes surgelées Nos offres d'emploi",,,,,,,,,IT & Software,ok
EmploiTunisie,Agent en Génie Électrique - Sfax,None,None,None,https://www.emploitunisie.com/recruteur/391417,"STPS Profil de lentreprise Entreprise : STPS Ville : Sfax Pays : Tunisie Secteur dactivité : BTP, construction Site Internet : http://WWW.STPS.TN Description de l'entreprise Fondée en 2000 à Sfax, STPS est une entreprise spécialisée dans la sécurité électronique multidisciplinaire. Son expertise réside dans l'installation de solutions complètes, soigneusement adaptées aux besoins spécifiques des industries et des établissements publics. Grâce à une approche axée sur l'amélioration continue et une stratégie de développement durable, STPS a obtenu plusieurs agréments, dont le B4 C5  le plus élevé dans l'installation et la maintenance des systèmes de sécurité incendie. Aujourd'hui, STPS se positionne en tant que leader incontesté dans le domaine de la détection incendie, démontrant son expertise avancée et son engagement envers la sécurité des clients opérant dans divers secteurs. Nos offres d'emploi",,,,,,,,Senior,IT & Software,ok
EmploiTunisie,Coordonnatrice des Opérations Marketing (PMO Marketing) - Sousse,None,None,None,https://www.emploitunisie.com/recruteur/149563,"LOGIN CONSULTING Profil de lentreprise Entreprise : LOGIN CONSULTING Ville : Sousse Pays : Tunisie Secteur dactivité : Centres dappel, hotline, call center - Conseil, audit, comptabilité - Éducation, formation - Recherche et développement Site Internet : non disponible Description de l'entreprise Login Consulting est un cabinet de conseil et de formation basé à Sousse en Tunisie. LOGIN accompagne des organisations de différentes tailles, issues dindustries variées et actives aussi bien dans le secteur privé que public. En plus de 6 ans dexistence, nous avons soutenu des organisations de tailles diverses, actives aussi bien dans le domaine privé que public. Nous sommes basés à Sousse et déployons nos services dans toute la Tunisie et même à linternational. Notre expérience professionnelle, nos compétences vous accompagnent dans les contextes les plus imprévisibles. Notre démarche structurée comprend une gestion de projet rigoureuse et un niveau de transparence élevé. La confiance de nos clients repose sur la qualité de nos services, notre savoir faire et l'expertise de nos experts, consultants et formateurs. Notre compréhension des besoins et notre réactivité bâtissent la satisfaction de nos clients. Ils nous ont choisi et nous font confiance pour former , accompagner et coacher leurs équipes. Nos offres d'emploi",,,project management,,,,,,IT & Software,ok
EmploiTunisie,Comptable - Full Remote,None,None,None,https://www.emploitunisie.com/recruteur/391766,"CLC TALENT Profil de lentreprise Entreprise : CLC TALENT Ville : Ariana Pays : Tunisie Secteur dactivité : Intérim, recrutement Site Internet : non disponible Description de l'entreprise Nous sommes un cabinet de recrutement spécialisé dans les profils IT et les environnements à forte exigence technique. Nos offres d'emploi",,,,,,,,,IT & Software,ok
EmploiTunisie,Câbleur / Électricien - Sfax,None,None,None,https://www.emploitunisie.com/recruteur/364030,"STE WONDERTECH SERVICES Profil de lentreprise Entreprise : STE WONDERTECH SERVICES Ville : Sfax Pays : Tunisie Secteur dactivité : Informatique, SSII, Internet Site Internet : http://www.wondertech.tn Description de l'entreprise Nous accompagnons les entreprises dans leur transformation numérique avec des solutions intelligentes, sur mesure et orientées résultats. Basés à Sfax, nous sommes un fournisseur de services et solutions informatiques spécialisé dans l'offre B2B. Notre expertise couvre l'infrastructure réseau, la sécurité, le cloud, l'impression spécialisée et le matériel sur mesure. Nos offres d'emploi",,,,,,,,,IT & Software,ok
EmploiTunisie,Responsable dEquipe (Tourisme Médical) - Tunis,None,None,None,https://www.emploitunisie.com/recruteur/112406,"VOCALLINE Profil de lentreprise Entreprise : VOCALLINE Ville : Tunis Pays : Tunisie Secteur dactivité : Centres dappel, hotline, call center - Télécom - Tourisme, loisirs Site Internet : https://www.vocal-line.com/ Description de l'entreprise Vocalline est un centre d'appels depuis 2008. Nos offres d'emploi",,,,,,,,,IT & Software,ok
EmploiTunisie,Jardinier - Menzel Jemil,None,None,None,https://www.emploitunisie.com/recruteur/392433,"ENTREPRISE IMEN ZAMALI Profil de lentreprise Entreprise : ENTREPRISE IMEN ZAMALI Ville : Bizerte Pays : Tunisie Secteur dactivité : Nettoyage, sécurité, surveillance Site Internet : non disponible Description de l'entreprise entreprise dembellissement et entretien routier et de bâtiment et de travaux public travaux dembellissement et entretien des espaces verts Nos offres d'emploi",,,,,,,,,IT & Software,ok
EmploiTunisie,Chef dAtelier - Monastir,None,None,None,https://www.emploitunisie.com/recruteur/185431,"OFFICE MODE Profil de lentreprise Entreprise : OFFICE MODE Ville : MONASTIR Pays : Tunisie Secteur dactivité : Textile, habillement, cuir, chaussures Site Internet : non disponible Description de l'entreprise Office Mode est une entreprise de confection d'habillement haut couture. Nos offres d'emploi",,,,,,,,,IT & Software,ok
EmploiTunisie,Responsable Qualité Textile (Multi-sites) - Monastir,None,None,None,https://www.emploitunisie.com/recruteur/235429,"HR NETWORK Profil de lentreprise Entreprise : HR NETWORK Ville : Sousse Pays : Tunisie Secteur dactivité : Intérim, recrutement - Services autres Site Internet : https://www.quadra-recrutement.com/ Description de l'entreprise Agence de recrutement offshore leader sur le marché de lemploi tunisien et à l'international installée à Sousse depuis septembre 2001 travaillant exclusivement avec les entreprises offshore opérant dans tous les secteurs dactivité. (textile, mécanique, électronique, plasturgie, commerce international,informatique...) Nos offres d'emploi",,,,,,,,Senior,IT & Software,ok
EmploiTunisie,Gestionnaire de Stock - Zi Bouarada,None,None,None,https://www.emploitunisie.com/recruteur/392900,"STE SOMIPEM Profil de lentreprise Entreprise : STE SOMIPEM Ville : Bouarada Pays : Tunisie Secteur dactivité : Industrie, production, fabrication, autres Site Internet : non disponible Description de l'entreprise La SOCIÉTÉ MODERNE DINDUSTRIE PLASTIQUE ET EMBALLAGE a été fondée en 2013, née dune véritable passion et recherche dans le domaine de conditionnement et emballage ; La Société  SOMIPEM  a pour objet : Linjection des préformes en PET destiné principalement pour le conditionnement de lhuile végétal et leau minérale. La fabrication des bouchons pour les bouteilles deau minérale. Nos offres d'emploi",,,,,,,,,IT & Software,ok
EmploiTunisie,Télévendeur Assurance Auto (IARD) - Tunis,None,None,None,https://www.emploitunisie.com/recruteur/172188,"ATOLL-SERVICES Profil de lentreprise Entreprise : ATOLL-SERVICES Ville : Tunis Pays : Tunisie Secteur dactivité : Banque, assurance, finances - Centres dappel, hotline, call center - Conseil, audit, comptabilité Site Internet : https://www.atoll-assurances.com Description de l'entreprise ATOLL ASSURANCES est une société d'Assurance en ligne sise au LAC-3 Nos offres d'emploi",,,,,,,,,IT & Software,ok
EmploiTunisie,Télévendeur Assurance Auto - Tunis,None,None,None,https://www.emploitunisie.com/recruteur/172188,"ATOLL-SERVICES Profil de lentreprise Entreprise : ATOLL-SERVICES Ville : Tunis Pays : Tunisie Secteur dactivité : Banque, assurance, finances - Centres dappel, hotline, call center - Conseil, audit, comptabilité Site Internet : https://www.atoll-assurances.com Description de l'entreprise ATOLL ASSURANCES est une société d'Assurance en ligne sise au LAC-3 Nos offres d'emploi",,,,,,,,,IT & Software,ok
EmploiTunisie,Responsable Formation et Intégration : Tourisme Médical - Tunis,None,None,None,https://www.emploitunisie.com/recruteur/112406,"VOCALLINE Profil de lentreprise Entreprise : VOCALLINE Ville : Tunis Pays : Tunisie Secteur dactivité : Centres dappel, hotline, call center - Télécom - Tourisme, loisirs Site Internet : https://www.vocal-line.com/ Description de l'entreprise Vocalline est un centre d'appels depuis 2008. Nos offres d'emploi",,,,,,,,,IT & Software,ok
EmploiTunisie,"Infirmier(re) - Houmet Essouk, Djerba",None,None,None,https://www.emploitunisie.com/recruteur/380537,"PÔLE HOSPITALIER INTERNATIONAL ECHIFA DJERBA Profil de lentreprise Entreprise : PÔLE HOSPITALIER INTERNATIONAL ECHIFA DJERBA Ville : Houmet Essouk Pays : Tunisie Secteur dactivité : Santé, pharmacie, hôpitaux, équipements médicaux Site Internet : https://www.clinique-djerba-echifa.com/ Description de l'entreprise Accrédité Platine par lINEAS  Djerba Le Pôle Hospitalier International Echifa est une clinique pluridisciplinaire de référence, située à Djerba. Depuis 2011, létablissement propose une prise en charge médicale de haut niveau, appuyée par des équipements modernes et des équipes qualifiées. Avec plus de 200 lits, dont 30 de réanimation, Echifa offre un environnement de travail structuré, sécurisé et orienté vers lexcellence des soins. Rejoindre Echifa, cest intégrer un établissement engagé dans une médecine de haut niveau, plaçant la qualité des soins, la sécurité des patients et le développement professionnel de ses collaborateurs au cœur de ses priorités. Nos offres d'emploi",,,,,,,,,IT & Software,ok
EmploiTunisie,Technicien(ne) en Anesthésie et Réanimation - Houmet Essouk Djerba,None,None,None,https://www.emploitunisie.com/recruteur/380537,"PÔLE HOSPITALIER INTERNATIONAL ECHIFA DJERBA Profil de lentreprise Entreprise : PÔLE HOSPITALIER INTERNATIONAL ECHIFA DJERBA Ville : Houmet Essouk Pays : Tunisie Secteur dactivité : Santé, pharmacie, hôpitaux, équipements médicaux Site Internet : https://www.clinique-djerba-echifa.com/ Description de l'entreprise Accrédité Platine par lINEAS  Djerba Le Pôle Hospitalier International Echifa est une clinique pluridisciplinaire de référence, située à Djerba. Depuis 2011, létablissement propose une prise en charge médicale de haut niveau, appuyée par des équipements modernes et des équipes qualifiées. Avec plus de 200 lits, dont 30 de réanimation, Echifa offre un environnement de travail structuré, sécurisé et orienté vers lexcellence des soins. Rejoindre Echifa, cest intégrer un établissement engagé dans une médecine de haut niveau, plaçant la qualité des soins, la sécurité des patients et le développement professionnel de ses collaborateurs au cœur de ses priorités. Nos offres d'emploi",,,,,,,,,IT & Software,ok
EmploiTunisie,Agent de Réservation Commercial - Kram Tunis,None,None,None,https://www.emploitunisie.com/recruteur/393787,"UTIQUE VOYAGES Tunis UTIQUE VOYAGES Profil de lentreprise Entreprise : UTIQUE VOYAGES Ville : Tunis Pays : Tunisie Secteur dactivité : Activités associatives Site Internet : http://Www.utiquevoyages.com Description de l'entreprise Agence de voyage Nos offres d'emploi X Nous utilisons des cookies pour vous offrir la meilleure expérience utilisateur possible. En continuant à utiliser notre site, vous acceptez leur utilisation. En savoir plus Accueil Recherche Candidat Recruteur",,,,,,,,,IT & Software,ok
EmploiTunisie,Gestionnaire dAppels Entrants Médicaux - Sousse,None,None,None,https://www.emploitunisie.com/recruteur/88129,"ALTRACALL Profil de lentreprise Entreprise : ALTRACALL Ville : sousse Pays : Tunisie Secteur dactivité : Centres dappel, hotline, call center - Informatique, SSII, Internet - Marketing, communication, médias Site Internet : https://www.altra-call.com/ Description de l'entreprise ALTRACALL est une société de services à la pointe de la technologie, spécialisée dans lengagement des clients et lamélioration des performances commerciales. Chez ALTRACALL, nous offrons une expérience exceptionnelle à chaque contact, grâce à nos valeurs : engagement, passion et dévouement à lexcellence, créant ainsi plus de valeur ajoutée pour nos collaborateurs, nos clients, notre marché et nos actionnaires. Nos offres d'emploi",,,communication,,,,,,IT & Software,ok
EmploiTunisie,Nutritionniste - Monastir,None,None,None,https://www.emploitunisie.com/recruteur/380523,"CARTHAGE MEDICAL Profil de lentreprise Entreprise : CARTHAGE MEDICAL Ville : Monastir Pays : Tunisie Secteur dactivité : Santé, pharmacie, hôpitaux, équipements médicaux Site Internet : https://carthagemedical.com.tn/ Description de l'entreprise Le Centre International Carthage Médical est une polyclinique multidisciplinaire dotée dune unité de Radiologie et dImagerie Médicale, Urgences &amp; Transport Médicalisé, Cardiologie Interventionnelle, Maternité et Réanimation Néonatale, Réanimation Médicale et Chirurgicale, 5 salles opératoires offrant les meilleurs équipements, des chambres et des suites conçues pour fournir un confort matériel et psychologique des patients tout en respectant les normes internationales de sécurité et dhygiène, une équipe médicale et paramédicale de confiance. La polyclinique dispose dun service daccueil des Urgences qui est assuré 24h/24. Nos offres d'emploi",,,,,,,,,IT & Software,ok
EmploiTunisie,Aide Linguistique - Monastir,None,None,None,https://www.emploitunisie.com/recruteur/393931,"MARHABABIK SARL Profil de lentreprise Entreprise : MARHABABIK SARL Ville : Tunis Pays : Tunisie Secteur dactivité : Éducation, formation Site Internet : http://www.marhababik.com Description de l'entreprise Marhababik est un centre en Tunisie qui propose un apprentissage immersif de larabe tunisien, combinant langue et intégration culturelle pour aider les apprenants à communiquer et vivre comme des locaux. Nos offres d'emploi",,,,arabic,,,,,IT & Software,ok
EmploiTunisie,Conseiller(ère) Académique - Tunis,None,None,None,https://www.emploitunisie.com/recruteur/188179,"EDUFRANCE Profil de lentreprise Entreprise : EDUFRANCE Ville : Tunis Pays : Tunisie Secteur dactivité : Éducation, formation - Services autres Site Internet : non disponible Description de l'entreprise Edufrance Tunisie est un organisme dorientation et de conseil qui vise à accompagner les étudiants dans leurs projets détudes et à effectuer lensemble des démarches nécessaires pour pouvoir poursuivre leurs études supérieures en France. Nos offres d'emploi",,,,,,,,,IT & Software,ok
EmploiTunisie,Technicien en Electricité - Sousse,None,None,None,https://www.emploitunisie.com/recruteur/132352,"SODES Profil de lentreprise Entreprise : SODES Ville : sousse ville Pays : Tunisie Secteur dactivité : Informatique, SSII, Internet - Télécom Site Internet : non disponible Description de l'entreprise Sodes est une entreprise spécialisée dans le domaine d'informatique et électricité. Nos offres d'emploi",,,,,,,,,IT & Software,ok
EmploiTunisie,Vendeuse - Ariana Ennasr1,None,None,None,https://www.emploitunisie.com/recruteur/162766,"LABO PHOTO YASSINE Profil de lentreprise Entreprise : LABO PHOTO YASSINE Ville : ariana Pays : Tunisie Secteur dactivité : Marketing, communication, médias - Distribution, vente, commerce de gros Site Internet : non disponible Description de l'entreprise Laboratoire de Photo Yassine Nos offres d'emploi",,,communication,,,,,,IT & Software,ok
EmploiTunisie,Secrétaire Médicale - Bardo,None,None,None,https://www.emploitunisie.com/recruteur/393988,"PODOFEET Tunis PODOFEET Profil de lentreprise Entreprise : PODOFEET Ville : Tunis Pays : Tunisie Secteur dactivité : Secrétariat Site Internet : non disponible Description de l'entreprise Podologue Nos offres d'emploi X Nous utilisons des cookies pour vous offrir la meilleure expérience utilisateur possible. En continuant à utiliser notre site, vous acceptez leur utilisation. En savoir plus Accueil Recherche Candidat Recruteur",,,,,,,,,IT & Software,ok
EmploiTunisie,Responsable Production Chimique - Bata (Guiné Équatoriale),None,None,None,https://www.emploitunisie.com/recruteur/73823,"AFRICAWORK Profil de lentreprise Entreprise : AFRICAWORK Ville : Tunis Pays : Tunisie Secteur dactivité : Intérim, recrutement Site Internet : https://www.africawork.com/ Description de l'entreprise AFRICAWORK est un fournisseur de services de recrutement spécialisé dans la recherche des compétences et talents en Afrique. Depuis sa création en 2012, AFRICAWORK accompagne ses clients et partenaires en les aidant à trouver les meilleures ressources pour leurs organisations. Présent dans 37 pays en Afrique, AFRICAWORK possède des équipes expérimentées de consultants RH, des plateformes de recrutement dans chaque pays et une large CVthèque de plus de 3 millions de professionnels. Notre mission est d'accompagner les entreprises tout au long de leurs projets de recrutement jusqu'à leur finalisation, et de faire du capital humain le vecteur de leur croissance. Notre capacité à affecter la ressource parfaitement adéquate à chaque contexte nous permet de répondre rapidement et efficacement à leurs besoins. Professionnels, candidats, inscrivez-vous sur notre site de recrutement afin de pouvoir être contacté pour une opportunité d'emploi ou une mission ! Pour plus d'informations, veuillez consulter notre site web à l'adresse https://www.africawork.com Nos offres d'emploi",,,,,,,,Senior,IT & Software,ok
EmploiTunisie,Chargé(e) de Clientèle et Production - Tunis,None,None,None,https://www.emploitunisie.com/recruteur/394027,"KAUN STUDIOS Profil de lentreprise Entreprise : KAUN STUDIOS Ville : Tunis Pays : Tunisie Secteur dactivité : Marketing, communication, médias Site Internet : http://www.kaunstudios.com Description de l'entreprise Chez KAUN Studios, on accompagne des créateurs et des marques dans la production de leurs contenus. Nos offres d'emploi",,,communication,,,,,,IT & Software,ok
EmploiTunisie,Technicien Support - Khzema,None,None,None,https://www.emploitunisie.com/recruteur/148801,"CALL IN CALL OUT Profil de lentreprise Entreprise : CALL IN CALL OUT Ville : Sousse Pays : Tunisie Secteur dactivité : Centres dappel, hotline, call center Site Internet : https://www.callincallout.be Description de l'entreprise CICO sarl est une entreprise de services à disposition des indépendants et des PME. Pour vous, nous gérons l'émission ou la réception de vos appels, la gestion de vos agendas, la gestion de la prise de commandes, le service technique de niveau 1 et la qualification de votre base de données. Nos offres d'emploi",,,,,,,Freelance,,IT & Software,ok
EmploiTunisie,Chef de Projet IA - Tunis,None,None,None,https://www.emploitunisie.com/recruteur/193143,"HELLO EDITIONS Profil de lentreprise Entreprise : HELLO EDITIONS Ville : PARIS Pays : France Secteur dactivité : Édition, imprimerie Site Internet : https://www.helloeditions.fr Description de l'entreprise Maison d'édition parisienne. Publication, édition et commercialisation de livres. Nos offres d'emploi",,,,,,,,,IT & Software,ok
EmploiTunisie,Comptable Senior - Tunis,None,None,None,https://www.emploitunisie.com/recruteur/394111,"ARCHETYPE TUNISIE Profil de lentreprise Entreprise : ARCHETYPE TUNISIE Ville : Tunis Pays : Tunisie Secteur dactivité : Ingénierie, études développement Site Internet : http://www.archetype-group.com Description de l'entreprise Archetype Group est un cabinet de conseil en construction multidisciplinaire fondé en 2002 en Asie par un groupe d'architectes et d'ingénieurs français. Nous figurons parmi les principaux cabinets privés de conseil en construction sur quatre continents ; nous sommes le quatrième cabinet français d'ingénierie du bâtiment et le plus grand cabinet d'architecture français présent à l'international. Nos offres d'emploi",,,,french,,Bac+5,,,IT & Software,ok
EmploiTunisie,"Chef de Produit Croisières - les Berges du Lac 1, Tunis",None,None,None,https://www.emploitunisie.com/recruteur/331816,"ACTIVE TRAVEL Profil de lentreprise Entreprise : ACTIVE TRAVEL Ville : Centre ville Pays : Tunisie Secteur dactivité : Tourisme, loisirs Site Internet : non disponible Description de l'entreprise Active Travel, agence de voyages et de tourisme Nos offres d'emploi",,,,,,,,,IT & Software,ok
EmploiTunisie,Responsable Développement Commercial pour Matériel Médical - La Marsa,None,None,None,https://www.emploitunisie.com/recruteur/168637,"VITALIS CEDRA Profil de lentreprise Entreprise : VITALIS CEDRA Ville : La marsa Pays : Tunisie Secteur dactivité : Santé, pharmacie, hôpitaux, équipements médicaux Site Internet : https://cedra.africa/ Description de l'entreprise Vitalis CEDRA, société commerciale, basée à La Marsa, recherche pour son département médical un ou une responsable de la commercialisation de ses produits auprès des hôpitaux et des cliniques. Nos offres d'emploi",,,,,,,,,IT & Software,ok
EmploiTunisie,"Responsable Approvisionnements - Menzel Chaker, Sfax",None,None,None,https://www.emploitunisie.com/recruteur/324802,"COMPAGNIE FRANCO-TUNISIENNE DES PÉTROLES Profil de lentreprise Entreprise : COMPAGNIE FRANCO-TUNISIENNE DES PÉTROLES Ville : les berges du lac Pays : Tunisie Secteur dactivité : Administration publique - Industrie, production, fabrication, autres Site Internet : http://www.cftp.com.tn/Fr/ Description de l'entreprise La Compagnie Franco-Tunisienne des Pétroles ""CFTP"" est une société anonyme de droit tunisien. Constituée le 13 Janvier 1969. La compagnie est régie par la réglementation tunisienne en vigueur, notamment, le code des sociétés commerciales, ainsi que les dispositions de la loi n 72-29 du 27 avril 1972 ayant approuvé les différents accords et conventions régissant lactivité de ""CFTP"". 2- Objet social La Compagnie a pour objet principal, la recherche, l'exploitation, le transport et la commercialisation du pétrole, du gaz naturel et des autres hydrocarbures sous toutes leurs formes, ainsi que la réalisation de toutes opérations, mobilières, immobilières, commerciales, industrielles, financières et autres, en rapport direct ou indirect avec l'objet précité. 3- Siège social A Tunis, est sis à lImmeuble ""La Palme"" - Rue du Lac Constance - 1053 - Les Berges du Lac Tunis. A Sfax au Centre de Production à Sidi Litayem à 35 km de Sfax ville, Route Menzel Chaker. 4- Capital social Le capital social : 200.000 dinars réparti en 20.000 actions de 10 dinars chacune, divisées en deux catégories A et B. Nos offres d'emploi",,,,,,,,,IT & Software,ok
EmploiTunisie,"Responsable Production - Menzel Chaker, Sfax",None,None,None,https://www.emploitunisie.com/recruteur/324802,"COMPAGNIE FRANCO-TUNISIENNE DES PÉTROLES Profil de lentreprise Entreprise : COMPAGNIE FRANCO-TUNISIENNE DES PÉTROLES Ville : les berges du lac Pays : Tunisie Secteur dactivité : Administration publique - Industrie, production, fabrication, autres Site Internet : http://www.cftp.com.tn/Fr/ Description de l'entreprise La Compagnie Franco-Tunisienne des Pétroles ""CFTP"" est une société anonyme de droit tunisien. Constituée le 13 Janvier 1969. La compagnie est régie par la réglementation tunisienne en vigueur, notamment, le code des sociétés commerciales, ainsi que les dispositions de la loi n 72-29 du 27 avril 1972 ayant approuvé les différents accords et conventions régissant lactivité de ""CFTP"". 2- Objet social La Compagnie a pour objet principal, la recherche, l'exploitation, le transport et la commercialisation du pétrole, du gaz naturel et des autres hydrocarbures sous toutes leurs formes, ainsi que la réalisation de toutes opérations, mobilières, immobilières, commerciales, industrielles, financières et autres, en rapport direct ou indirect avec l'objet précité. 3- Siège social A Tunis, est sis à lImmeuble ""La Palme"" - Rue du Lac Constance - 1053 - Les Berges du Lac Tunis. A Sfax au Centre de Production à Sidi Litayem à 35 km de Sfax ville, Route Menzel Chaker. 4- Capital social Le capital social : 200.000 dinars réparti en 20.000 actions de 10 dinars chacune, divisées en deux catégories A et B. Nos offres d'emploi",,,,,,,,,IT & Software,ok
EmploiTunisie,Assistante Commerciale - Soukra,None,None,None,https://www.emploitunisie.com/recruteur/394425,"KHARRAT DÉCOR Profil de lentreprise Entreprise : KHARRAT DÉCOR Ville : Ariana Pays : Tunisie Secteur dactivité : Ameublement, décoration Site Internet : http://www.kharratdecor.com Description de l'entreprise Kharrat Décor est une entreprise tunisienne spécialisée dans la décoration et la fabrication de cheminées de tous types. Installée à La Soukra avec plusieurs points de vente en Tunisie, elle propose une large gamme de cheminées classiques en pierre et briques ainsi que des modèles modernes adaptés aux intérieurs contemporains. En plus des cheminées, Kharrat Décor fabrique des barbecues de jardin, des dallages, des margelles et des revêtements en pierre, offrant ainsi des solutions complètes pour laménagement intérieur et extérieur. Grâce à son savoir-faire artisanal et à la qualité de ses matériaux, lentreprise sest imposée comme une référence dans lunivers de la cheminée et de la décoration en Tunisie. Nos offres d'emploi",,,,,,,,,IT & Software,ok
EmploiTunisie,Chef de Bar - Hammamet,None,None,None,https://www.emploitunisie.com/recruteur/233285,"HOTEL MEDITERRANE THALASSO GOLF Profil de lentreprise Entreprise : HOTEL MEDITERRANE THALASSO GOLF Ville : Hammamet Pays : Tunisie Secteur dactivité : Hôtellerie, restauration - Services autres - Tourisme, loisirs Site Internet : https://hotelmediterraneehammamet.com Description de l'entreprise Niché au cœur de Hammamet nord, notre charmant hôtel vous offre une expérience inégalée les pieds dans leau, entouré dun luxuriant jardin de 4 hectares. Avec ses 339 chambres idéalement situées sur la plage privée de sable fin, notre établissement promet un séjour inoubliable. Que vous souhaitiez vous détendre sous le soleil méditerranéen ou vous aventurer dans des activités variées, notre équipe dévouée est là pour répondre à tous vos besoins avec un service attentionné. Notre objectif est de vous offrir des vacances exceptionnelles, où chaque instant est imprégné de la magie de notre environnement naturel, créant ainsi des souvenirs durables et mémorables. Nos offres d'emploi",,,,,,,,,IT & Software,ok
EmploiTunisie,Agent dAccueil - Megrine,None,None,None,https://www.emploitunisie.com/recruteur/394586,"PFM COMPAGNY Profil de lentreprise Entreprise : PFM COMPAGNY Ville : Megrine Pays : Tunisie Secteur dactivité : Sport, action culturelle et sociale Site Internet : https://ballejaune.com/club/padelmegrine Description de l'entreprise Padel Mégrine est un club sportif dédié à la pratique et au développement du padel en Tunisie. Notre activité sarticule autour de la location de terrains, de lorganisation de tournois, ainsi que de lencadrement et de lanimation de la communauté padel, pour tous les niveaux, du loisir à la compétition. Notre vision est de faire de Padel Mégrine une référence du padel en Tunisie, en offrant une expérience de qualité, conviviale et accessible à tous. Nous plaçons lhumain, le plaisir du jeu et lesprit de communauté au cœur de notre projet, tout en contribuant activement à la promotion et à la croissance du padel à léchelle locale et nationale. Nos offres d'emploi",,,,,,,,,IT & Software,ok
EmploiTunisie,Technicien Conducteur Machine - Tunis - Charguia 1,None,None,None,https://www.emploitunisie.com/recruteur/394515,"MEGA PRINTING & PACKAGING Profil de lentreprise Entreprise : MEGA PRINTING & PACKAGING Ville : Tunis Pays : Tunisie Secteur dactivité : Industrie, production, fabrication, autres Site Internet : http://www.mega-pp.com Description de l'entreprise MEGA Printing & Packaging est une société industrielle spécialisée dans la fabrication demballages en carton. Depuis sa création en 1996, MEGA P&P na cessé de développer son activité afin de mieux servir ses clients en termes de qualité et de délais. Nous sommes installés à Tunis et couvrons lensemble du territoire tunisien grâce à notre réseau commercial dynamique. Nous exportons également nos emballages vers la Libye et lAlgérie à travers un réseau de partenaires implantés dans ces pays. Lentreprise compte 100 employés, avec un taux dencadrement de 13 %. Lensemble de lactivité est géré par un système ERP, permettant doptimiser le pilotage de toutes les unités. Nos offres d'emploi",,,erp,,,,,,IT & Software,ok
EmploiTunisie,"Webmaster (H/F) - les Berges du Lac 1, Tunis",None,None,None,https://www.emploitunisie.com/recruteur/331816,"ACTIVE TRAVEL Profil de lentreprise Entreprise : ACTIVE TRAVEL Ville : Centre ville Pays : Tunisie Secteur dactivité : Tourisme, loisirs Site Internet : non disponible Description de l'entreprise Active Travel, agence de voyages et de tourisme Nos offres d'emploi",,,,,,,,,IT & Software,ok
EmploiTunisie,Chaudronnier - Borj Cedria,None,None,None,https://www.emploitunisie.com/recruteur/395002,"EGN CONSTRUCTION Profil de lentreprise Entreprise : EGN CONSTRUCTION Ville : Borj Cedria Pays : Tunisie Secteur dactivité : BTP, construction Site Internet : non disponible Description de l'entreprise EGN Construction est spécialisée dans la fabrication de structures métalliques, le montage sur site et la construction de bâtiments. Nous proposons des services d'étude, de conception, de fabrication et d'installation pour des projets industriels, commerciaux, résidentiels et d'infrastructures, garantissant précision, durabilité et efficacité. Des structures métalliques sur mesure aux projets de construction d'envergure, nous maîtrisons chaque étape avec expertise, pour des solutions robustes et fiables. Nos offres d'emploi",,,,,,,,,IT & Software,ok
EmploiTunisie,Responsable Import / Export - Tunis,None,None,None,https://www.emploitunisie.com/recruteur/395179,"JAF DEMENAGEMENTS Profil de lentreprise Entreprise : JAF DEMENAGEMENTS Ville : Tunis Pays : Tunisie Secteur dactivité : Import, export - Services aéroportuaires et maritimes - Transports, logistique, services postaux Site Internet : http://www.jafdemenagements.com Description de l'entreprise JAF DEMENAGEMENTS est une entreprise leader dans le secteur du déménagement international, national et garde-meubles offrant des services de qualité pour les particuliers, les entreprises ainsi que les ambassades et les ONG souhaitant s'installer ou transférer leurs biens et effets personnels à travers le monde. Nous nous distinguons par notre expertise de plus de 70 ans, notre réseau international et notre engagement envers l'excellence. Nos offres d'emploi",,,,,,,,Senior,IT & Software,ok
EmploiTunisie,Auditeur Interne - Sousse,None,None,None,https://www.emploitunisie.com/recruteur/67513,"Groupe Médical les Oliviers Profil de lentreprise Entreprise : Groupe Médical les Oliviers Ville : Sousse Pays : Tunisie Secteur dactivité : Santé, pharmacie, hôpitaux, équipements médicaux Site Internet : https://www.cliniquelesoliviers.net/ Description de l'entreprise Depuis sa création en 1976, la Clinique Les Oliviers 1ère clinique historique dans la région, s'est engagée dans la qualité des prestations offertes à ses patients. Réputée pour le corps médical qui s'y exerce ainsi que pour les investissements en terme d'équipements et de matériels de pointe, la Clinique Les Oliviers se positionne aujourd'hui parmi les établissements de santé références en Tunisie. Signe des efforts d'amélioration en continu, la Clinique Les Oliviers a entamé des travaux d'extension et de rénovation de ses locaux qui s'achèveront en 2018. Nos offres d'emploi",,,c#,,,,,,IT & Software,ok
EmploiTunisie,Assistante de Direction - Nabeul,None,None,None,https://www.emploitunisie.com/recruteur/174361,"I2C CONSULT Profil de lentreprise Entreprise : I2C CONSULT Ville : Nabeul Pays : Tunisie Secteur dactivité : Activités associatives - Ingénierie, études développement - Conseil, audit, comptabilité - Environnement, recyclage Site Internet : https://www.i2c-pro.com/ Description de l'entreprise I2C est un bureau d'études et de formations pluridisciplinaires dans le domaine HSE. Nos offres d'emploi",,,,,,,,,IT & Software,ok
EmploiTunisie,Technicien en Imagerie Médical - Monastir,None,None,None,https://www.emploitunisie.com/recruteur/380523,"CARTHAGE MEDICAL Profil de lentreprise Entreprise : CARTHAGE MEDICAL Ville : Monastir Pays : Tunisie Secteur dactivité : Santé, pharmacie, hôpitaux, équipements médicaux Site Internet : https://carthagemedical.com.tn/ Description de l'entreprise Le Centre International Carthage Médical est une polyclinique multidisciplinaire dotée dune unité de Radiologie et dImagerie Médicale, Urgences &amp; Transport Médicalisé, Cardiologie Interventionnelle, Maternité et Réanimation Néonatale, Réanimation Médicale et Chirurgicale, 5 salles opératoires offrant les meilleurs équipements, des chambres et des suites conçues pour fournir un confort matériel et psychologique des patients tout en respectant les normes internationales de sécurité et dhygiène, une équipe médicale et paramédicale de confiance. La polyclinique dispose dun service daccueil des Urgences qui est assuré 24h/24. Nos offres d'emploi",,,,,,,,,IT & Software,ok
EmploiTunisie,Ingénieur Conception Catia Trim - Tunis,None,None,None,https://www.emploitunisie.com/recruteur/217375,"ENNOPULSE Profil de lentreprise Entreprise : ENNOPULSE Ville : Casablanca Pays : Maroc Secteur dactivité : Automobile, matériels de transport, réparation - Ingénierie, études développement - Recherche et développement Site Internet : non disponible Description de l'entreprise At ENNOPULSE, we are dedicated to delivering bespoke validation solutions that enhance the performance and safety of your products. With our team of expert CAE analysts and senior project managers, we offer comprehensive simulation and physical testing services. Why Choose ENNOPULSE? Our commitment to excellence and innovation, backed by our extensive industry experience in physical testing and computational analysis, allows us to provide customized solutions that are both innovative and practical. We are committed to meeting your specific needs with precision, reliability and agility. Société de prestation de services en ingénierie. Conception de produits Pilotage dessais de validation des produits Calculs numériques, notes de calcul et de dimensionnement de structures (automobile, bâtiment, aéronautique) Pilotage dactivités dhomologation des produits Conception, suivi dinstallation et mise au point de procédés de fabrication Gestion de la qualité Gestion des achats Gestion de projet Formations aux métiers de lautomobile Expertise projet, structure et modélisation Nos offres d'emploi",,,project management,,,,,Senior,IT & Software,ok
EmploiTunisie,Agent Commercial - Ariana,None,None,None,https://www.emploitunisie.com/recruteur/359053,"YAKDHANE Profil de lentreprise Entreprise : YAKDHANE Ville : Ariana Pays : Tunisie Secteur dactivité : Distribution, vente, commerce de gros - Equip. électriques, électroniques, optiques, précision - Informatique, SSII, Internet - Nettoyage, sécurité, surveillance Site Internet : http://yakdhane.com Description de l'entreprise Leader historique de la sécurité électronique en Tunisie depuis 1996, Yakdhane protège les foyers et les entreprises grâce à une expertise unique. Yakdhane est un architecte de solutions intégrées alliant alarme haute sécurité, vidéosurveillance intelligente et domotique d'avant-garde. En maîtrisant l'ensemble de la chaîne  du conseil technique à la télésurveillance 24h/24  nous garantissons à nos clients un écosystème fiable, évolutif et parfaitement adapté aux défis technologiques de demain. Nos offres d'emploi",,,,,,,,Senior,IT & Software,ok
EmploiTunisie,Ingénieur Amélioration Continue - Nabeul,None,None,None,https://www.emploitunisie.com/recruteur/341955,"TESCA Profil de lentreprise Entreprise : TESCA Ville : Nabeul Pays : Tunisie Secteur dactivité : Textile, habillement, cuir, chaussures Site Internet : non disponible Description de l'entreprise Coupe et confection, ainsi quinjection et garnissage des appuie-tête de voiture. Nos offres d'emploi",,,,,,,,,IT & Software,ok
EmploiTunisie,"Responsable Contentieux - Centre Ville,Tunis",None,None,None,https://www.emploitunisie.com/recruteur/303492,"AQUACULTURE TUNISIENNE Profil de lentreprise Entreprise : AQUACULTURE TUNISIENNE Ville : Sousse Pays : Tunisie Secteur dactivité : Distribution, vente, commerce de gros Site Internet : non disponible Description de l'entreprise Créée depuis 1988 par Mhamed DRISS, lAquaculture Tunisienne, représente la première ferme aquacole en Tunisie spécialisée dans la reproduction, lélevage et la commercialisation du loup de mer, ou bar (Dicenthrarchus labrax) et de la Daurade Royale (Sparus auratus). Partie intégrante de MARHABA Hotels Group à la notoriété bien établie, lAquaculture Tunisienne est connue pour la qualité de fraîcheur de ses produits et par sa capacité à approvisionner régulièrement les marchés de poissons. Nos offres d'emploi",,,,,,,,,IT & Software,ok
EmploiTunisie,Chargé(e) Satisfaction Client - Tunis,None,None,None,https://www.emploitunisie.com/recruteur/181120,"EDUWORLD Profil de lentreprise Entreprise : EDUWORLD Ville : Tunis Pays : Tunisie Secteur dactivité : Éducation, formation - Services autres Site Internet : non disponible Description de l'entreprise Eduworld est un organisme dorientation et de conseil qui vise à accompagner les étudiants dans leurs projets détudes et à effectuer lensemble des démarches nécessaires pour pouvoir poursuivre leurs études supérieures dans différentes destinations. Nos offres d'emploi",,,,,,,,,IT & Software,ok
EmploiTunisie,Commercial - Sousse,None,None,None,https://www.emploitunisie.com/recruteur/196520,"KN DISTRIBUTION Profil de lentreprise Entreprise : KN DISTRIBUTION Ville : Beb el Khadhra, Tunis Pays : Tunisie Secteur dactivité : Distribution, vente, commerce de gros Site Internet : non disponible Description de l'entreprise Laboratoire de surfaçage de verres optiques Nos offres d'emploi",,,,,,,,,IT & Software,ok
EmploiTunisie,Chargé(e) dAccueil - Sousse,None,None,None,https://www.emploitunisie.com/recruteur/188179,"EDUFRANCE Profil de lentreprise Entreprise : EDUFRANCE Ville : Tunis Pays : Tunisie Secteur dactivité : Éducation, formation - Services autres Site Internet : non disponible Description de l'entreprise Edufrance Tunisie est un organisme dorientation et de conseil qui vise à accompagner les étudiants dans leurs projets détudes et à effectuer lensemble des démarches nécessaires pour pouvoir poursuivre leurs études supérieures en France. Nos offres d'emploi",,,,,,,,,IT & Software,ok
EmploiTunisie,Chargé(e) dAffaires Académiques - Tunis,None,None,None,https://www.emploitunisie.com/recruteur/188179,"EDUFRANCE Profil de lentreprise Entreprise : EDUFRANCE Ville : Tunis Pays : Tunisie Secteur dactivité : Éducation, formation - Services autres Site Internet : non disponible Description de l'entreprise Edufrance Tunisie est un organisme dorientation et de conseil qui vise à accompagner les étudiants dans leurs projets détudes et à effectuer lensemble des démarches nécessaires pour pouvoir poursuivre leurs études supérieures en France. Nos offres d'emploi",,,,,,,,,IT & Software,ok
EmploiTunisie,Superviseur de Production - Nabeul,None,None,None,https://www.emploitunisie.com/recruteur/341955,"TESCA Profil de lentreprise Entreprise : TESCA Ville : Nabeul Pays : Tunisie Secteur dactivité : Textile, habillement, cuir, chaussures Site Internet : non disponible Description de l'entreprise Coupe et confection, ainsi quinjection et garnissage des appuie-tête de voiture. Nos offres d'emploi",,,,,,,,,IT & Software,ok
EmploiTunisie,Styliste Modéliste - Ksar Hellal,None,None,None,https://www.emploitunisie.com/recruteur/396260,"LIVRALYNX Profil de lentreprise Entreprise : LIVRALYNX Ville : La Soukra Pays : Tunisie Secteur dactivité : Transports, logistique, services postaux Site Internet : non disponible Description de l'entreprise LivraLynx est une entreprise tunisienne spécialisée dans la logistique et la livraison express pour les particuliers et les professionnels. Profil général LivraLynx se présente comme un partenaire logistique de confiance, proposant des services de livraison rapide, fiables et adaptés aux différents types de besoins (documents, colis, ecommerce, etc.). Lentreprise met laccent sur la proximité, la réactivité et la traçabilité des envois, avec une organisation tournée vers la satisfaction client et la gestion efficace des flux de livraison. Nos offres d'emploi",,,,,,,,,IT & Software,ok
EmploiTunisie,Conseiller Commercial - Tunis,None,None,None,https://www.emploitunisie.com/recruteur/286767,"ESTEEXPERT TUNISIE Profil de lentreprise Entreprise : ESTEEXPERT TUNISIE Ville : Tunis Pays : Tunisie Secteur dactivité : Centres dappel, hotline, call center Site Internet : non disponible Description de l'entreprise Le centre dappel EsteExpert Tunisie, branche de la clinique SaphireDent  une référence internationale basée à Istanbul. Nos offres d'emploi",,,,,,,,,IT & Software,ok
EmploiTunisie,Conducteur de Machine - Hammamet,None,None,None,https://www.emploitunisie.com/recruteur/285187,"SITPEC Profil de lentreprise Entreprise : SITPEC Ville : hammamet Pays : Tunisie Secteur dactivité : Industrie, production, fabrication, autres Site Internet : https://www.sitpec.com Description de l'entreprise SITPEC (Société Industrielle de Transformation de Papier) est une entreprise tunisienne basée à Hammamet, spécialisée dans la transformation du papier et la production demballages industriels et alimentaires, ainsi que de cahiers scolaires. Forte de plus de 40 ans dexpérience, SITPEC dispose de plusieurs sites de production équipés de machines modernes, garantissant des produits de haute qualité adaptés aux besoins des clients. Lentreprise propose également une gamme complète de fournitures scolaires et offre des services dimpression personnalisée pour répondre aux demandes spécifiques des clients. Avec un savoir-faire reconnu dans lindustrie, SITPEC sengage à fournir des produits fiables, durables et conformes aux standards de qualité. Enregistrée légalement en Tunisie sous le numéro B0717232005 et possédant un identifiant fiscal 0913723H, SITPEC est une société à responsabilité limitée (SARL) employant près de 99 collaborateurs. Lentreprise est également active sur les réseaux sociaux, permettant de rester proche de sa clientèle et de communiquer sur ses produits et services. Nos offres d'emploi",,,,,40 ans dexpérience,,,,IT & Software,ok
EmploiTunisie,"Executive Sous Chef - Riyadh, Saudi Arabia",None,None,None,https://www.emploitunisie.com/recruteur/396335,"AFRICAWORK Profil de lentreprise Entreprise : AFRICAWORK Ville : Tunis Pays : Tunisie Secteur dactivité : Intérim, recrutement Site Internet : https://www.africawork.com/ Description de l'entreprise AFRICAWORK est un fournisseur de services de recrutement spécialisé dans la recherche des compétences et talents en Afrique. Depuis sa création en 2012, AFRICAWORK accompagne ses clients et partenaires en les aidant à trouver les meilleures ressources pour leurs organisations. Présent dans 37 pays en Afrique, AFRICAWORK possède des équipes expérimentées de consultants RH, des plateformes de recrutement dans chaque pays et une large CVthèque de plus de 4 millions de professionnels. Notre mission est d'accompagner les entreprises tout au long de leurs projets de recrutement jusquà leur finalisation, et de faire du capital humain le vecteur de leur croissance. Notre capacité à affecter la ressource parfaitement adéquate à chaque contexte nous permet de répondre rapidement et efficacement à leurs besoins. Professionnels, candidats, inscrivez-vous sur notre site de recrutement afin de pouvoir être contacté pour une opportunité d'emploi ou une mission ! Pour plus d'informations, veuillez consulter notre site web à l'adresse https://www.africawork.com Nos offres d'emploi",,,,,,,,Senior,IT & Software,ok
EmploiTunisie,"Chef de Partie - Pastry - Riyadh, Saudi Arabia",None,None,None,https://www.emploitunisie.com/recruteur/396335,"AFRICAWORK Profil de lentreprise Entreprise : AFRICAWORK Ville : Tunis Pays : Tunisie Secteur dactivité : Intérim, recrutement Site Internet : https://www.africawork.com/ Description de l'entreprise AFRICAWORK est un fournisseur de services de recrutement spécialisé dans la recherche des compétences et talents en Afrique. Depuis sa création en 2012, AFRICAWORK accompagne ses clients et partenaires en les aidant à trouver les meilleures ressources pour leurs organisations. Présent dans 37 pays en Afrique, AFRICAWORK possède des équipes expérimentées de consultants RH, des plateformes de recrutement dans chaque pays et une large CVthèque de plus de 4 millions de professionnels. Notre mission est d'accompagner les entreprises tout au long de leurs projets de recrutement jusquà leur finalisation, et de faire du capital humain le vecteur de leur croissance. Notre capacité à affecter la ressource parfaitement adéquate à chaque contexte nous permet de répondre rapidement et efficacement à leurs besoins. Professionnels, candidats, inscrivez-vous sur notre site de recrutement afin de pouvoir être contacté pour une opportunité d'emploi ou une mission ! Pour plus d'informations, veuillez consulter notre site web à l'adresse https://www.africawork.com Nos offres d'emploi",,,,,,,,Senior,IT & Software,ok
EmploiTunisie,"Chef de Partie - Hot Section - Riyadh, Saudi Arabia",None,None,None,https://www.emploitunisie.com/recruteur/396335,"AFRICAWORK Profil de lentreprise Entreprise : AFRICAWORK Ville : Tunis Pays : Tunisie Secteur dactivité : Intérim, recrutement Site Internet : https://www.africawork.com/ Description de l'entreprise AFRICAWORK est un fournisseur de services de recrutement spécialisé dans la recherche des compétences et talents en Afrique. Depuis sa création en 2012, AFRICAWORK accompagne ses clients et partenaires en les aidant à trouver les meilleures ressources pour leurs organisations. Présent dans 37 pays en Afrique, AFRICAWORK possède des équipes expérimentées de consultants RH, des plateformes de recrutement dans chaque pays et une large CVthèque de plus de 4 millions de professionnels. Notre mission est d'accompagner les entreprises tout au long de leurs projets de recrutement jusquà leur finalisation, et de faire du capital humain le vecteur de leur croissance. Notre capacité à affecter la ressource parfaitement adéquate à chaque contexte nous permet de répondre rapidement et efficacement à leurs besoins. Professionnels, candidats, inscrivez-vous sur notre site de recrutement afin de pouvoir être contacté pour une opportunité d'emploi ou une mission ! Pour plus d'informations, veuillez consulter notre site web à l'adresse https://www.africawork.com Nos offres d'emploi",,,,,,,,Senior,IT & Software,ok
EmploiTunisie,"Chef de Partie  (Garde Manger) - Riyadh, Saudi Arabia",None,None,None,https://www.emploitunisie.com/recruteur/396335,"AFRICAWORK Profil de lentreprise Entreprise : AFRICAWORK Ville : Tunis Pays : Tunisie Secteur dactivité : Intérim, recrutement Site Internet : https://www.africawork.com/ Description de l'entreprise AFRICAWORK est un fournisseur de services de recrutement spécialisé dans la recherche des compétences et talents en Afrique. Depuis sa création en 2012, AFRICAWORK accompagne ses clients et partenaires en les aidant à trouver les meilleures ressources pour leurs organisations. Présent dans 37 pays en Afrique, AFRICAWORK possède des équipes expérimentées de consultants RH, des plateformes de recrutement dans chaque pays et une large CVthèque de plus de 4 millions de professionnels. Notre mission est d'accompagner les entreprises tout au long de leurs projets de recrutement jusquà leur finalisation, et de faire du capital humain le vecteur de leur croissance. Notre capacité à affecter la ressource parfaitement adéquate à chaque contexte nous permet de répondre rapidement et efficacement à leurs besoins. Professionnels, candidats, inscrivez-vous sur notre site de recrutement afin de pouvoir être contacté pour une opportunité d'emploi ou une mission ! Pour plus d'informations, veuillez consulter notre site web à l'adresse https://www.africawork.com Nos offres d'emploi",,,,,,,,Senior,IT & Software,ok
EmploiTunisie,Téléconseiller Français - Prospection B2B - Kram,None,None,None,https://www.emploitunisie.com/recruteur/249963,"MADANI CALL CENTER Profil de lentreprise Entreprise : MADANI CALL CENTER Ville : El Kram Pays : Tunisie Secteur dactivité : Centres dappel, hotline, call center - Conseil, audit, comptabilité - Marketing, communication, médias - Secrétariat - Services autres Site Internet : https://www.m-callcenter.com/ Description de l'entreprise Madani Call Center, votre partenaire en externalisation basé à Tunis. Nous aidons les entreprises à optimiser leurs processus en confiant certaines de leurs activités à nos équipes. Ce choix vous permet non seulement daméliorer votre productivité, mais aussi de réaliser plus de 50% déconomies par rapport aux coûts dun collaborateur en France. Nos services sont disponibles 24h/24, et nous assurons une externalisation en français, anglais, italien, espagnol et allemand. Nos offres d'emploi",,,communication,"english, french, german, italian, spanish",,,,,IT & Software,ok
EmploiTunisie,Responsable Magasin - Mnihla,None,None,None,https://www.emploitunisie.com/recruteur/396824,"EMINENCE TRADING COMPANY Profil de lentreprise Entreprise : EMINENCE TRADING COMPANY Ville : Tunis Pays : Tunisie Secteur dactivité : Distribution, vente, commerce de gros Site Internet : non disponible Description de l'entreprise Eminence Trading Company is a leading distributor of premium solar energy products in Tunisia, partnering with global brands to deliver cutting-edge photovoltaic solutions for residential, commercial, and industrial projects. Nos offres d'emploi",,,,,,,,Senior,IT & Software,ok
EmploiTunisie,Pharmacien Expérimenté - Bou Mhel El Bassatine,None,None,None,https://www.emploitunisie.com/recruteur/396856,"PHARMADIAL Profil de lentreprise Entreprise : PHARMADIAL Ville : Bou Mhel El Bassatine Pays : Tunisie Secteur dactivité : Industrie pharmaceutique - Industrie, production, fabrication, autres Site Internet : non disponible Description de l'entreprise Nous sommes une entreprise industrielle spécialisée dans la fabrication de produits pharmaceutiques Nos offres d'emploi",,,,,,,,,IT & Software,ok
EmploiTunisie,Travail à Distance  Enregistrements Audio (sans Expérience) - International,None,None,None,https://www.emploitunisie.com/recruteur/351665,"VOICE DATA AI Profil de lentreprise Entreprise : VOICE DATA AI Ville : Tunis Pays : Tunisie Secteur dactivité : Recherche et développement Site Internet : non disponible Description de l'entreprise Agence dintérim et de mise en relation basée en Tunisie, spécialisée dans les missions courtes et flexibles (présentiel et à distance). Nous accompagnons les candidats de linscription jusquau démarrage. Nos offres d'emploi",missions courtes et flexibles (présentiel et à distance). Nous accompagnons les candidats de linscription jusquau démarrage. Nos offres d'emploi,,,,,,,,IT & Software,ok
EmploiTunisie,Technicien Supérieur en Génie Civil H/F - Tunis,None,None,None,https://www.emploitunisie.com/recruteur/346760,"SETEC MIS Profil de lentreprise Entreprise : SETEC MIS Ville : Tunis Pays : Tunisie Secteur dactivité : BTP, construction - Ingénierie, études développement Site Internet : https://www.setec.fr Description de l'entreprise SETEC MIS est une société dingénierie basée à Tunis (Tunisie), filiale du groupe français SETEC International spécialisé dans les projets dinfrastructures de transport. Elle intervient principalement dans le conseil technique, la conception et les études dingénierie pour les projets linéaires tels que les routes, autoroutes, voies ferroviaires et aménagements urbains. Lentreprise réalise des études de faisabilité, des phases davantprojet et dexécution, ainsi que des missions de maîtrise dœuvre, en collaboration avec des partenaires internationaux et des grands constructeurs. Nos offres d'emploi","missions de maîtrise dœuvre, en collaboration avec des partenaires internationaux et des grands constructeurs. Nos offres d'emploi",,,french,,Bac+4,,,IT & Software,ok
EmploiTunisie,Réceptionniste - Gafsa,None,None,None,https://www.emploitunisie.com/recruteur/27471,"HORIZON TRANSPORT EXPRESS Profil de lentreprise Entreprise : HORIZON TRANSPORT EXPRESS Ville : SOUSSE Pays : Tunisie Secteur dactivité : Hôtellerie, restauration Site Internet : https://hte.company/ Description de l'entreprise Horizon Transport Express est une société prestataire de service spécialisée dans le transport routier et la livraison des colis, courriers et marchandises diverses sur le territoire tunisien. Elle est fondée en 2005 sous le statut dune société à responsabilité limitée  SARL . Elle offre un service de livraison express complet au quotidien, regroupe et réexpédie les colis des entreprises et des particuliers à domicile ou en point de proximité. Pour satisfaire les besoins particuliers de ses clients, la société HTE ne cesse de se développer, elle bénéficie aujourdhui dun réseau de distribution et dune organisation logistique lui permettant dêtre classée aujourdhui parmi les plus grands spécialistes de livraison et de présenter une offre de qualité, fiable et sérieuse pour mieux organiser les expéditions. HTE sengage à apporter une solution appropriée aux envois de ses clients et essaye dinnover ses services pour assurer lefficacité et optimiser son expérience client. Sa vision future se fonde sur une trajectoire évolutive. La société essaye daméliorer en permanence ses services pour renforcer les valeurs de modernité, de fiabilité et de solidité. Ces valeurs contribueront à rassembler toute léquipe, à faire progresser régulièrement la société et à mobiliser les énergies. Nos offres d'emploi",,,,,,,,,IT & Software,ok
EmploiTunisie,Approvisionneur - Mornaguia,None,None,None,https://www.emploitunisie.com/recruteur/386374,"GDS TUNISIA Profil de lentreprise Entreprise : GDS TUNISIA Ville : Mornaguia Pays : Tunisie Secteur dactivité : Industrie, production, fabrication, autres Site Internet : http://www.gds.com Description de l'entreprise GDS Tunisia est une entreprise industrielle spécialisée dans lassemblage de cartes électroniques destinées à des clients internationaux. Elle évolue dans un environnement structuré, respectant les normes de qualité, de sécurité et de production propres au secteur électronique. Lentreprise sappuie sur une main-dœuvre qualifiée et sur des processus industriels optimisés afin de garantir performance et fiabilité. Nos offres d'emploi",,,,,,,,,IT & Software,ok
EmploiTunisie,Manoeuvre de Chantier - International,None,None,None,https://www.emploitunisie.com/recruteur/397669,"CECGB Profil de lentreprise Entreprise : CECGB Ville : Tunis Pays : Tunisie Secteur dactivité : BTP, construction Site Internet : https://cecgb.e-monsite.com Description de l'entreprise CECGB est une société dingénierie unique, diversifiée et verticalement intégrée qui sest bâtie une solide réputation dans les secteurs minier, industriel et municipal, notamment dans sa capacité à livrer des solutions clés en main. De plus, en combinant les capacités de nos quatre pôles dexcellence, nous transformons nos designs et innovation technologique en réalité, et pouvons mener des projets de la conception à lexploitation ! Nos offres d'emploi",,,,,,,,,IT & Software,ok
EmploiTunisie,Chargé E-Commerce - Sfax,None,None,None,https://www.emploitunisie.com/recruteur/231237,"PÂTISSERIE MASMOUDI Profil de lentreprise Entreprise : PÂTISSERIE MASMOUDI Ville : Sfax Pays : Tunisie Secteur dactivité : Agroalimentaire - Distribution, vente, commerce de gros - Hôtellerie, restauration - Industrie, production, fabrication, autres - Services autres Site Internet : non disponible Description de l'entreprise Pâtisserie Masmoudi est une société tunisienne leader dans le domaine de pâtisserie ; fondée en 1972 à Sfax Nos offres d'emploi",,,,,,,,Senior,IT & Software,ok
EmploiTunisie,Technicien Tests de Cartes Electroniques - Mornaguia,None,None,None,https://www.emploitunisie.com/recruteur/386374,"GDS TUNISIA Profil de lentreprise Entreprise : GDS TUNISIA Ville : Mornaguia Pays : Tunisie Secteur dactivité : Industrie, production, fabrication, autres Site Internet : http://www.gds.com Description de l'entreprise GDS Tunisia est une entreprise industrielle spécialisée dans lassemblage de cartes électroniques destinées à des clients internationaux. Elle évolue dans un environnement structuré, respectant les normes de qualité, de sécurité et de production propres au secteur électronique. Lentreprise sappuie sur une main-dœuvre qualifiée et sur des processus industriels optimisés afin de garantir performance et fiabilité. Nos offres d'emploi",,,,,,,,,IT & Software,ok
EmploiTunisie,Maintenance Manager - Nabeul,None,None,None,https://www.emploitunisie.com/recruteur/166503,"STE CALE CHAUSSURES Profil de lentreprise Entreprise : STE CALE CHAUSSURES Ville : NABEUL Pays : Tunisie Secteur dactivité : Industrie, production, fabrication, autres Site Internet : https://www.calechaussures.com/fr Description de l'entreprise STE CALE CHAUSSURES est une entreprise spécialise en fabrication de chaussures. Nos offres d'emploi",,,,,,,,,IT & Software,ok
EmploiTunisie,Inspecteur Qualité - Mornaguia,None,None,None,https://www.emploitunisie.com/recruteur/386374,"GDS TUNISIA Profil de lentreprise Entreprise : GDS TUNISIA Ville : Mornaguia Pays : Tunisie Secteur dactivité : Industrie, production, fabrication, autres Site Internet : http://www.gds.com Description de l'entreprise GDS Tunisia est une entreprise industrielle spécialisée dans lassemblage de cartes électroniques destinées à des clients internationaux. Elle évolue dans un environnement structuré, respectant les normes de qualité, de sécurité et de production propres au secteur électronique. Lentreprise sappuie sur une main-dœuvre qualifiée et sur des processus industriels optimisés afin de garantir performance et fiabilité. Nos offres d'emploi",,,,,,,,,IT & Software,ok
EmploiTunisie,Responsable Commercial et Relation Clients - Sfax,None,None,None,https://www.emploitunisie.com/recruteur/121438,"SFAXSOFT Profil de lentreprise Entreprise : SFAXSOFT Ville : Sfax Pays : Tunisie Secteur dactivité : Informatique, SSII, Internet - Marketing, communication, médias Site Internet : https://sfaxsoft.com/ Description de l'entreprise SfaxSoft est une agence de services informatiques qui s'adresse au marché international. Notre équipe met à votre disposition une large gamme de compétences dans le domaine de développement informatique.Nous sommes spécialisés dans la création de sites web responsives, de boutiques e-commerce, conseil en marketing digital, référencement de sites Internet, hébergement de sites web et gestion des noms de domaine. Nos offres d'emploi",,,"communication, digital marketing",,,,,,IT & Software,ok
EmploiTunisie,Mécanicien Expérimenté - Soukra,None,None,None,https://www.emploitunisie.com/recruteur/398084,"OTOMOOVE Soukra OTOMOOVE Profil de lentreprise Entreprise : OTOMOOVE Ville : Soukra Pays : Tunisie Secteur dactivité : Automobile, matériels de transport, réparation Site Internet : non disponible Description de l'entreprise Magasin de pneus Nos offres d'emploi X Nous utilisons des cookies pour vous offrir la meilleure expérience utilisateur possible. En continuant à utiliser notre site, vous acceptez leur utilisation. En savoir plus Accueil Recherche Candidat Recruteur",,,,,,,,,IT & Software,ok
EmploiTunisie,Magasinier(ère) - International,None,None,None,https://www.emploitunisie.com/recruteur/397669,"CECGB Profil de lentreprise Entreprise : CECGB Ville : Tunis Pays : Tunisie Secteur dactivité : BTP, construction Site Internet : https://cecgb.e-monsite.com Description de l'entreprise CECGB est une société dingénierie unique, diversifiée et verticalement intégrée qui sest bâtie une solide réputation dans les secteurs minier, industriel et municipal, notamment dans sa capacité à livrer des solutions clés en main. De plus, en combinant les capacités de nos quatre pôles dexcellence, nous transformons nos designs et innovation technologique en réalité, et pouvons mener des projets de la conception à lexploitation ! Nos offres d'emploi",,,,,,,,,IT & Software,ok
EmploiTunisie,Briqueteur(euse)-Maçon(ne) - International,None,None,None,https://www.emploitunisie.com/recruteur/397669,"CECGB Profil de lentreprise Entreprise : CECGB Ville : Tunis Pays : Tunisie Secteur dactivité : BTP, construction Site Internet : https://cecgb.e-monsite.com Description de l'entreprise CECGB est une société dingénierie unique, diversifiée et verticalement intégrée qui sest bâtie une solide réputation dans les secteurs minier, industriel et municipal, notamment dans sa capacité à livrer des solutions clés en main. De plus, en combinant les capacités de nos quatre pôles dexcellence, nous transformons nos designs et innovation technologique en réalité, et pouvons mener des projets de la conception à lexploitation ! Nos offres d'emploi",,,,,,,,,IT & Software,ok
EmploiTunisie,Assistante de Direction - Tunis,None,None,None,https://www.emploitunisie.com/recruteur/398233,"EDEN ASSISTANCE Profil de lentreprise Entreprise : EDEN ASSISTANCE Ville : Tunis Pays : Tunisie Secteur dactivité : Services autres Site Internet : non disponible Description de l'entreprise Established in 2010, EDENs mission is to listen to and assist grieving families with the repatriation of their loved ones to their home country or for burial in Tunisia. With an extensive network of partners worldwide, EDEN aims to facilitate the repatriation of the deceased under the best conditions and in the shortest possible time frame, as chosen by the family. EDEN operates with consideration for the culture and religion of the deceased, ensuring that the demands and expectations of families are met. Nos offres d'emploi",,,,,,,,,IT & Software,ok
EmploiTunisie,Gestionnaire dAppels Entrants Médicaux - Sousse,None,None,None,https://www.emploitunisie.com/recruteur/243926,"ALTRA CALL Profil de lentreprise Entreprise : ALTRA CALL Ville : Sousse Pays : Tunisie Secteur dactivité : Centres dappel, hotline, call center - Conseil, audit, comptabilité - Informatique, SSII, Internet - Marketing, communication, médias - Services autres Site Internet : https://altra-call.com/ Description de l'entreprise ALTRACALL est une société de services à la pointe de la technologie, spécialisée dans lengagement des clients et lamélioration des performances commerciales. Chez ALTRACALL, nous offrons une expérience exceptionnelle à chaque contact, grâce à nos valeurs : engagement, passion et dévouement à lexcellence, créant ainsi plus de valeur ajoutée pour nos collaborateurs, nos clients, notre marché et nos actionnaires. Nos offres d'emploi",,,communication,,,,,,IT & Software,ok
EmploiTunisie,Graphiste - Tunisie,None,None,None,https://www.emploitunisie.com/recruteur/193143,"HELLO EDITIONS Profil de lentreprise Entreprise : HELLO EDITIONS Ville : PARIS Pays : France Secteur dactivité : Édition, imprimerie Site Internet : https://www.helloeditions.fr Description de l'entreprise Maison d'édition parisienne. Publication, édition et commercialisation de livres. Nos offres d'emploi",,,,,,,,,IT & Software,ok
EmploiTunisie,Commercial - Cotonou,None,None,None,https://www.emploitunisie.com/recruteur/24813,"ECOMA BENIN Profil de lentreprise Entreprise : ECOMA BENIN Ville : Cotonou Pays : Bénin Secteur dactivité : BTP, construction Site Internet : http://www.ecomabenin.com Description de l'entreprise Fondée en 1983, ECOMA-BENIN est une entreprise spécialisée dans plusieurs activités de menuiserie aluminium, produits verriers, construction métallique, habillage façade. En effet, nos techniciens hautement qualifiés travaillent avec une machinerie moderne dans le respect des normes et des règles de sécurité. Nos menuiseries sont extrêmement robustes et ont été conçues pour résister à toute utilisation intensive. Nos offres d'emploi",,,,,,,,,IT & Software,ok
EmploiTunisie,Technicien Bureau dÉtude - Bénin,None,None,None,https://www.emploitunisie.com/recruteur/24813,"ECOMA BENIN Profil de lentreprise Entreprise : ECOMA BENIN Ville : Cotonou Pays : Bénin Secteur dactivité : BTP, construction Site Internet : http://www.ecomabenin.com Description de l'entreprise Fondée en 1983, ECOMA-BENIN est une entreprise spécialisée dans plusieurs activités de menuiserie aluminium, produits verriers, construction métallique, habillage façade. En effet, nos techniciens hautement qualifiés travaillent avec une machinerie moderne dans le respect des normes et des règles de sécurité. Nos menuiseries sont extrêmement robustes et ont été conçues pour résister à toute utilisation intensive. Nos offres d'emploi",,,,,,,,,IT & Software,ok
EmploiTunisie,Assistant Comptable - Sousse,None,None,None,https://www.emploitunisie.com/recruteur/238722,"EJRIDA PROMOTION IMMOBILIERE Profil de lentreprise Entreprise : EJRIDA PROMOTION IMMOBILIERE Ville : Sousse Pays : Tunisie Secteur dactivité : Immobilier, architecture, urbanisme - Services autres Site Internet : https://bouzguendaetfils.com/ejrida/ Description de l'entreprise EJRIDA Immobilière est une société de promotion immobilière appartenant au Groupe Bouzguenda et Fils, acteur majeur du secteur en Tunisie. Notre entreprise est spécialisée dans la vente de biens immobiliers haut standing, alliant qualité architecturale, confort et emplacement stratégique. Pourquoi rejoindre EJRIDA Immobilière ? Un environnement de travail dynamique et professionnel. Une entreprise en pleine croissance offrant de réelles opportunités dévolution. Une équipe passionnée et engagée dans le développement du marché immobilier tunisien. Notre engagement : Offrir à nos clients des biens immobiliers dexception, conçus avec un souci du détail et répondant aux exigences modernes du marché. Nos offres d'emploi",,exigences modernes du marché. Nos offres d'emploi,,,,,,,IT & Software,ok
EmploiTunisie,Help Desk Technician - Sousse,None,None,None,https://www.emploitunisie.com/recruteur/243926,"ALTRA CALL Profil de lentreprise Entreprise : ALTRA CALL Ville : Sousse Pays : Tunisie Secteur dactivité : Centres dappel, hotline, call center - Conseil, audit, comptabilité - Informatique, SSII, Internet - Marketing, communication, médias - Services autres Site Internet : https://altra-call.com/ Description de l'entreprise ALTRACALL est une société de services à la pointe de la technologie, spécialisée dans lengagement des clients et lamélioration des performances commerciales. Chez ALTRACALL, nous offrons une expérience exceptionnelle à chaque contact, grâce à nos valeurs : engagement, passion et dévouement à lexcellence, créant ainsi plus de valeur ajoutée pour nos collaborateurs, nos clients, notre marché et nos actionnaires. Nos offres d'emploi",,,communication,,,,,,IT & Software,ok
EmploiTunisie,Agent de Maintenance - Gafsa,None,None,None,https://www.emploitunisie.com/recruteur/27471,"HORIZON TRANSPORT EXPRESS Profil de lentreprise Entreprise : HORIZON TRANSPORT EXPRESS Ville : SOUSSE Pays : Tunisie Secteur dactivité : Hôtellerie, restauration Site Internet : https://hte.company/ Description de l'entreprise Horizon Transport Express est une société prestataire de service spécialisée dans le transport routier et la livraison des colis, courriers et marchandises diverses sur le territoire tunisien. Elle est fondée en 2005 sous le statut dune société à responsabilité limitée  SARL . Elle offre un service de livraison express complet au quotidien, regroupe et réexpédie les colis des entreprises et des particuliers à domicile ou en point de proximité. Pour satisfaire les besoins particuliers de ses clients, la société HTE ne cesse de se développer, elle bénéficie aujourdhui dun réseau de distribution et dune organisation logistique lui permettant dêtre classée aujourdhui parmi les plus grands spécialistes de livraison et de présenter une offre de qualité, fiable et sérieuse pour mieux organiser les expéditions. HTE sengage à apporter une solution appropriée aux envois de ses clients et essaye dinnover ses services pour assurer lefficacité et optimiser son expérience client. Sa vision future se fonde sur une trajectoire évolutive. La société essaye daméliorer en permanence ses services pour renforcer les valeurs de modernité, de fiabilité et de solidité. Ces valeurs contribueront à rassembler toute léquipe, à faire progresser régulièrement la société et à mobiliser les énergies. Nos offres d'emploi",,,,,,,,,IT & Software,ok
EmploiTunisie,Dutch Speaking Customer Service - Tunis,None,None,None,https://www.emploitunisie.com/recruteur/399386,"WEIHU ONLINE Profil de lentreprise Entreprise : WEIHU ONLINE Ville : Tunis Pays : Tunisie Secteur dactivité : Centres dappel, hotline, call center Site Internet : http://weihuonline.com Description de l'entreprise Weihu Online is an international BPO delivering customer service projects across China, Europe, and the Americas. We are building a 20-person multilingual Quality Control (QC) team for our call center to support operations in multiple countries. Nos offres d'emploi",,,,,,,,,IT & Software,ok
EmploiTunisie,"Chargée de Marketing Digital (SEO & Emailing)  (CIVP) - Avenue Habib Bourguiba,Tunis",None,None,None,https://www.emploitunisie.com/recruteur/109365,"BOURSEDESCRÉDITS.COM Profil de lentreprise Entreprise : BOURSEDESCRÉDITS.COM Ville : Tunis Pays : France Secteur dactivité : Banque, assurance, finances Site Internet : https://www.boursedescredits.com/ Description de l'entreprise Il y a les courtiers traditionnels et il y a BoursedesCrédits, Chez nous, lobjectif est clair : vous simplifier les démarches sans vous faire bouger de votre canapé. Après tout, obtenir un crédit ou une assurance ne devrait pas être si compliqué. Et pourtant, cela peut vite sapparenter à un parcours du combattant pour les non-initiés. Cest là que nous intervenons, mais nous avons besoin de votre aide ! Cest dans cette optique que nous cherchons des personnes investies, créatives, enthousiastes et motivées pour nous rejoindre ! Rassurez-vous, jusquici, nous navons pas chômé ! Depuis notre création en 2012, nous sommes devenus en moins de deux ans un acteur majeur du marché du courtage en crédit et en assurances. Dailleurs, les résultats ne se sont pas fait attendre. Depuis notre création, nous attirons en moyenne plus de 3 millions de visiteurs uniques par an et discutons avec plus de 85 partenaires. Notre qualité de service nous a dailleurs valu plusieurs prix prestigieux. Notre secret ? Des outils à la pointe de la technologie, des processus optimisés et un accompagnement de chaque instant par une équipe dexperts. Nos offres d'emploi",,,,,,,,,IT & Software,ok
EmploiTunisie,"Agent Back Office Banque et Assurance (H/F) - Avenue Habib Bourguiba, Tunis",None,None,None,https://www.emploitunisie.com/recruteur/109365,"BOURSEDESCRÉDITS.COM Profil de lentreprise Entreprise : BOURSEDESCRÉDITS.COM Ville : Tunis Pays : France Secteur dactivité : Banque, assurance, finances Site Internet : https://www.boursedescredits.com/ Description de l'entreprise Il y a les courtiers traditionnels et il y a BoursedesCrédits, Chez nous, lobjectif est clair : vous simplifier les démarches sans vous faire bouger de votre canapé. Après tout, obtenir un crédit ou une assurance ne devrait pas être si compliqué. Et pourtant, cela peut vite sapparenter à un parcours du combattant pour les non-initiés. Cest là que nous intervenons, mais nous avons besoin de votre aide ! Cest dans cette optique que nous cherchons des personnes investies, créatives, enthousiastes et motivées pour nous rejoindre ! Rassurez-vous, jusquici, nous navons pas chômé ! Depuis notre création en 2012, nous sommes devenus en moins de deux ans un acteur majeur du marché du courtage en crédit et en assurances. Dailleurs, les résultats ne se sont pas fait attendre. Depuis notre création, nous attirons en moyenne plus de 3 millions de visiteurs uniques par an et discutons avec plus de 85 partenaires. Notre qualité de service nous a dailleurs valu plusieurs prix prestigieux. Notre secret ? Des outils à la pointe de la technologie, des processus optimisés et un accompagnement de chaque instant par une équipe dexperts. Nos offres d'emploi",,,,,,,,,IT & Software,ok
EmploiTunisie,Assistante Polyvalente - Lac 2,None,None,None,https://www.emploitunisie.com/recruteur/224721,"MON VISA CONTACTS Profil de lentreprise Entreprise : MON VISA CONTACTS Ville : Tunis Pays : Tunisie Secteur dactivité : Administration publique - Services autres - Services collectifs et sociaux, services à la personne Site Internet : non disponible Description de l'entreprise ""MON VISA CONTACTS"" est une agence spécialisée dans laccompagnement des particuliers et entreprises dans leurs démarches de visas et de voyages. Nos offres d'emploi",,,,,,,,,IT & Software,ok
EmploiTunisie,Responsable Juridique et Recouvrement - Sousse,None,None,None,https://www.emploitunisie.com/recruteur/67513,"Groupe Médical les Oliviers Profil de lentreprise Entreprise : Groupe Médical les Oliviers Ville : Sousse Pays : Tunisie Secteur dactivité : Santé, pharmacie, hôpitaux, équipements médicaux Site Internet : https://www.cliniquelesoliviers.net/ Description de l'entreprise Depuis sa création en 1976, la Clinique Les Oliviers 1ère clinique historique dans la région, s'est engagée dans la qualité des prestations offertes à ses patients. Réputée pour le corps médical qui s'y exerce ainsi que pour les investissements en terme d'équipements et de matériels de pointe, la Clinique Les Oliviers se positionne aujourd'hui parmi les établissements de santé références en Tunisie. Signe des efforts d'amélioration en continu, la Clinique Les Oliviers a entamé des travaux d'extension et de rénovation de ses locaux qui s'achèveront en 2018. Nos offres d'emploi",,,c#,,,,,,IT & Software,ok
EmploiTunisie,Chauffeur Livreur - Jammel - Ksibet El Mediouni,None,None,None,https://www.emploitunisie.com/recruteur/184561,"AGRIA-GROUP Profil de lentreprise Entreprise : AGRIA-GROUP Ville : ksibet El Mediouni Pays : Tunisie Secteur dactivité : Industrie, production, fabrication, autres Site Internet : https://agria-group.com.tn/ Description de l'entreprise Depuis sa fondation en 2010 AGRIA GROUP sest lancé dans le développement dune nouvelle approche de fertilisation et de défense des cultures. En effet, lintroduction dune nouvelle génération de produits  BIO  fortifiants et stimulateurs des autodéfenses de la plante on permit de donner à lagriculture une nouvelle opportunité de développement durable. Nos offres d'emploi",,,,,,,,,IT & Software,ok
EmploiTunisie,Comptable - Sousse,None,None,None,https://www.emploitunisie.com/recruteur/223706,"TECNOCASA KHZEMA Profil de lentreprise Entreprise : TECNOCASA KHZEMA Ville : Sousse Pays : Tunisie Secteur dactivité : Distribution, vente, commerce de gros - Immobilier, architecture, urbanisme - Marketing, communication, médias - Services autres Site Internet : https://khezama.tecnocasa.tn/sousse-jawhara/sousse-khzema/ Description de l'entreprise La marque Tecnocasa a été fondée en 1979, lorsque son fondateur, Oreste Pasquali, a lancé un plan de développement dagences de courtage immobilier dans la banlieue de Milan (Italie). Lidée de construire un réseau dagences ayant pignon sur rue, donnant de la visibilité et de la transparence au service dintermédiation immobilière avec un contact plus direct avec le client, a été une grande innovation pour le secteur. Nos offres d'emploi",,,communication,,,,,,IT & Software,ok
EmploiTunisie,Télé-Commercial(e) Bilingue FR/EN - Sfax,None,None,None,https://www.emploitunisie.com/recruteur/121438,"SFAXSOFT Profil de lentreprise Entreprise : SFAXSOFT Ville : Sfax Pays : Tunisie Secteur dactivité : Informatique, SSII, Internet - Marketing, communication, médias Site Internet : https://sfaxsoft.com/ Description de l'entreprise SfaxSoft est une agence de services informatiques qui s'adresse au marché international. Notre équipe met à votre disposition une large gamme de compétences dans le domaine de développement informatique.Nous sommes spécialisés dans la création de sites web responsives, de boutiques e-commerce, conseil en marketing digital, référencement de sites Internet, hébergement de sites web et gestion des noms de domaine. Nos offres d'emploi",,,"communication, digital marketing",,,,,,IT & Software,ok
EmploiTunisie,Caissière - Ariana,None,None,None,https://www.emploitunisie.com/recruteur/401012,"ARCHIPEL Profil de lentreprise Entreprise : ARCHIPEL Ville : Ariana Pays : Tunisie Secteur dactivité : Distribution, vente, commerce de gros Site Internet : http://www.archipel-jardin.com Description de l'entreprise Fondée en 1997, la société ARCHIPEL sest spécialisée dans le mobilier classique et moderne. Les produits que nous vous proposons sont le fruit dun savoir  faire et dune longue expérience dans le tissage et le mobilier plein air. Vous découvrirez avec ravissement dans le catalogue une gamme riche et variée de meubles et équipements professionnels pour intérieurs mais aussi pour jardins, cafés, restaurants, hôtels, plages et piscines. Un éventail de choix constituant un savant mélange entre les techniques artisanales dautrefois et la modernité. ARCHIPEL sengage à fournir à ces clients des produits de qualité, disponibles et agréables tout en restant à laffût de nouveautés dans le but de satisfaire à tous les goûts. Notre philosophie, cest lunion harmonieuse de notre nature profonde et de notre travail : seule une personne en accord avec elle-même saura trouver un article à sa convenance. Vous découvrirez avec ravissement dans le catalogue une gamme riche et variée de meubles et équipements professionnels pour intérieurs mais aussi pour jardins, cafés, restaurants, hôtels, plages et piscines. Un éventail de choix constituant un savant mélange entre les techniques artisanales dautrefois et la modernité. Nos offres d'emploi",,,,,,,,,IT & Software,ok
EmploiTunisie,Responsable de Pôle BIM - Tunis,None,None,None,https://www.emploitunisie.com/recruteur/121423,"MY DIGITAL BUILDINGS Profil de lentreprise Entreprise : MY DIGITAL BUILDINGS Ville : Lyon Pays : France Secteur dactivité : Ingénierie, études développement - BTP, construction Site Internet : https://www.mydigitalbuildings.com/ Description de l'entreprise My Digital Buildings se positionne comme la référence dans la création et l'exploitation du double numérique des bâtiments. En déployant un réseau national d'opérateurs de scan 3D et une plateforme logicielle, nous apportons une solution clé en main permettant à l'ensemble des acteurs des bâtiments de collaborer autour de leur double numérique. Nos offres d'emploi",,,,,,,,,IT & Software,ok
EmploiTunisie,Téléconseillère en Tourisme Médical - Tunis,None,None,None,https://www.emploitunisie.com/recruteur/112406,"VOCALLINE Profil de lentreprise Entreprise : VOCALLINE Ville : Tunis Pays : Tunisie Secteur dactivité : Centres dappel, hotline, call center - Télécom - Tourisme, loisirs Site Internet : https://www.vocal-line.com/ Description de l'entreprise Vocalline est un centre d'appels depuis 2008. Nos offres d'emploi",,,,,,,,,IT & Software,ok
EmploiTunisie,Agent Immobilier - Soukra,None,None,None,https://www.emploitunisie.com/recruteur/401183,"CHEZMOI IMMO Profil de lentreprise Entreprise : CHEZMOI IMMO Ville : Soukra Pays : Tunisie Secteur dactivité : Immobilier, architecture, urbanisme Site Internet : non disponible Description de l'entreprise Nous sommes une agence immobiliere. Nos offres d'emploi",,,,,,,,,IT & Software,ok
EmploiTunisie,Conseillère Parapharmacie - Monastir,None,None,None,https://www.emploitunisie.com/recruteur/149215,"KENSHO Profil de lentreprise Entreprise : KENSHO Ville : Monastir Pays : Tunisie Secteur dactivité : Luxe, cosmétiques Site Internet : http://www.kensho.tn Description de l'entreprise Kensh Monastir Vente de produits de beauté et Make Up Nos offres d'emploi",,,,,,,,,IT & Software,ok
EmploiTunisie,Conseillère dans le Service Médical - Djerba,None,None,None,https://www.emploitunisie.com/recruteur/219956,"SMART BPO SERVICES Profil de lentreprise Entreprise : SMART BPO SERVICES Ville : Djerba Pays : Tunisie Secteur dactivité : Santé, pharmacie, hôpitaux, équipements médicaux - Services autres Site Internet : non disponible Description de l'entreprise Société spécialisée dans le service et l'assistance médicale. Nos offres d'emploi",,,,,,,,,IT & Software,ok
EmploiTunisie,Représentant(e) de lEntreprise - International,None,None,None,https://www.emploitunisie.com/recruteur/401437,"GRANDMEX Profil de lentreprise Entreprise : GRANDMEX Ville : Hcm City Pays : Vietnam Secteur dactivité : Textile, habillement, cuir, chaussures Site Internet : http://www.grandmex.com Description de l'entreprise Société de commerce et production de textile Nos offres d'emploi",,,,,,,,,IT & Software,ok
EmploiTunisie,Agent de Méthode (H/F) - Kairouan,None,None,None,https://www.emploitunisie.com/recruteur/401463,"NEO Profil de lentreprise Entreprise : NEO Ville : kairouan Pays : Tunisie Secteur dactivité : Industrie, production, fabrication, autres Site Internet : non disponible Description de l'entreprise NEO est une société de confection basée à Kairouan depuis 2007 Nos offres d'emploi",,,,,,,,,IT & Software,ok
EmploiTunisie,Responsable - Manzel Harb,None,None,None,https://www.emploitunisie.com/recruteur/401697,"NIMETEX GROUPE Profil de lentreprise Entreprise : NIMETEX GROUPE Ville : Sahline Pays : Tunisie Secteur dactivité : Textile, habillement, cuir, chaussures Site Internet : http://www.nimetexgroupe.com Description de l'entreprise Dans le cadre de notre croissance, Nimetex Groupe, acteur industriel spécialisé dans le packaging textile haut de gamme pour des maisons de luxe internationales, renforce ses équipes. Basée en Tunisie, Nimetex Groupe est une usine sous douane dédiée à la fabrication de solutions demballage textile premium (pochons, tote bags, housses vêtements) pour des clients exigeants tels que Chanel, Loro Piana ou Prada. Notre positionnement : Production aux standards européens Innovation matières (éco-conception, vegan leather) Environnement industriel structuré et sécurisé Nos offres d'emploi",,,,,,,,,IT & Software,ok
EmploiTunisie,Directeur (trice) Exécutif (ve) - Tunis,None,None,None,https://www.emploitunisie.com/recruteur/401769,"ATSR Profil de lentreprise Entreprise : ATSR Ville : El Khadra Pays : Tunisie Secteur dactivité : Activités associatives Site Internet : non disponible Description de l'entreprise Reconnue pour son engagement en faveur de la promotion de la santé et reproductive et des droits y afférents en Tunisie, lATSR met en œuvre, en collaboration avec des partenaires nationaux et internationaux, des programmes et interventions visant à améliorer laccès aux services, à renforcer les capacités des acteurs et à soutenir les politiques publiques dans ce domaine. Nos offres d'emploi",,,,,,,,,IT & Software,ok
EmploiTunisie,Responsable Financier et Comptable - Tunis,None,None,None,https://www.emploitunisie.com/recruteur/401096,"OECT Profil de lentreprise Entreprise : OECT Ville : Belvidère Pays : Tunisie Secteur dactivité : Administration publique Site Internet : http://www.oect.org.tn Description de l'entreprise L'Ordre des Experts Comptables de Tunisie OECT, organisme professionnel institué par la loi n 88-108 du 18 août 1988 Nos offres d'emploi",,,,,,,,,IT & Software,ok
EmploiTunisie,Technicien de Maintenance - Bou Argoub,None,None,None,https://www.emploitunisie.com/recruteur/235219,"L'ACCUMULATEUR TUNISIEN ASSAD Profil de lentreprise Entreprise : L'ACCUMULATEUR TUNISIEN ASSAD Ville : Bou Argoub Pays : Tunisie Secteur dactivité : Distribution, vente, commerce de gros - Equipements mécaniques, machines - Industrie, production, fabrication, autres - Marketing, communication, médias - Services autres Site Internet : https://www.assadgroup.com Description de l'entreprise LAccumulateur Tunisien ASSAD est une entreprise spécialisée dans la conception, la fabrication, la distribution et le recyclage des batteries de démarrage au plomb. Sa production couvre un large éventail dutilisations : secteurs de lautomobile, de la marine, de lénergie solaire, du loisir, de lindustrie, de linformatique et des télécommunications. Nos offres d'emploi",,,communication,,,,,,IT & Software,ok
EmploiTunisie,Catering Manager - Qatar,None,None,None,https://www.emploitunisie.com/recruteur/402242,"INTEGRATED RECRUITMENT SOLUTUIONS (IRS) Profil de lentreprise Entreprise : INTEGRATED RECRUITMENT SOLUTUIONS (IRS) Ville : Houmet Essouk Pays : Tunisie Secteur dactivité : Services autres Site Internet : http://www.irs-tunisia.com Description de l'entreprise Integrated Recruitment Solutions est une agence de recrutement tunisienne à vocation internationale, spécialisée dans la mise en relation entre entreprises et talents dans divers secteurs. Elle se distingue par sa forte présence dans les projets à létranger, notamment dans les pays du Golfe. Lentreprise est dûment agréée par le Ministère de la Formation Professionnelle et de lEmploi en Tunisie. IRS propose des solutions complètes de recrutement couvrant plusieurs domaines, notamment : Hôtellerie & restauration Santé BTP & ingénierie Éducation IT & télécoms Pétrole & gaz Services administratifs Grâce à son expertise, IRS accompagne les entreprises dans leurs besoins en main-dœuvre, quelle soit qualifiée ou non qualifiée, pour des opportunités en Tunisie comme à linternational. Nos offres d'emploi",,,,,,,,,IT & Software,ok
EmploiTunisie,Technicienne Biomédcale - Tunis,None,None,None,https://www.emploitunisie.com/recruteur/33582,"CIMLA Profil de lentreprise Entreprise : CIMLA Ville : Tunis Pays : France Secteur dactivité : Santé, pharmacie, hôpitaux, équipements médicaux Site Internet : non disponible Description de l'entreprise CIMLA Centre de radiologie médicale. Nos offres d'emploi",,,,,,,,,IT & Software,ok
EmploiTunisie,Vendeur Animalerie - La Soukra,None,None,None,https://www.emploitunisie.com/recruteur/130468,"ALL FOR PETS Profil de lentreprise Entreprise : ALL FOR PETS Ville : LA SOUKRA Pays : Tunisie Secteur dactivité : Agriculture, pêche, aquaculture - Distribution, vente, commerce de gros Site Internet : https://all-for-pets.tn/ Description de l'entreprise ALL FOR PETS est un magasin spécialisé dans la vente des aliments et accessoires des animaux domestiques. Nos offres d'emploi",,,,,,,,,IT & Software,ok
EmploiTunisie,Délégué Médical - Sfax,None,None,None,https://www.emploitunisie.com/recruteur/402374,"H A Z PHARMA Profil de lentreprise Entreprise : H A Z PHARMA Ville : Beni Khiar Pays : Tunisie Secteur dactivité : Distribution, vente, commerce de gros - Industrie pharmaceutique Site Internet : non disponible Description de l'entreprise la société HAZ Pharma, spécialisée dans la distribution de produits pharmaceutiques Nos offres d'emploi",,,,,,,,,IT & Software,ok
EmploiTunisie,Technicien Supérieur en Énergétique - Tunis,None,None,None,https://www.emploitunisie.com/recruteur/402460,"ETF Profil de lentreprise Entreprise : ETF Ville : Tunis Pays : Tunisie Secteur dactivité : BTP, construction - Electricité, eau, gaz, nucléaire, énergie Site Internet : non disponible Description de l'entreprise Société exerçant dans le domaine du Bâtiment et travaux publics activité : Climatisation, chauffage, air comprimé traitement des eaux, gaz, lutte contre l'incendie etc..., en outre nettoyage et désinfection des réseaux de gaine Nos offres d'emploi",,,,,,,,,IT & Software,ok
EmploiTunisie,Coordinateur Administration des Ventes et Relation Client - Menzel Bourguiba,None,None,None,https://www.emploitunisie.com/recruteur/315717,"STGI-MARINE Profil de lentreprise Entreprise : STGI-MARINE Ville : Menzel bourguiba Pays : Tunisie Secteur dactivité : Aéronautique, navale Site Internet : non disponible Description de l'entreprise Depuis sa création au début des années 2000, le chantier naval STGi est spécialisé dans la conception et la construction composite. Historiquement constructeur de catamarans à voile pour Aventura Catamarans, STGi fabriquera de 2005 à 2017 des monocoques pour Kerkena Sailing avant de réaliser de 2007 à 2017 des vedettes type pêche/promenade pour Sterne Fish Motor Boats. Initialement installé à Tazarka près de Nabeul en Tunisie, c'est en 2014 que le chantier fera l'acquisition d'une nouvelle usine très moderne à Menzel Bourguiba près de Bizerte. En constante recherche dinnovations, Aventura Catamarans lancera en 2016 son premier modèle entièrement pensé moteur. Pour répondre à une forte hausse d'activité de la marque Aventura Catamarans, le chantier naval STGi choisira d'arrêter la construction des marques Kerkena Sailing et Sterne Fish Motor Boats pour se consacrer uniquement aux catamarans Aventura. Cest en 2017 que le chantier naval STGi annonce un renouvellement complet de la gamme Aventura Catamarans pour 2018. En collaboration avec Lasta Design Studios, Aventura Catamarans propose désormais les Aventura 34, 44, 10 et 14 Power. Nos offres d'emploi",,,,,,,,,IT & Software,ok
EmploiTunisie,Agent dAccueil - Kram / La Goulette,None,None,None,https://www.emploitunisie.com/recruteur/402525,"SOCIETE BE SPORTY Profil de lentreprise Entreprise : SOCIETE BE SPORTY Ville : TUNIS Pays : Tunisie Secteur dactivité : Sport, action culturelle et sociale Site Internet : non disponible Description de l'entreprise Padelite,est un club sportif spécialisé dans la pratique du padel. Notre activité consiste principalement à la location des terrains; Padelite propose également des événements , des tournois et des programmes d'entrainement pour tout les niveaux dans un cadre moderne où le plaisir du jeu et l'esprit de communauté sont au coeur de l'expérience . Notre vision est de faire de Padelite une référence du padel, en crénat un lieu où sport, plaisir et partage se rencontrent. Nous aspirons à développer une communauté passionnée, accessible à tous, et à faire grandir le padel en offrant une expérience toujours plus qualitative et innovante. Nos offres d'emploi",,,,,,,,,IT & Software,ok
EmploiTunisie,Chargé(e) Marketing - Ben Arous,None,None,None,https://www.emploitunisie.com/recruteur/235219,"L'ACCUMULATEUR TUNISIEN ASSAD Profil de lentreprise Entreprise : L'ACCUMULATEUR TUNISIEN ASSAD Ville : Bou Argoub Pays : Tunisie Secteur dactivité : Distribution, vente, commerce de gros - Equipements mécaniques, machines - Industrie, production, fabrication, autres - Marketing, communication, médias - Services autres Site Internet : https://www.assadgroup.com Description de l'entreprise LAccumulateur Tunisien ASSAD est une entreprise spécialisée dans la conception, la fabrication, la distribution et le recyclage des batteries de démarrage au plomb. Sa production couvre un large éventail dutilisations : secteurs de lautomobile, de la marine, de lénergie solaire, du loisir, de lindustrie, de linformatique et des télécommunications. Nos offres d'emploi",,,communication,,,,,,IT & Software,ok
EmploiTunisie,Dessinatrice - Sfax,None,None,None,https://www.emploitunisie.com/recruteur/402807,"STE MAKNI DE REFRIGERATION Profil de lentreprise Entreprise : STE MAKNI DE REFRIGERATION Ville : Sfax Pays : Tunisie Secteur dactivité : BTP, construction - Equipements mécaniques, machines - Industrie, production, fabrication, autres Site Internet : non disponible Description de l'entreprise Société Makni Réfrigération est une entreprise spécialisée dans l'aménagement et l'équipement professionnel de froid. Nos offres d'emploi",,,,,,,,,IT & Software,ok
EmploiTunisie,Ingénieur Électromécanique - Ariana,None,None,None,https://www.emploitunisie.com/recruteur/402944,"EREMECA Profil de lentreprise Entreprise : EREMECA Ville : Ariana Pays : Tunisie Secteur dactivité : Ingénierie, études développement Site Internet : non disponible Description de l'entreprise Nous sommes spécialisés dans lingénierie, lexécution, lexploitation et la maintenance dans les domaines du traitement des eaux usées urbaines et industrielles, de la production deau potable, du dessalement deau de mer et deau saumâtre, du traitement de lair pollué ainsi que des systèmes de protection incendie. Nos offres d'emploi",,,,,,,,,IT & Software,ok
EmploiTunisie,Agent dAccueil et de Clientèle - Tunis,None,None,None,https://www.emploitunisie.com/recruteur/364070,"CODE ONCE TUNISIE Profil de lentreprise Entreprise : CODE ONCE TUNISIE Ville : Tunis Pays : Tunisie Secteur dactivité : Informatique, SSII, Internet Site Internet : https://www.codeonce.fr/ Description de l'entreprise Depuis 2012, Code Once se distingue comme un partenaire stratégique de la transformation industrielle et digitale. Grâce à notre centre Nearshore et à notre expertise en architectures modernes, nous concevons des solutions innovantes combinant intelligence artificielle et cloud, parfaitement alignées avec les enjeux métiers. Notre valeur ajoutée Optimisation des coûts Grâce à lautomatisation et aux architectures modernes associées à la GenAI, nous réduisons les coûts de développement tout en améliorant significativement lefficacité. Vision orientée impact Nous ne nous contentons pas de développer des solutions technologiques : nous concevons des outils capables de transformer vos processus métiers et de créer de la valeur à chaque étape. Innovation continue En intégrant lIA et des approches avant-gardistes, nous garantissons des solutions pérennes, évolutives et scalables. Ce que nos clients gagnent Une expertise sur mesure pour répondre aux problématiques les plus complexes. Une agilité unique pour innover rapidement dans un environnement en constante évolution. Une stratégie orientée résultats, qui transforme vos idées en succès concrets. Avec Code Once, choisissez un partenaire visionnaire, prêt à relever vos défis technologiques, à maximiser vos opportunités digitales et à bâtir des architectures robustes et évolutives. Nos offres d'emploi",,,,,,,,,IT & Software,ok
EmploiTunisie,Comptable - Tunis,None,None,None,https://www.emploitunisie.com/recruteur/182561,"SEGEHO Profil de lentreprise Entreprise : SEGEHO Ville : tunis Pays : Tunisie Secteur dactivité : Santé, pharmacie, hôpitaux, équipements médicaux Site Internet : non disponible Description de l'entreprise Société de vente de matériel Médical et dentaire. Nos offres d'emploi",,,,,,,,,IT & Software,ok
EmploiTunisie,Développeur Fullstack JavaScript Senior - Tunis,None,None,None,https://www.emploitunisie.com/recruteur/109365,"BOURSEDESCRÉDITS.COM Profil de lentreprise Entreprise : BOURSEDESCRÉDITS.COM Ville : Tunis Pays : France Secteur dactivité : Banque, assurance, finances Site Internet : https://www.boursedescredits.com/ Description de l'entreprise Il y a les courtiers traditionnels et il y a BoursedesCrédits, Chez nous, lobjectif est clair : vous simplifier les démarches sans vous faire bouger de votre canapé. Après tout, obtenir un crédit ou une assurance ne devrait pas être si compliqué. Et pourtant, cela peut vite sapparenter à un parcours du combattant pour les non-initiés. Cest là que nous intervenons, mais nous avons besoin de votre aide ! Cest dans cette optique que nous cherchons des personnes investies, créatives, enthousiastes et motivées pour nous rejoindre ! Rassurez-vous, jusquici, nous navons pas chômé ! Depuis notre création en 2012, nous sommes devenus en moins de deux ans un acteur majeur du marché du courtage en crédit et en assurances. Dailleurs, les résultats ne se sont pas fait attendre. Depuis notre création, nous attirons en moyenne plus de 3 millions de visiteurs uniques par an et discutons avec plus de 85 partenaires. Notre qualité de service nous a dailleurs valu plusieurs prix prestigieux. Notre secret ? Des outils à la pointe de la technologie, des processus optimisés et un accompagnement de chaque instant par une équipe dexperts. Nos offres d'emploi",,,,,,,,,IT & Software,ok
EmploiTunisie,Délégué(e) Commercial(e) - Tunis,None,None,None,https://www.emploitunisie.com/recruteur/402374,"H A Z PHARMA Profil de lentreprise Entreprise : H A Z PHARMA Ville : Beni Khiar Pays : Tunisie Secteur dactivité : Distribution, vente, commerce de gros - Industrie pharmaceutique Site Internet : non disponible Description de l'entreprise la société HAZ Pharma, spécialisée dans la distribution de produits pharmaceutiques Nos offres d'emploi",,,,,,,,,IT & Software,ok
EmploiTunisie,Cloud Engineer - Tunis,None,None,None,https://www.emploitunisie.com/recruteur/141652,"Collaboration Betters the World TN Profil de lentreprise Entreprise : Collaboration Betters the World TN Ville : Tunis Pays : Tunisie Secteur dactivité : Informatique, SSII, Internet Site Internet : non disponible Description de l'entreprise CBTW (Collaboration Betters The World) est un groupe mondial indépendant de conseil en technologie. Nous nous appuyons surplus de 4000 talentueux spécialistes répartis dans plus de 35 villes dans le monde. Nos valeurs communes qui ont perduré pendant toutes ces années sont et resteront toujours : Engagement : Nous mettons nos années d'expérience au service de nos clients pour leur permettre d'atteindre leurs objectifs. Collaboration : En entretenant des alliances solides et en cultivant des relations à long terme basées sur la confiance avec nos clients + Esprit déquipe de nos consultants. Évolution : Nous avons une forte volonté de nous dépasser, de continuer à évoluer et de relever de nouveaux défis. Positive Thinking : Plus que notre nom, l'état d'esprit ""Positive Thinking"" est partagé par tous nos collaborateurs. Nos offres d'emploi",,,teamwork,,,,Freelance,,IT & Software,ok
EmploiTunisie,Agent Immobilier - Jardin De Carthage,None,None,None,https://www.emploitunisie.com/recruteur/403537,"CLÉ DOR IMMOBILIER Profil de lentreprise Entreprise : CLÉ DOR IMMOBILIER Ville : Jardin de Carthage Pays : Tunisie Secteur dactivité : Immobilier, architecture, urbanisme Site Internet : non disponible Description de l'entreprise Notre agence immobilière. Nos offres d'emploi",,,,,,,,,IT & Software,ok
EmploiTunisie,Professeur de Mathématique - Bousmail Ajim Djerba,None,None,None,https://www.emploitunisie.com/recruteur/403564,"GROUPE SCOLAIRE LES NOUVELLES GENERATION DJERBA Profil de lentreprise Entreprise : GROUPE SCOLAIRE LES NOUVELLES GENERATION DJERBA Ville : Ajim Djerba Pays : Tunisie Secteur dactivité : Éducation, formation Site Internet : https://www.lesnouvellesgenerations.com/ Description de l'entreprise Le Groupe Scolaire International Les Nouvelles Générations (GSING) est un établissement privé international situé à Djerba, précisément à Bousmayel  route Ajim Houmt Souk. Il constitue lun des premiers groupes scolaires internationaux denvergure dans le sud tunisien. Le projet éducatif a été lancé en 2016 par une diaspora tunisienne et franco-tunisienne dans le but daméliorer la qualité de lenseignement en Tunisie. Létablissement a ouvert ses portes en septembre 2018. Le GSING offre un parcours éducatif complet allant de la maternelle jusquau lycée, dans un environnement moderne, sécurisé et multiculturel. Lécole adopte une pédagogie innovante basée sur lexcellence académique, le développement personnel de lélève et louverture sur le monde. Elle propose également un parcours trilingue en français, anglais et arabe afin de préparer les élèves à évoluer dans un contexte international. Létablissement sappuie sur les programmes du Baccalauréat International (IB), reconnus à léchelle mondiale, et met laccent sur lautonomie, la pensée critique, les compétences linguistiques et lutilisation des nouvelles technologies dans lapprentissage. Grâce à une équipe pédagogique qualifiée et à des infrastructures modernes comprenant des laboratoires, des espaces sportifs et artistiques, le GSING vise à assurer une éducation de qualité conforme aux standards internationaux. Le GSING développe également plusieurs partenariats internationaux afin de renforcer son ouverture éducative et culturelle, notamment avec des institutions canadiennes et des organismes spécialisés dans linnovation pédagogique et technologique. Nos offres d'emploi",,,,"arabic, english, french",,Bac,,,IT & Software,ok
EmploiTunisie,Chargé de Développement Commercial - Monastir,None,None,None,https://www.emploitunisie.com/recruteur/403615,"TYCOON Profil de lentreprise Entreprise : TYCOON Ville : Monastir Pays : Tunisie Secteur dactivité : Distribution, vente, commerce de gros Site Internet : http://www.tycoon.tn Description de l'entreprise Tycoon est une plateforme commerciale spécialisée dans l'import stratégique et le partenariat de franchise, fondée en 2024 en Tunisie. Agissant comme pont commercial direct entre les fabricants internationaux et le marché nord-africain, Tycoon accompagne les entreprises B2B dans leur approvisionnement industriel avec rigueur et expertise. Ses services couvrent quatre domaines clés : Sourcing mondial  importation directe, approvisionnement multi-marques, produits OEM et aftermarket Franchising officiel  représentation de marques certifiées avec droits exclusifs Logistique & stock  gestion d'entrepôt central, gestion douanière et approvisionnement en flux tendu Réseau de distribution  vente B2B nationale, distribution en gros et livraison régionale Basée en Tunisie et opérant à l'échelle internationale, Tycoon se positionne comme un partenaire stratégique de confiance pour les entreprises souhaitant accéder ou développer leur présence sur le marché nord-africain. Nos offres d'emploi",,,,,,,,,IT & Software,ok
EmploiTunisie,Technico-Commercial Senior (h/f) - Tunisie,None,None,None,https://www.emploitunisie.com/recruteur/403696,"MEILLEUR PLAN CUISINE Profil de lentreprise Entreprise : MEILLEUR PLAN CUISINE Ville : Toulouse Pays : France Secteur dactivité : Distribution, vente, commerce de gros Site Internet : non disponible Description de l'entreprise Meilleur Plan Cuisine est l'un des leaders importateur de pierres naturelles en France. Grâce à notre site nous commercialisons pour des clients particuliers comme des professionnels des plans de travail, du sol et du mobilier en pierres naturelles. Nos offres d'emploi",,,,,,,,Senior,IT & Software,ok
EmploiTunisie,Assistant(e) Administratif(ve) - Certification Entreprenariat - Centre Urbain Nord,None,None,None,https://www.emploitunisie.com/recruteur/403716,"FORMOZAIC Profil de lentreprise Entreprise : FORMOZAIC Ville : Cite El Khadra Pays : Tunisie Secteur dactivité : Éducation, formation - Secrétariat - Services autres Site Internet : non disponible Description de l'entreprise Nous sommes une filiale d'un centre de formation français et gérons tout le volet administratif de ce dernier. Nos offres d'emploi",,,,french,,,,,IT & Software,ok
EmploiTunisie,Chargé(e) de Développement Commercial - Lac,None,None,None,https://www.emploitunisie.com/recruteur/219322,"GROUPE FRANCE HOLDING Profil de lentreprise Entreprise : GROUPE FRANCE HOLDING Ville : Tunis Pays : Tunisie Secteur dactivité : Centres dappel, hotline, call center Site Internet : non disponible Description de l'entreprise Groupe Français spécialisé dans le service et les prestations Nos offres d'emploi",,,,french,,,,,IT & Software,ok
EmploiTunisie,Formateur(trice) Design Graphique - Sousse,None,None,None,https://www.emploitunisie.com/recruteur/404611,"DECLITECH Profil de lentreprise Entreprise : DECLITECH Ville : Sousse Pays : Tunisie Secteur dactivité : Éducation, formation Site Internet : non disponible Description de l'entreprise Rejoignez DecliTech et participez à la formation de la nouvelle génération de créateurs visuels. Nos offres d'emploi",,,,,,,,,IT & Software,ok
EmploiTunisie,Comptable Junior - Tunis,None,None,None,https://www.emploitunisie.com/recruteur/403193,"HR PARTNERS Tunis HR PARTNERS Profil de lentreprise Entreprise : HR PARTNERS Ville : Tunis Pays : Tunisie Secteur dactivité : Conseil, audit, comptabilité Site Internet : non disponible Description de l'entreprise Cabinet de recrutement Nos offres d'emploi X Nous utilisons des cookies pour vous offrir la meilleure expérience utilisateur possible. En continuant à utiliser notre site, vous acceptez leur utilisation. En savoir plus Accueil Recherche Candidat Recruteur",,,,,,,,,IT & Software,ok
EmploiTunisie,Technicien BTP - Tazoughrane-Nchaa,None,None,None,https://www.emploitunisie.com/recruteur/404778,"SOCIÉTÉ DELIAGRUMES Profil de lentreprise Entreprise : SOCIÉTÉ DELIAGRUMES Ville : Haouaria Pays : Tunisie Secteur dactivité : Agriculture, pêche, aquaculture Site Internet : non disponible Description de l'entreprise Notre société DELIAGRUMES est spécialisée en arboriculture et culture maraîchère sous serre. Nos offres d'emploi",,,,,,,,,IT & Software,ok
EmploiTunisie,Comptable Confirmée - Meghira Tunis,None,None,None,https://www.emploitunisie.com/recruteur/88895,"STAFFING TUNISIA Profil de lentreprise Entreprise : STAFFING TUNISIA Ville : sfax Pays : Tunisie Secteur dactivité : Intérim, recrutement Site Internet : https://www.staffing-tunisia.com Description de l'entreprise STAFFING TUNISIA  is a network of employment agencies based in Tunisia since 2018 with headquarter in Sfax and 3 offices covering all Tunisia, Sfax, Sousse and Tunis. Nos offres d'emploi",,,,,,,,,IT & Software,ok
EmploiTunisie,Technicien Supérieur en Chaud et Froid - Centre Ville,None,None,None,https://www.emploitunisie.com/recruteur/404924,"HÔTEL ADAM SUITES LAC II Tunis HÔTEL ADAM SUITES LAC II Profil de lentreprise Entreprise : HÔTEL ADAM SUITES LAC II Ville : Tunis Pays : Tunisie Secteur dactivité : Tourisme, loisirs Site Internet : non disponible Description de l'entreprise Hôtel Nos offres d'emploi X Nous utilisons des cookies pour vous offrir la meilleure expérience utilisateur possible. En continuant à utiliser notre site, vous acceptez leur utilisation. En savoir plus Accueil Recherche Candidat Recruteur",,,,,,,,,IT & Software,ok
EmploiTunisie,Technicien de Terrain - Ariana,None,None,None,https://www.emploitunisie.com/recruteur/404235,"PPM ENGINEERING Profil de lentreprise Entreprise : PPM ENGINEERING Ville : Ariana Pays : Tunisie Secteur dactivité : Chimie, pétrochimie, matières premières, mines Site Internet : non disponible Description de l'entreprise Nous travaillons dans le domaine de traitement des eaux dans les industries. Nos offres d'emploi",,,,,,,,,IT & Software,ok
EmploiTunisie,Assistante de Direction Commerciale Finance - Bizerte,None,None,None,https://www.emploitunisie.com/recruteur/405096,"SAFER TECHNOLOGY SECURITY SYSTEMS Profil de lentreprise Entreprise : SAFER TECHNOLOGY SECURITY SYSTEMS Ville : Bizerte Pays : Tunisie Secteur dactivité : Distribution, vente, commerce de gros - Equip. électriques, électroniques, optiques, précision - Import, export - Informatique, SSII, Internet Site Internet : http://Www.safer-security.net Description de l'entreprise Fournisseur de Technologie Nos offres d'emploi",,,c#,,,,,,IT & Software,ok
EmploiTunisie,"Livreur - Bardo, Tunis",None,None,None,https://www.emploitunisie.com/recruteur/347338,"BOULANGERIE BEN HAMOUDA Tunis BOULANGERIE BEN HAMOUDA Profil de lentreprise Entreprise : BOULANGERIE BEN HAMOUDA Ville : Tunis Pays : Tunisie Secteur dactivité : Agroalimentaire Site Internet : non disponible Description de l'entreprise Boulangerie Nos offres d'emploi X Nous utilisons des cookies pour vous offrir la meilleure expérience utilisateur possible. En continuant à utiliser notre site, vous acceptez leur utilisation. En savoir plus Accueil Recherche Candidat Recruteur",,,,,,,,,IT & Software,ok
EmploiTunisie,Responsable des Ressources Humaines - Tunis,None,None,None,https://www.emploitunisie.com/recruteur/403193,"HR PARTNERS Tunis HR PARTNERS Profil de lentreprise Entreprise : HR PARTNERS Ville : Tunis Pays : Tunisie Secteur dactivité : Conseil, audit, comptabilité Site Internet : non disponible Description de l'entreprise Cabinet de recrutement Nos offres d'emploi X Nous utilisons des cookies pour vous offrir la meilleure expérience utilisateur possible. En continuant à utiliser notre site, vous acceptez leur utilisation. En savoir plus Accueil Recherche Candidat Recruteur",,,,,,,,,IT & Software,ok
EmploiTunisie,Responsable Management de la Qualité - Kairouan,None,None,None,https://www.emploitunisie.com/recruteur/401463,"NEO Profil de lentreprise Entreprise : NEO Ville : kairouan Pays : Tunisie Secteur dactivité : Industrie, production, fabrication, autres Site Internet : non disponible Description de l'entreprise NEO est une société de confection basée à Kairouan depuis 2007 Nos offres d'emploi",,,,,,,,,IT & Software,ok
EmploiTunisie,Chauffeur / Aide Acheteur - Hammamet,None,None,None,https://www.emploitunisie.com/recruteur/233285,"HOTEL MEDITERRANE THALASSO GOLF Profil de lentreprise Entreprise : HOTEL MEDITERRANE THALASSO GOLF Ville : Hammamet Pays : Tunisie Secteur dactivité : Hôtellerie, restauration - Services autres - Tourisme, loisirs Site Internet : https://hotelmediterraneehammamet.com Description de l'entreprise Niché au cœur de Hammamet nord, notre charmant hôtel vous offre une expérience inégalée les pieds dans leau, entouré dun luxuriant jardin de 4 hectares. Avec ses 339 chambres idéalement situées sur la plage privée de sable fin, notre établissement promet un séjour inoubliable. Que vous souhaitiez vous détendre sous le soleil méditerranéen ou vous aventurer dans des activités variées, notre équipe dévouée est là pour répondre à tous vos besoins avec un service attentionné. Notre objectif est de vous offrir des vacances exceptionnelles, où chaque instant est imprégné de la magie de notre environnement naturel, créant ainsi des souvenirs durables et mémorables. Nos offres d'emploi",,,,,,,,,IT & Software,ok
EmploiTunisie,Sous-Directeur(trice) dHôtel - Hammamet,None,None,None,https://www.emploitunisie.com/recruteur/233285,"HOTEL MEDITERRANE THALASSO GOLF Profil de lentreprise Entreprise : HOTEL MEDITERRANE THALASSO GOLF Ville : Hammamet Pays : Tunisie Secteur dactivité : Hôtellerie, restauration - Services autres - Tourisme, loisirs Site Internet : https://hotelmediterraneehammamet.com Description de l'entreprise Niché au cœur de Hammamet nord, notre charmant hôtel vous offre une expérience inégalée les pieds dans leau, entouré dun luxuriant jardin de 4 hectares. Avec ses 339 chambres idéalement situées sur la plage privée de sable fin, notre établissement promet un séjour inoubliable. Que vous souhaitiez vous détendre sous le soleil méditerranéen ou vous aventurer dans des activités variées, notre équipe dévouée est là pour répondre à tous vos besoins avec un service attentionné. Notre objectif est de vous offrir des vacances exceptionnelles, où chaque instant est imprégné de la magie de notre environnement naturel, créant ainsi des souvenirs durables et mémorables. Nos offres d'emploi",,,,,,,,,IT & Software,ok
EmploiTunisie,Assistante Administrative et Financière - Mornaguia,None,None,None,https://www.emploitunisie.com/recruteur/186218,"CNM TUNIS CNM Profil de lentreprise Entreprise : CNM Ville : TUNIS Pays : Tunisie Secteur dactivité : Equipements mécaniques, machines Site Internet : non disponible Description de l'entreprise CNM: Ste comptoir de nord pour métal. Nos offres d'emploi X Nous utilisons des cookies pour vous offrir la meilleure expérience utilisateur possible. En continuant à utiliser notre site, vous acceptez leur utilisation. En savoir plus Accueil Recherche Candidat Recruteur",,,,,,,,,IT & Software,ok
EmploiTunisie,Technicien Maintenance - Conducteur Machine Conditionnement - Soliman,None,None,None,https://www.emploitunisie.com/recruteur/405613,"DÉLICE DANONE Profil de lentreprise Entreprise : DÉLICE DANONE Ville : Soliman Pays : Tunisie Secteur dactivité : Industrie, production, fabrication, autres Site Internet : non disponible Description de l'entreprise Depuis plus de 45 ans, Délice Danone offre aux Tunisiens des produits de qualité supérieure, alliant tradition et innovation pour accompagner les familles au quotidien. Nos offres d'emploi",,,,,,,,,IT & Software,ok
EmploiTunisie,Comptable - Tunis,None,None,None,https://www.emploitunisie.com/recruteur/356396,"AUDIT TAX & CONSULTING Profil de lentreprise Entreprise : AUDIT TAX & CONSULTING Ville : Tunis Pays : Tunisie Secteur dactivité : Conseil, audit, comptabilité Site Internet : non disponible Description de l'entreprise Cabinet d'expertise comptable Nos offres d'emploi",,,,,,,,,IT & Software,ok
EmploiTunisie,Chargé(e) de Relation Clients - Ezzahra Ben Arous,None,None,None,https://www.emploitunisie.com/recruteur/317393,"KYMEOS MEA Profil de lentreprise Entreprise : KYMEOS MEA Ville : Ezzahra Pays : Tunisie Secteur dactivité : Distribution, vente, commerce de gros - Informatique, SSII, Internet - Maintenance, entretien, service après vente - Télécom Site Internet : non disponible Description de l'entreprise KYMEOS MEA est une filiale de NEXITUP, un acteur international reconnu pour ses solutions innovantes dédiées à la gestion et à la performance des entreprises. Nous accompagnons nos clients dans leur transformation digitale et leur développement sur les marchés de la zone EMEA. Nos offres d'emploi",,,,,,,,,IT & Software,ok
EmploiTunisie,Cariste - Utique Bizerte,None,None,None,https://www.emploitunisie.com/recruteur/405934,"4MK L'AUTOCOLLANT Profil de lentreprise Entreprise : 4MK L'AUTOCOLLANT Ville : Tunis Pays : Tunisie Secteur dactivité : Édition, imprimerie Site Internet : http://www.4mk.com.tn Description de l'entreprise Bien plus quun simple imprimeur et avec plus de 31 années dexpertise dédiées à lassurance qualité, 4MK est aujourdhui compté parmi les intervenants les plus actifs du domaine de limpression détiquettes adhésives et demballages souples. Toujours à la pointe des dernières avancées technologiques, nous effectuons une veille constante pour vous offrir ce qui se fait de mieux. Que vos projets soient simples ou complexes, vous bénéficiez dune attention particulière aux détails, garantissant des travaux de qualité à chaque fois, tout en respectant vos délais et contraintes budgétaires. Nos offres d'emploi",,,,,,,,,IT & Software,ok
EmploiTunisie,Technicien en Électricité Industrielle - Ben Arous,None,None,None,https://www.emploitunisie.com/recruteur/337996,"STE GOLDA GROUP Profil de lentreprise Entreprise : STE GOLDA GROUP Ville : boumhel Pays : Tunisie Secteur dactivité : Electricité, eau, gaz, nucléaire, énergie Site Internet : non disponible Description de l'entreprise Notre objectif est dêtre toujours reconnu comme le fournisseur le plus fiable dans lindustrie locale. Longue de son expertise Golda Electric vous apporte la fiabilité, lefficacité et la sécurité durant toutes les étapes du projet. Nous veillons au respect des délais et faisons toujours en sorte que la qualité soit toujours assurée. Nos offres d'emploi",,,,,,,,,IT & Software,ok
EmploiTunisie,Aide Comptable - Sfax,None,None,None,https://www.emploitunisie.com/recruteur/304421,"LABORATOIRES AFRICA Profil de lentreprise Entreprise : LABORATOIRES AFRICA Ville : sfax Pays : Tunisie Secteur dactivité : Industrie, production, fabrication, autres Site Internet : http://www.laboratoires-africa.com/ Description de l'entreprise Fondée en 1972 par la famille TMAR, la Parfumerie Africa sest spécialisée dans la fabrication des parfums, des produits cosmétiques et dhygiène corporelle. Elle a pu sadapter aux besoins du marché, se moderniser et gagner la confiance de sa clientèle. Grâce à lesprit de création et dinnovation qui la caractérise, elle occupe aujourdhui, une place dominante sur le marché national et international. Nos offres d'emploi",,,,,,,,,IT & Software,ok
EmploiTunisie,Assistant Export - Sfax,None,None,None,https://www.emploitunisie.com/recruteur/304421,"LABORATOIRES AFRICA Profil de lentreprise Entreprise : LABORATOIRES AFRICA Ville : sfax Pays : Tunisie Secteur dactivité : Industrie, production, fabrication, autres Site Internet : http://www.laboratoires-africa.com/ Description de l'entreprise Fondée en 1972 par la famille TMAR, la Parfumerie Africa sest spécialisée dans la fabrication des parfums, des produits cosmétiques et dhygiène corporelle. Elle a pu sadapter aux besoins du marché, se moderniser et gagner la confiance de sa clientèle. Grâce à lesprit de création et dinnovation qui la caractérise, elle occupe aujourdhui, une place dominante sur le marché national et international. Nos offres d'emploi",,,,,,,,,IT & Software,ok
EmploiTunisie,Chauffeur - Mornaguia,None,None,None,https://www.emploitunisie.com/recruteur/186218,"CNM TUNIS CNM Profil de lentreprise Entreprise : CNM Ville : TUNIS Pays : Tunisie Secteur dactivité : Equipements mécaniques, machines Site Internet : non disponible Description de l'entreprise CNM: Ste comptoir de nord pour métal. Nos offres d'emploi X Nous utilisons des cookies pour vous offrir la meilleure expérience utilisateur possible. En continuant à utiliser notre site, vous acceptez leur utilisation. En savoir plus Accueil Recherche Candidat Recruteur",,,,,,,,,IT & Software,ok
EmploiTunisie,Sales Operator - Sousse,None,None,None,https://www.emploitunisie.com/recruteur/208417,"ASTRAGALE CALL CENTER Profil de lentreprise Entreprise : ASTRAGALE CALL CENTER Ville : Sousse Pays : Tunisie Secteur dactivité : Centres dappel, hotline, call center Site Internet : http://recrutement.astragale-tunisie.com/en/ Description de l'entreprise Centre dappel implanté en Tunisie depuis plus de 10 ans, filiale d'un groupe français leader international dans son domaine. Nos offres d'emploi",,,,french,,,,Senior,IT & Software,ok
EmploiTunisie,Comptable Confirmé - Avenue Habib Bourguiba,None,None,None,https://www.emploitunisie.com/recruteur/380577,"MK LUNETTERIE Tunis MK LUNETTERIE Profil de lentreprise Entreprise : MK LUNETTERIE Ville : Tunis Pays : Tunisie Secteur dactivité : Santé, pharmacie, hôpitaux, équipements médicaux Site Internet : non disponible Description de l'entreprise Opticien Nos offres d'emploi X Nous utilisons des cookies pour vous offrir la meilleure expérience utilisateur possible. En continuant à utiliser notre site, vous acceptez leur utilisation. En savoir plus Accueil Recherche Candidat Recruteur",,,,,,,,,IT & Software,ok
EmploiTunisie,Aide Kinésithérapeute - Monastir,None,None,None,https://www.emploitunisie.com/recruteur/406617,"SLIMFIT Profil de lentreprise Entreprise : SLIMFIT Ville : Monastir Pays : Tunisie Secteur dactivité : Luxe, cosmétiques - Santé, pharmacie, hôpitaux, équipements médicaux Site Internet : non disponible Description de l'entreprise Slimfit est un centre de bien-être haut de gamme proposant des solutions minceur sophistiquées et des soins du visage rajeunissants. Slimfit est Situé à Sousse et à Monastir. Nos offres d'emploi",,,,,,,,,IT & Software,ok
EmploiTunisie,Chargé(e) de Communication Digitale - Tunis,None,None,None,https://www.emploitunisie.com/recruteur/225185,"TRUST ASSISTANCE Profil de lentreprise Entreprise : TRUST ASSISTANCE Ville : Tunis Pays : Tunisie Secteur dactivité : Santé, pharmacie, hôpitaux, équipements médicaux - Services autres - Services collectifs et sociaux, services à la personne Site Internet : https://www.trustassistance.com/ Description de l'entreprise Trust Assistance est un pionnier dans les services d'assistance médicale et technique en Tunisie. Avec un réseau local et international de prestataires de toutes professions dans le monde entier, soigneusement sélectionnés, avec une base de données dynamique constamment mise à jour, un Helpdesk accessible 24h/24 et des opérateurs spécialisés dans les services d'assistance (assistance médicale, assistance à domicile, staffing médical et paramédical...etc). Nos offres d'emploi",,,,,,,,,IT & Software,ok
EmploiTunisie,Technicien Maintenance - Sfax - Agareb,None,None,None,https://www.emploitunisie.com/recruteur/224099,"SNCM Profil de lentreprise Entreprise : SNCM Ville : Sfax Pays : Tunisie Secteur dactivité : BTP, construction - Environnement, recyclage - Industrie, production, fabrication, autres - Services autres Site Internet : http://www.sncm-tn.com Description de l'entreprise Société nouvelle de construction métallique installé a la zone industrielle d'Agareb, spécialisé à la conception et fabrication des matériels de propreté et divers articles métallique. Nos offres d'emploi",,,,,,,,,IT & Software,ok
EmploiTunisie,Consultant ERP UniGes - Sfax,None,None,None,https://www.emploitunisie.com/recruteur/21974,"PMC Profil de lentreprise Entreprise : PMC Ville : Sfax Pays : Tunisie Secteur dactivité : Informatique, SSII, Internet - Ingénierie, études développement Site Internet : non disponible Description de l'entreprise PM Consulting société d'ingénierie et de consulting. Nos offres d'emploi",,,,,,,,,IT & Software,ok
EmploiTunisie,Assistante Commerciale - Tunis,None,None,None,https://www.emploitunisie.com/recruteur/112406,"VOCALLINE Profil de lentreprise Entreprise : VOCALLINE Ville : Tunis Pays : Tunisie Secteur dactivité : Centres dappel, hotline, call center - Télécom - Tourisme, loisirs Site Internet : https://www.vocal-line.com/ Description de l'entreprise Vocalline est un centre d'appels depuis 2008. Nos offres d'emploi",,,,,,,,,IT & Software,ok
EmploiTunisie,"Recruiter / HR Specialist - la Marsa, Tunis",None,None,None,https://www.emploitunisie.com/recruteur/407052,"AQUARIUS HR Profil de lentreprise Entreprise : AQUARIUS HR Ville : Lemesos Pays : Chypre Secteur dactivité : Intérim, recrutement Site Internet : non disponible Description de l'entreprise Aquarius HR is an international recruitment agency specializing in hiring for customer support, call center, sales, and operational roles within the nutraceutical, beauty, cosmetics, and wellness industries. We work with fast-growing international projects and help companies build effective local teams in different markets, including Tunisia. Our focus is on high-volume recruitment, structured hiring processes, candidate assessment, and long-term team development. We combine local market expertise with international recruitment standards to provide efficient and scalable hiring solutions. CurrentlyCurrently, we are expanding our operations in Tunisia and building a local team for an international beauty & cosmetics call center project.expanding our operations in Tunisia and building a local team for an international beauty & cosmetics call center project. Nos offres d'emploi",,,,,,,,,IT & Software,ok
EmploiTunisie,Italian Speaking Quality Agent (Fluent English and Italian) - Tunis,None,None,None,https://www.emploitunisie.com/recruteur/399386,"WEIHU ONLINE Profil de lentreprise Entreprise : WEIHU ONLINE Ville : Tunis Pays : Tunisie Secteur dactivité : Centres dappel, hotline, call center Site Internet : http://weihuonline.com Description de l'entreprise Weihu Online is an international BPO delivering customer service projects across China, Europe, and the Americas. We are building a 20-person multilingual Quality Control (QC) team for our call center to support operations in multiple countries. Nos offres d'emploi",,,,,,,,,IT & Software,ok
EmploiTunisie,Responsable Administrative Polyvalente - Sousse,None,None,None,https://www.emploitunisie.com/recruteur/88895,"STAFFING TUNISIA Profil de lentreprise Entreprise : STAFFING TUNISIA Ville : sfax Pays : Tunisie Secteur dactivité : Intérim, recrutement Site Internet : https://www.staffing-tunisia.com Description de l'entreprise STAFFING TUNISIA  is a network of employment agencies based in Tunisia since 2018 with headquarter in Sfax and 3 offices covering all Tunisia, Sfax, Sousse and Tunis. Nos offres d'emploi",,,,,,,,,IT & Software,ok
EmploiTunisie,Technicien Réseau et Maintenance Informatique - Grand Tunis,None,None,None,https://www.emploitunisie.com/recruteur/359942,"PIFS Manouba PIFS Profil de lentreprise Entreprise : PIFS Ville : Manouba Pays : Tunisie Secteur dactivité : Informatique, SSII, Internet Site Internet : non disponible Description de l'entreprise Pole informatique Formation et services Nos offres d'emploi X Nous utilisons des cookies pour vous offrir la meilleure expérience utilisateur possible. En continuant à utiliser notre site, vous acceptez leur utilisation. En savoir plus Accueil Recherche Candidat Recruteur",,,,,,,,,IT & Software,ok
EmploiTunisie,Gestionnaire Magasin - Tunis,None,None,None,https://www.emploitunisie.com/recruteur/407660,"NSK Profil de lentreprise Entreprise : NSK Ville : Tunis Pays : Tunisie Secteur dactivité : Distribution, vente, commerce de gros - Import, export Site Internet : non disponible Description de l'entreprise Distribution, vente, commerce de gros Nos offres d'emploi",,,,,,,,,IT & Software,ok
EmploiTunisie,Adjointe Administrative - Sousse,None,None,None,https://www.emploitunisie.com/recruteur/290842,CONNECT UNIVERSEL Profil de lentreprise Entreprise : CONNECT UNIVERSEL Ville : Sousse Pays : Tunisie Secteur dactivité : Administration publique - Secrétariat - Services autres Site Internet : non disponible Description de l'entreprise Agence d'étude à l'étranger. Accompagnement personnalisé pour les projets détudes à létranger vers plusieurs destinations. Conseils  Orientation  Démarches  Suivi. Nos offres d'emploi,,,,,,,,,IT & Software,ok
EmploiTunisie,Responsable Financier - Les Berges Du Lac,None,None,None,https://www.emploitunisie.com/recruteur/392900,"STE SOMIPEM Profil de lentreprise Entreprise : STE SOMIPEM Ville : Bouarada Pays : Tunisie Secteur dactivité : Industrie, production, fabrication, autres Site Internet : non disponible Description de l'entreprise La SOCIÉTÉ MODERNE DINDUSTRIE PLASTIQUE ET EMBALLAGE a été fondée en 2013, née dune véritable passion et recherche dans le domaine de conditionnement et emballage ; La Société  SOMIPEM  a pour objet : Linjection des préformes en PET destiné principalement pour le conditionnement de lhuile végétal et leau minérale. La fabrication des bouchons pour les bouteilles deau minérale. Nos offres d'emploi",,,,,,,,,IT & Software,ok
EmploiTunisie,Ingénieur Fluides - Tunis,None,None,None,https://www.emploitunisie.com/recruteur/312169,"SOZAIS INGENIERIE Profil de lentreprise Entreprise : SOZAIS INGENIERIE Ville : La Goulette Pays : Tunisie Secteur dactivité : BTP, construction - Ingénierie, études développement Site Internet : non disponible Description de l'entreprise Bureau détude offshore opérant sur le marché français et spécialisé dans lingénierie du bâtiment, Nos offres d'emploi",,,,french,,,,,IT & Software,ok
EmploiTunisie,Assistant(e) - Agent de Méthode - Nabeul,None,None,None,https://www.emploitunisie.com/recruteur/166503,"STE CALE CHAUSSURES Profil de lentreprise Entreprise : STE CALE CHAUSSURES Ville : NABEUL Pays : Tunisie Secteur dactivité : Industrie, production, fabrication, autres Site Internet : https://www.calechaussures.com/fr Description de l'entreprise STE CALE CHAUSSURES est une entreprise spécialise en fabrication de chaussures. Nos offres d'emploi",,,,,,,,,IT & Software,ok
EmploiTunisie,Technicien Régleur en Plasturgie - Bni Khaled,None,None,None,https://www.emploitunisie.com/recruteur/284144,"NANI SARL Profil de lentreprise Entreprise : NANI SARL Ville : Nabeul Pays : Tunisie Secteur dactivité : Industrie, production, fabrication, autres Site Internet : non disponible Description de l'entreprise Nani S.A.R.L est une entreprise tunisienne implantée depuis plus de 40 ans. Elle est spécialisée dans la fabrication de jouets en plastique, notamment des figurines pour enfants comme les Schtroumpfs ou des figurines Tonies. Dimension industrielle et impact local Lentreprise est passée de quatre sites en Tunisie à une grande usine moderne, et emploie aujourdhui plus de 3 000 personnes. Elle appartient à la famille Kraut, arrivée en Tunisie dans les années 1970-80 (anciennement sous le nom Natschaplast); en 2019, elle a investi plus de 50 millions de dinars tunisiens et acquis un terrain de 50 000 m dans la nouvelle zone industrielle de Sidi Toumi, à Beni Khalled. Engagement social et innovation logistique L'entreprise sest engagée dans un partenariat public-privé avec la GIZ et lUNICEF pour créer un centre de référence de petite enfance à Sidi Toumi. Ce centre accueille les enfants des employés et de la communauté locale, avec un fort impact social: NANI SARL emploie 2 614 personnes, dont 89 % sont des femmes. Sur le plan technologique et opérationnel, elle utilise la solution L-mobile warehouse intégrée à Sage 100 pour la transparence et loptimisation de sa gestion des stocks Nos offres d'emploi",,,,,,,,,IT & Software,ok
EmploiTunisie,Chargé(e) de Gestion Patientèle - Tunis,None,None,None,https://www.emploitunisie.com/recruteur/225185,"TRUST ASSISTANCE Profil de lentreprise Entreprise : TRUST ASSISTANCE Ville : Tunis Pays : Tunisie Secteur dactivité : Santé, pharmacie, hôpitaux, équipements médicaux - Services autres - Services collectifs et sociaux, services à la personne Site Internet : https://www.trustassistance.com/ Description de l'entreprise Trust Assistance est un pionnier dans les services d'assistance médicale et technique en Tunisie. Avec un réseau local et international de prestataires de toutes professions dans le monde entier, soigneusement sélectionnés, avec une base de données dynamique constamment mise à jour, un Helpdesk accessible 24h/24 et des opérateurs spécialisés dans les services d'assistance (assistance médicale, assistance à domicile, staffing médical et paramédical...etc). Nos offres d'emploi",,,,,,,,,IT & Software,ok
EmploiTunisie,Contrôleur de Gestion - Charguia1,None,None,None,https://www.emploitunisie.com/recruteur/355885,"FRIGOTECHNIQUE Profil de lentreprise Entreprise : FRIGOTECHNIQUE Ville : Tunis Pays : Tunisie Secteur dactivité : Distribution, vente, commerce de gros Site Internet : http://www.frigotechnique.com Description de l'entreprise Frigotechnique spécialiste des équipements restaurants, cafés, hôtels et collectivités. Nos offres d'emploi",,,,,,,,,IT & Software,ok
EmploiTunisie,ANGULAR Developer (M/F),None,None,None,https://www.emploitunisie.com/recruteur/98016,"AFRICASHORE Profil de lentreprise Entreprise : AFRICASHORE Ville : Tunis Pays : Tunisie Secteur dactivité : Informatique, SSII, Internet - Intérim, recrutement Site Internet : https://www.africashore.com/ Description de l'entreprise AFRICASHORE is an IT offshoring platform connecting IT experts and freelancers based in Africa to companies in Africa, Europe, USA, Canada and UAE remotely. Our partners, IT services companies and large groups, trust us to find them the best offshore Africa-based IT freelance consultants. Our IT offshoring platform is present in 37 countries in Africa with a database of 230,000+ IT experts and freelancers classified into 303 IT specialties around 9 IT fields: Database Administration and NoSQL - Network and Telecom Security - ERP and Integrated Management Software - Big Data, Data Science and Business Intelligence (BI) - Programming, Development - IT Project Management - Consulting, Audit, Coaching and Training - Digital Marketing, SEO, Design and Multimedia - Production, Operations and Support. Freelancers, work remotely from Africa on IT projects around the world! Companies, outsource with AFRICASHORE your IT teams and projects offshore to Africa! For more information, please visit our website at https://www.africashore.com Nos offres d'emploi",,,"digital marketing, erp, project management, seo",,,,Freelance,,IT & Software,ok
EmploiTunisie,DevOps Engineer (M/F),None,None,None,https://www.emploitunisie.com/recruteur/98016,"AFRICASHORE Profil de lentreprise Entreprise : AFRICASHORE Ville : Tunis Pays : Tunisie Secteur dactivité : Informatique, SSII, Internet - Intérim, recrutement Site Internet : https://www.africashore.com/ Description de l'entreprise AFRICASHORE is an IT offshoring platform connecting IT experts and freelancers based in Africa to companies in Africa, Europe, USA, Canada and UAE remotely. Our partners, IT services companies and large groups, trust us to find them the best offshore Africa-based IT freelance consultants. Our IT offshoring platform is present in 37 countries in Africa with a database of 230,000+ IT experts and freelancers classified into 303 IT specialties around 9 IT fields: Database Administration and NoSQL - Network and Telecom Security - ERP and Integrated Management Software - Big Data, Data Science and Business Intelligence (BI) - Programming, Development - IT Project Management - Consulting, Audit, Coaching and Training - Digital Marketing, SEO, Design and Multimedia - Production, Operations and Support. Freelancers, work remotely from Africa on IT projects around the world! Companies, outsource with AFRICASHORE your IT teams and projects offshore to Africa! For more information, please visit our website at https://www.africashore.com Nos offres d'emploi",,,"digital marketing, erp, project management, seo",,,,Freelance,,IT & Software,ok
EmploiTunisie,DOTNET Developer (M/F),None,None,None,https://www.emploitunisie.com/recruteur/98016,"AFRICASHORE Profil de lentreprise Entreprise : AFRICASHORE Ville : Tunis Pays : Tunisie Secteur dactivité : Informatique, SSII, Internet - Intérim, recrutement Site Internet : https://www.africashore.com/ Description de l'entreprise AFRICASHORE is an IT offshoring platform connecting IT experts and freelancers based in Africa to companies in Africa, Europe, USA, Canada and UAE remotely. Our partners, IT services companies and large groups, trust us to find them the best offshore Africa-based IT freelance consultants. Our IT offshoring platform is present in 37 countries in Africa with a database of 230,000+ IT experts and freelancers classified into 303 IT specialties around 9 IT fields: Database Administration and NoSQL - Network and Telecom Security - ERP and Integrated Management Software - Big Data, Data Science and Business Intelligence (BI) - Programming, Development - IT Project Management - Consulting, Audit, Coaching and Training - Digital Marketing, SEO, Design and Multimedia - Production, Operations and Support. Freelancers, work remotely from Africa on IT projects around the world! Companies, outsource with AFRICASHORE your IT teams and projects offshore to Africa! For more information, please visit our website at https://www.africashore.com Nos offres d'emploi",,,"digital marketing, erp, project management, seo",,,,Freelance,,IT & Software,ok
EmploiTunisie,IOS Developer (M/F),None,None,None,https://www.emploitunisie.com/recruteur/98016,"AFRICASHORE Profil de lentreprise Entreprise : AFRICASHORE Ville : Tunis Pays : Tunisie Secteur dactivité : Informatique, SSII, Internet - Intérim, recrutement Site Internet : https://www.africashore.com/ Description de l'entreprise AFRICASHORE is an IT offshoring platform connecting IT experts and freelancers based in Africa to companies in Africa, Europe, USA, Canada and UAE remotely. Our partners, IT services companies and large groups, trust us to find them the best offshore Africa-based IT freelance consultants. Our IT offshoring platform is present in 37 countries in Africa with a database of 230,000+ IT experts and freelancers classified into 303 IT specialties around 9 IT fields: Database Administration and NoSQL - Network and Telecom Security - ERP and Integrated Management Software - Big Data, Data Science and Business Intelligence (BI) - Programming, Development - IT Project Management - Consulting, Audit, Coaching and Training - Digital Marketing, SEO, Design and Multimedia - Production, Operations and Support. Freelancers, work remotely from Africa on IT projects around the world! Companies, outsource with AFRICASHORE your IT teams and projects offshore to Africa! For more information, please visit our website at https://www.africashore.com Nos offres d'emploi",,,"digital marketing, erp, project management, seo",,,,Freelance,,IT & Software,ok
EmploiTunisie,JAVA Developer (M/F),None,None,None,https://www.emploitunisie.com/recruteur/98016,"AFRICASHORE Profil de lentreprise Entreprise : AFRICASHORE Ville : Tunis Pays : Tunisie Secteur dactivité : Informatique, SSII, Internet - Intérim, recrutement Site Internet : https://www.africashore.com/ Description de l'entreprise AFRICASHORE is an IT offshoring platform connecting IT experts and freelancers based in Africa to companies in Africa, Europe, USA, Canada and UAE remotely. Our partners, IT services companies and large groups, trust us to find them the best offshore Africa-based IT freelance consultants. Our IT offshoring platform is present in 37 countries in Africa with a database of 230,000+ IT experts and freelancers classified into 303 IT specialties around 9 IT fields: Database Administration and NoSQL - Network and Telecom Security - ERP and Integrated Management Software - Big Data, Data Science and Business Intelligence (BI) - Programming, Development - IT Project Management - Consulting, Audit, Coaching and Training - Digital Marketing, SEO, Design and Multimedia - Production, Operations and Support. Freelancers, work remotely from Africa on IT projects around the world! Companies, outsource with AFRICASHORE your IT teams and projects offshore to Africa! For more information, please visit our website at https://www.africashore.com Nos offres d'emploi",,,"digital marketing, erp, project management, seo",,,,Freelance,,IT & Software,ok
EmploiTunisie,JAVA JEE Developer (M/F),None,None,None,https://www.emploitunisie.com/recruteur/98016,"AFRICASHORE Profil de lentreprise Entreprise : AFRICASHORE Ville : Tunis Pays : Tunisie Secteur dactivité : Informatique, SSII, Internet - Intérim, recrutement Site Internet : https://www.africashore.com/ Description de l'entreprise AFRICASHORE is an IT offshoring platform connecting IT experts and freelancers based in Africa to companies in Africa, Europe, USA, Canada and UAE remotely. Our partners, IT services companies and large groups, trust us to find them the best offshore Africa-based IT freelance consultants. Our IT offshoring platform is present in 37 countries in Africa with a database of 230,000+ IT experts and freelancers classified into 303 IT specialties around 9 IT fields: Database Administration and NoSQL - Network and Telecom Security - ERP and Integrated Management Software - Big Data, Data Science and Business Intelligence (BI) - Programming, Development - IT Project Management - Consulting, Audit, Coaching and Training - Digital Marketing, SEO, Design and Multimedia - Production, Operations and Support. Freelancers, work remotely from Africa on IT projects around the world! Companies, outsource with AFRICASHORE your IT teams and projects offshore to Africa! For more information, please visit our website at https://www.africashore.com Nos offres d'emploi",,,"digital marketing, erp, project management, seo",,,,Freelance,,IT & Software,ok
EmploiTunisie,JAVASCRIPT Developer (M/F),None,None,None,https://www.emploitunisie.com/recruteur/98016,"AFRICASHORE Profil de lentreprise Entreprise : AFRICASHORE Ville : Tunis Pays : Tunisie Secteur dactivité : Informatique, SSII, Internet - Intérim, recrutement Site Internet : https://www.africashore.com/ Description de l'entreprise AFRICASHORE is an IT offshoring platform connecting IT experts and freelancers based in Africa to companies in Africa, Europe, USA, Canada and UAE remotely. Our partners, IT services companies and large groups, trust us to find them the best offshore Africa-based IT freelance consultants. Our IT offshoring platform is present in 37 countries in Africa with a database of 230,000+ IT experts and freelancers classified into 303 IT specialties around 9 IT fields: Database Administration and NoSQL - Network and Telecom Security - ERP and Integrated Management Software - Big Data, Data Science and Business Intelligence (BI) - Programming, Development - IT Project Management - Consulting, Audit, Coaching and Training - Digital Marketing, SEO, Design and Multimedia - Production, Operations and Support. Freelancers, work remotely from Africa on IT projects around the world! Companies, outsource with AFRICASHORE your IT teams and projects offshore to Africa! For more information, please visit our website at https://www.africashore.com Nos offres d'emploi",,,"digital marketing, erp, project management, seo",,,,Freelance,,IT & Software,ok
EmploiTunisie,KOTLIN Developer (M/F),None,None,None,https://www.emploitunisie.com/recruteur/98016,"AFRICASHORE Profil de lentreprise Entreprise : AFRICASHORE Ville : Tunis Pays : Tunisie Secteur dactivité : Informatique, SSII, Internet - Intérim, recrutement Site Internet : https://www.africashore.com/ Description de l'entreprise AFRICASHORE is an IT offshoring platform connecting IT experts and freelancers based in Africa to companies in Africa, Europe, USA, Canada and UAE remotely. Our partners, IT services companies and large groups, trust us to find them the best offshore Africa-based IT freelance consultants. Our IT offshoring platform is present in 37 countries in Africa with a database of 230,000+ IT experts and freelancers classified into 303 IT specialties around 9 IT fields: Database Administration and NoSQL - Network and Telecom Security - ERP and Integrated Management Software - Big Data, Data Science and Business Intelligence (BI) - Programming, Development - IT Project Management - Consulting, Audit, Coaching and Training - Digital Marketing, SEO, Design and Multimedia - Production, Operations and Support. Freelancers, work remotely from Africa on IT projects around the world! Companies, outsource with AFRICASHORE your IT teams and projects offshore to Africa! For more information, please visit our website at https://www.africashore.com Nos offres d'emploi",,,"digital marketing, erp, project management, seo",,,,Freelance,,IT & Software,ok
EmploiTunisie,LARAVEL Developer (M/F),None,None,None,https://www.emploitunisie.com/recruteur/98016,"AFRICASHORE Profil de lentreprise Entreprise : AFRICASHORE Ville : Tunis Pays : Tunisie Secteur dactivité : Informatique, SSII, Internet - Intérim, recrutement Site Internet : https://www.africashore.com/ Description de l'entreprise AFRICASHORE is an IT offshoring platform connecting IT experts and freelancers based in Africa to companies in Africa, Europe, USA, Canada and UAE remotely. Our partners, IT services companies and large groups, trust us to find them the best offshore Africa-based IT freelance consultants. Our IT offshoring platform is present in 37 countries in Africa with a database of 230,000+ IT experts and freelancers classified into 303 IT specialties around 9 IT fields: Database Administration and NoSQL - Network and Telecom Security - ERP and Integrated Management Software - Big Data, Data Science and Business Intelligence (BI) - Programming, Development - IT Project Management - Consulting, Audit, Coaching and Training - Digital Marketing, SEO, Design and Multimedia - Production, Operations and Support. Freelancers, work remotely from Africa on IT projects around the world! Companies, outsource with AFRICASHORE your IT teams and projects offshore to Africa! For more information, please visit our website at https://www.africashore.com Nos offres d'emploi",,,"digital marketing, erp, project management, seo",,,,Freelance,,IT & Software,ok
EmploiTunisie,NODE.JS Developer (M/F),None,None,None,https://www.emploitunisie.com/recruteur/98016,"AFRICASHORE Profil de lentreprise Entreprise : AFRICASHORE Ville : Tunis Pays : Tunisie Secteur dactivité : Informatique, SSII, Internet - Intérim, recrutement Site Internet : https://www.africashore.com/ Description de l'entreprise AFRICASHORE is an IT offshoring platform connecting IT experts and freelancers based in Africa to companies in Africa, Europe, USA, Canada and UAE remotely. Our partners, IT services companies and large groups, trust us to find them the best offshore Africa-based IT freelance consultants. Our IT offshoring platform is present in 37 countries in Africa with a database of 230,000+ IT experts and freelancers classified into 303 IT specialties around 9 IT fields: Database Administration and NoSQL - Network and Telecom Security - ERP and Integrated Management Software - Big Data, Data Science and Business Intelligence (BI) - Programming, Development - IT Project Management - Consulting, Audit, Coaching and Training - Digital Marketing, SEO, Design and Multimedia - Production, Operations and Support. Freelancers, work remotely from Africa on IT projects around the world! Companies, outsource with AFRICASHORE your IT teams and projects offshore to Africa! For more information, please visit our website at https://www.africashore.com Nos offres d'emploi",,,"digital marketing, erp, project management, seo",,,,Freelance,,IT & Software,ok
EmploiTunisie,OBJECTIVE-C Developer (M/F),None,None,None,https://www.emploitunisie.com/recruteur/98016,"AFRICASHORE Profil de lentreprise Entreprise : AFRICASHORE Ville : Tunis Pays : Tunisie Secteur dactivité : Informatique, SSII, Internet - Intérim, recrutement Site Internet : https://www.africashore.com/ Description de l'entreprise AFRICASHORE is an IT offshoring platform connecting IT experts and freelancers based in Africa to companies in Africa, Europe, USA, Canada and UAE remotely. Our partners, IT services companies and large groups, trust us to find them the best offshore Africa-based IT freelance consultants. Our IT offshoring platform is present in 37 countries in Africa with a database of 230,000+ IT experts and freelancers classified into 303 IT specialties around 9 IT fields: Database Administration and NoSQL - Network and Telecom Security - ERP and Integrated Management Software - Big Data, Data Science and Business Intelligence (BI) - Programming, Development - IT Project Management - Consulting, Audit, Coaching and Training - Digital Marketing, SEO, Design and Multimedia - Production, Operations and Support. Freelancers, work remotely from Africa on IT projects around the world! Companies, outsource with AFRICASHORE your IT teams and projects offshore to Africa! For more information, please visit our website at https://www.africashore.com Nos offres d'emploi",,,"digital marketing, erp, project management, seo",,,,Freelance,,IT & Software,ok
EmploiTunisie,PHP Developer (M/F),None,None,None,https://www.emploitunisie.com/recruteur/98016,"AFRICASHORE Profil de lentreprise Entreprise : AFRICASHORE Ville : Tunis Pays : Tunisie Secteur dactivité : Informatique, SSII, Internet - Intérim, recrutement Site Internet : https://www.africashore.com/ Description de l'entreprise AFRICASHORE is an IT offshoring platform connecting IT experts and freelancers based in Africa to companies in Africa, Europe, USA, Canada and UAE remotely. Our partners, IT services companies and large groups, trust us to find them the best offshore Africa-based IT freelance consultants. Our IT offshoring platform is present in 37 countries in Africa with a database of 230,000+ IT experts and freelancers classified into 303 IT specialties around 9 IT fields: Database Administration and NoSQL - Network and Telecom Security - ERP and Integrated Management Software - Big Data, Data Science and Business Intelligence (BI) - Programming, Development - IT Project Management - Consulting, Audit, Coaching and Training - Digital Marketing, SEO, Design and Multimedia - Production, Operations and Support. Freelancers, work remotely from Africa on IT projects around the world! Companies, outsource with AFRICASHORE your IT teams and projects offshore to Africa! For more information, please visit our website at https://www.africashore.com Nos offres d'emploi",,,"digital marketing, erp, project management, seo",,,,Freelance,,IT & Software,ok
EmploiTunisie,PYTHON Developer (M/F),None,None,None,https://www.emploitunisie.com/recruteur/98016,"AFRICASHORE Profil de lentreprise Entreprise : AFRICASHORE Ville : Tunis Pays : Tunisie Secteur dactivité : Informatique, SSII, Internet - Intérim, recrutement Site Internet : https://www.africashore.com/ Description de l'entreprise AFRICASHORE is an IT offshoring platform connecting IT experts and freelancers based in Africa to companies in Africa, Europe, USA, Canada and UAE remotely. Our partners, IT services companies and large groups, trust us to find them the best offshore Africa-based IT freelance consultants. Our IT offshoring platform is present in 37 countries in Africa with a database of 230,000+ IT experts and freelancers classified into 303 IT specialties around 9 IT fields: Database Administration and NoSQL - Network and Telecom Security - ERP and Integrated Management Software - Big Data, Data Science and Business Intelligence (BI) - Programming, Development - IT Project Management - Consulting, Audit, Coaching and Training - Digital Marketing, SEO, Design and Multimedia - Production, Operations and Support. Freelancers, work remotely from Africa on IT projects around the world! Companies, outsource with AFRICASHORE your IT teams and projects offshore to Africa! For more information, please visit our website at https://www.africashore.com Nos offres d'emploi",,,"digital marketing, erp, project management, seo",,,,Freelance,,IT & Software,ok
EmploiTunisie,QA Tester (M/F),None,None,None,https://www.emploitunisie.com/recruteur/98016,"AFRICASHORE Profil de lentreprise Entreprise : AFRICASHORE Ville : Tunis Pays : Tunisie Secteur dactivité : Informatique, SSII, Internet - Intérim, recrutement Site Internet : https://www.africashore.com/ Description de l'entreprise AFRICASHORE is an IT offshoring platform connecting IT experts and freelancers based in Africa to companies in Africa, Europe, USA, Canada and UAE remotely. Our partners, IT services companies and large groups, trust us to find them the best offshore Africa-based IT freelance consultants. Our IT offshoring platform is present in 37 countries in Africa with a database of 230,000+ IT experts and freelancers classified into 303 IT specialties around 9 IT fields: Database Administration and NoSQL - Network and Telecom Security - ERP and Integrated Management Software - Big Data, Data Science and Business Intelligence (BI) - Programming, Development - IT Project Management - Consulting, Audit, Coaching and Training - Digital Marketing, SEO, Design and Multimedia - Production, Operations and Support. Freelancers, work remotely from Africa on IT projects around the world! Companies, outsource with AFRICASHORE your IT teams and projects offshore to Africa! For more information, please visit our website at https://www.africashore.com Nos offres d'emploi",,,"digital marketing, erp, project management, seo",,,,Freelance,,IT & Software,ok
EmploiTunisie,REACT Developer (M/F),None,None,None,https://www.emploitunisie.com/recruteur/98016,"AFRICASHORE Profil de lentreprise Entreprise : AFRICASHORE Ville : Tunis Pays : Tunisie Secteur dactivité : Informatique, SSII, Internet - Intérim, recrutement Site Internet : https://www.africashore.com/ Description de l'entreprise AFRICASHORE is an IT offshoring platform connecting IT experts and freelancers based in Africa to companies in Africa, Europe, USA, Canada and UAE remotely. Our partners, IT services companies and large groups, trust us to find them the best offshore Africa-based IT freelance consultants. Our IT offshoring platform is present in 37 countries in Africa with a database of 230,000+ IT experts and freelancers classified into 303 IT specialties around 9 IT fields: Database Administration and NoSQL - Network and Telecom Security - ERP and Integrated Management Software - Big Data, Data Science and Business Intelligence (BI) - Programming, Development - IT Project Management - Consulting, Audit, Coaching and Training - Digital Marketing, SEO, Design and Multimedia - Production, Operations and Support. Freelancers, work remotely from Africa on IT projects around the world! Companies, outsource with AFRICASHORE your IT teams and projects offshore to Africa! For more information, please visit our website at https://www.africashore.com Nos offres d'emploi",,,"digital marketing, erp, project management, seo",,,,Freelance,,IT & Software,ok
EmploiTunisie,RUBY ON RAILS Developer (M/F),None,None,None,https://www.emploitunisie.com/recruteur/98016,"AFRICASHORE Profil de lentreprise Entreprise : AFRICASHORE Ville : Tunis Pays : Tunisie Secteur dactivité : Informatique, SSII, Internet - Intérim, recrutement Site Internet : https://www.africashore.com/ Description de l'entreprise AFRICASHORE is an IT offshoring platform connecting IT experts and freelancers based in Africa to companies in Africa, Europe, USA, Canada and UAE remotely. Our partners, IT services companies and large groups, trust us to find them the best offshore Africa-based IT freelance consultants. Our IT offshoring platform is present in 37 countries in Africa with a database of 230,000+ IT experts and freelancers classified into 303 IT specialties around 9 IT fields: Database Administration and NoSQL - Network and Telecom Security - ERP and Integrated Management Software - Big Data, Data Science and Business Intelligence (BI) - Programming, Development - IT Project Management - Consulting, Audit, Coaching and Training - Digital Marketing, SEO, Design and Multimedia - Production, Operations and Support. Freelancers, work remotely from Africa on IT projects around the world! Companies, outsource with AFRICASHORE your IT teams and projects offshore to Africa! For more information, please visit our website at https://www.africashore.com Nos offres d'emploi",,,"digital marketing, erp, project management, seo",,,,Freelance,,IT & Software,ok
EmploiTunisie,SWIFT Developer (M/F),None,None,None,https://www.emploitunisie.com/recruteur/98016,"AFRICASHORE Profil de lentreprise Entreprise : AFRICASHORE Ville : Tunis Pays : Tunisie Secteur dactivité : Informatique, SSII, Internet - Intérim, recrutement Site Internet : https://www.africashore.com/ Description de l'entreprise AFRICASHORE is an IT offshoring platform connecting IT experts and freelancers based in Africa to companies in Africa, Europe, USA, Canada and UAE remotely. Our partners, IT services companies and large groups, trust us to find them the best offshore Africa-based IT freelance consultants. Our IT offshoring platform is present in 37 countries in Africa with a database of 230,000+ IT experts and freelancers classified into 303 IT specialties around 9 IT fields: Database Administration and NoSQL - Network and Telecom Security - ERP and Integrated Management Software - Big Data, Data Science and Business Intelligence (BI) - Programming, Development - IT Project Management - Consulting, Audit, Coaching and Training - Digital Marketing, SEO, Design and Multimedia - Production, Operations and Support. Freelancers, work remotely from Africa on IT projects around the world! Companies, outsource with AFRICASHORE your IT teams and projects offshore to Africa! For more information, please visit our website at https://www.africashore.com Nos offres d'emploi",,,"digital marketing, erp, project management, seo",,,,Freelance,,IT & Software,ok
EmploiTunisie,Test and Validation Engineer (M/F),None,None,None,https://www.emploitunisie.com/recruteur/98016,"AFRICASHORE Profil de lentreprise Entreprise : AFRICASHORE Ville : Tunis Pays : Tunisie Secteur dactivité : Informatique, SSII, Internet - Intérim, recrutement Site Internet : https://www.africashore.com/ Description de l'entreprise AFRICASHORE is an IT offshoring platform connecting IT experts and freelancers based in Africa to companies in Africa, Europe, USA, Canada and UAE remotely. Our partners, IT services companies and large groups, trust us to find them the best offshore Africa-based IT freelance consultants. Our IT offshoring platform is present in 37 countries in Africa with a database of 230,000+ IT experts and freelancers classified into 303 IT specialties around 9 IT fields: Database Administration and NoSQL - Network and Telecom Security - ERP and Integrated Management Software - Big Data, Data Science and Business Intelligence (BI) - Programming, Development - IT Project Management - Consulting, Audit, Coaching and Training - Digital Marketing, SEO, Design and Multimedia - Production, Operations and Support. Freelancers, work remotely from Africa on IT projects around the world! Companies, outsource with AFRICASHORE your IT teams and projects offshore to Africa! For more information, please visit our website at https://www.africashore.com Nos offres d'emploi",,,"digital marketing, erp, project management, seo",,,,Freelance,,IT & Software,ok
EmploiTunisie,Test Automation Engineer (M/F),None,None,None,https://www.emploitunisie.com/recruteur/98016,"AFRICASHORE Profil de lentreprise Entreprise : AFRICASHORE Ville : Tunis Pays : Tunisie Secteur dactivité : Informatique, SSII, Internet - Intérim, recrutement Site Internet : https://www.africashore.com/ Description de l'entreprise AFRICASHORE is an IT offshoring platform connecting IT experts and freelancers based in Africa to companies in Africa, Europe, USA, Canada and UAE remotely. Our partners, IT services companies and large groups, trust us to find them the best offshore Africa-based IT freelance consultants. Our IT offshoring platform is present in 37 countries in Africa with a database of 230,000+ IT experts and freelancers classified into 303 IT specialties around 9 IT fields: Database Administration and NoSQL - Network and Telecom Security - ERP and Integrated Management Software - Big Data, Data Science and Business Intelligence (BI) - Programming, Development - IT Project Management - Consulting, Audit, Coaching and Training - Digital Marketing, SEO, Design and Multimedia - Production, Operations and Support. Freelancers, work remotely from Africa on IT projects around the world! Companies, outsource with AFRICASHORE your IT teams and projects offshore to Africa! For more information, please visit our website at https://www.africashore.com Nos offres d'emploi",,,"digital marketing, erp, project management, seo",,,,Freelance,,IT & Software,ok
EmploiTunisie,UX / UI Designer (M/F),None,None,None,https://www.emploitunisie.com/recruteur/98016,"AFRICASHORE Profil de lentreprise Entreprise : AFRICASHORE Ville : Tunis Pays : Tunisie Secteur dactivité : Informatique, SSII, Internet - Intérim, recrutement Site Internet : https://www.africashore.com/ Description de l'entreprise AFRICASHORE is an IT offshoring platform connecting IT experts and freelancers based in Africa to companies in Africa, Europe, USA, Canada and UAE remotely. Our partners, IT services companies and large groups, trust us to find them the best offshore Africa-based IT freelance consultants. Our IT offshoring platform is present in 37 countries in Africa with a database of 230,000+ IT experts and freelancers classified into 303 IT specialties around 9 IT fields: Database Administration and NoSQL - Network and Telecom Security - ERP and Integrated Management Software - Big Data, Data Science and Business Intelligence (BI) - Programming, Development - IT Project Management - Consulting, Audit, Coaching and Training - Digital Marketing, SEO, Design and Multimedia - Production, Operations and Support. Freelancers, work remotely from Africa on IT projects around the world! Companies, outsource with AFRICASHORE your IT teams and projects offshore to Africa! For more information, please visit our website at https://www.africashore.com Nos offres d'emploi",,,"digital marketing, erp, project management, seo",,,,Freelance,,IT & Software,ok
EmploiTunisie,AWS Cloud Architect (M/F),None,None,None,https://www.emploitunisie.com/recruteur/98016,"AFRICASHORE Profil de lentreprise Entreprise : AFRICASHORE Ville : Tunis Pays : Tunisie Secteur dactivité : Informatique, SSII, Internet - Intérim, recrutement Site Internet : https://www.africashore.com/ Description de l'entreprise AFRICASHORE is an IT offshoring platform connecting IT experts and freelancers based in Africa to companies in Africa, Europe, USA, Canada and UAE remotely. Our partners, IT services companies and large groups, trust us to find them the best offshore Africa-based IT freelance consultants. Our IT offshoring platform is present in 37 countries in Africa with a database of 230,000+ IT experts and freelancers classified into 303 IT specialties around 9 IT fields: Database Administration and NoSQL - Network and Telecom Security - ERP and Integrated Management Software - Big Data, Data Science and Business Intelligence (BI) - Programming, Development - IT Project Management - Consulting, Audit, Coaching and Training - Digital Marketing, SEO, Design and Multimedia - Production, Operations and Support. Freelancers, work remotely from Africa on IT projects around the world! Companies, outsource with AFRICASHORE your IT teams and projects offshore to Africa! For more information, please visit our website at https://www.africashore.com Nos offres d'emploi",,,"digital marketing, erp, project management, seo",,,,Freelance,,IT & Software,ok
EmploiTunisie,AWS Solutions Architect (M/F),None,None,None,https://www.emploitunisie.com/recruteur/98016,"AFRICASHORE Profil de lentreprise Entreprise : AFRICASHORE Ville : Tunis Pays : Tunisie Secteur dactivité : Informatique, SSII, Internet - Intérim, recrutement Site Internet : https://www.africashore.com/ Description de l'entreprise AFRICASHORE is an IT offshoring platform connecting IT experts and freelancers based in Africa to companies in Africa, Europe, USA, Canada and UAE remotely. Our partners, IT services companies and large groups, trust us to find them the best offshore Africa-based IT freelance consultants. Our IT offshoring platform is present in 37 countries in Africa with a database of 230,000+ IT experts and freelancers classified into 303 IT specialties around 9 IT fields: Database Administration and NoSQL - Network and Telecom Security - ERP and Integrated Management Software - Big Data, Data Science and Business Intelligence (BI) - Programming, Development - IT Project Management - Consulting, Audit, Coaching and Training - Digital Marketing, SEO, Design and Multimedia - Production, Operations and Support. Freelancers, work remotely from Africa on IT projects around the world! Companies, outsource with AFRICASHORE your IT teams and projects offshore to Africa! For more information, please visit our website at https://www.africashore.com Nos offres d'emploi",,,"digital marketing, erp, project management, seo",,,,Freelance,,IT & Software,ok
EmploiTunisie,AZURE Solutions Architect (M/F),None,None,None,https://www.emploitunisie.com/recruteur/98016,"AFRICASHORE Profil de lentreprise Entreprise : AFRICASHORE Ville : Tunis Pays : Tunisie Secteur dactivité : Informatique, SSII, Internet - Intérim, recrutement Site Internet : https://www.africashore.com/ Description de l'entreprise AFRICASHORE is an IT offshoring platform connecting IT experts and freelancers based in Africa to companies in Africa, Europe, USA, Canada and UAE remotely. Our partners, IT services companies and large groups, trust us to find them the best offshore Africa-based IT freelance consultants. Our IT offshoring platform is present in 37 countries in Africa with a database of 230,000+ IT experts and freelancers classified into 303 IT specialties around 9 IT fields: Database Administration and NoSQL - Network and Telecom Security - ERP and Integrated Management Software - Big Data, Data Science and Business Intelligence (BI) - Programming, Development - IT Project Management - Consulting, Audit, Coaching and Training - Digital Marketing, SEO, Design and Multimedia - Production, Operations and Support. Freelancers, work remotely from Africa on IT projects around the world! Companies, outsource with AFRICASHORE your IT teams and projects offshore to Africa! For more information, please visit our website at https://www.africashore.com Nos offres d'emploi",,,"digital marketing, erp, project management, seo",,,,Freelance,,IT & Software,ok
EmploiTunisie,Cloud Architect (M/F),None,None,None,https://www.emploitunisie.com/recruteur/98016,"AFRICASHORE Profil de lentreprise Entreprise : AFRICASHORE Ville : Tunis Pays : Tunisie Secteur dactivité : Informatique, SSII, Internet - Intérim, recrutement Site Internet : https://www.africashore.com/ Description de l'entreprise AFRICASHORE is an IT offshoring platform connecting IT experts and freelancers based in Africa to companies in Africa, Europe, USA, Canada and UAE remotely. Our partners, IT services companies and large groups, trust us to find them the best offshore Africa-based IT freelance consultants. Our IT offshoring platform is present in 37 countries in Africa with a database of 230,000+ IT experts and freelancers classified into 303 IT specialties around 9 IT fields: Database Administration and NoSQL - Network and Telecom Security - ERP and Integrated Management Software - Big Data, Data Science and Business Intelligence (BI) - Programming, Development - IT Project Management - Consulting, Audit, Coaching and Training - Digital Marketing, SEO, Design and Multimedia - Production, Operations and Support. Freelancers, work remotely from Africa on IT projects around the world! Companies, outsource with AFRICASHORE your IT teams and projects offshore to Africa! For more information, please visit our website at https://www.africashore.com Nos offres d'emploi",,,"digital marketing, erp, project management, seo",,,,Freelance,,IT & Software,ok
EmploiTunisie,Cloud Computing and Virtualization Engineer (M/F),None,None,None,https://www.emploitunisie.com/recruteur/98016,"AFRICASHORE Profil de lentreprise Entreprise : AFRICASHORE Ville : Tunis Pays : Tunisie Secteur dactivité : Informatique, SSII, Internet - Intérim, recrutement Site Internet : https://www.africashore.com/ Description de l'entreprise AFRICASHORE is an IT offshoring platform connecting IT experts and freelancers based in Africa to companies in Africa, Europe, USA, Canada and UAE remotely. Our partners, IT services companies and large groups, trust us to find them the best offshore Africa-based IT freelance consultants. Our IT offshoring platform is present in 37 countries in Africa with a database of 230,000+ IT experts and freelancers classified into 303 IT specialties around 9 IT fields: Database Administration and NoSQL - Network and Telecom Security - ERP and Integrated Management Software - Big Data, Data Science and Business Intelligence (BI) - Programming, Development - IT Project Management - Consulting, Audit, Coaching and Training - Digital Marketing, SEO, Design and Multimedia - Production, Operations and Support. Freelancers, work remotely from Africa on IT projects around the world! Companies, outsource with AFRICASHORE your IT teams and projects offshore to Africa! For more information, please visit our website at https://www.africashore.com Nos offres d'emploi",,,"digital marketing, erp, project management, seo",,,,Freelance,,IT & Software,ok
EmploiTunisie,Cloud Engineer (M/F),None,None,None,https://www.emploitunisie.com/recruteur/98016,"AFRICASHORE Profil de lentreprise Entreprise : AFRICASHORE Ville : Tunis Pays : Tunisie Secteur dactivité : Informatique, SSII, Internet - Intérim, recrutement Site Internet : https://www.africashore.com/ Description de l'entreprise AFRICASHORE is an IT offshoring platform connecting IT experts and freelancers based in Africa to companies in Africa, Europe, USA, Canada and UAE remotely. Our partners, IT services companies and large groups, trust us to find them the best offshore Africa-based IT freelance consultants. Our IT offshoring platform is present in 37 countries in Africa with a database of 230,000+ IT experts and freelancers classified into 303 IT specialties around 9 IT fields: Database Administration and NoSQL - Network and Telecom Security - ERP and Integrated Management Software - Big Data, Data Science and Business Intelligence (BI) - Programming, Development - IT Project Management - Consulting, Audit, Coaching and Training - Digital Marketing, SEO, Design and Multimedia - Production, Operations and Support. Freelancers, work remotely from Africa on IT projects around the world! Companies, outsource with AFRICASHORE your IT teams and projects offshore to Africa! For more information, please visit our website at https://www.africashore.com Nos offres d'emploi",,,"digital marketing, erp, project management, seo",,,,Freelance,,IT & Software,ok
EmploiTunisie,Cloud Microservices Architect (M/F),None,None,None,https://www.emploitunisie.com/recruteur/98016,"AFRICASHORE Profil de lentreprise Entreprise : AFRICASHORE Ville : Tunis Pays : Tunisie Secteur dactivité : Informatique, SSII, Internet - Intérim, recrutement Site Internet : https://www.africashore.com/ Description de l'entreprise AFRICASHORE is an IT offshoring platform connecting IT experts and freelancers based in Africa to companies in Africa, Europe, USA, Canada and UAE remotely. Our partners, IT services companies and large groups, trust us to find them the best offshore Africa-based IT freelance consultants. Our IT offshoring platform is present in 37 countries in Africa with a database of 230,000+ IT experts and freelancers classified into 303 IT specialties around 9 IT fields: Database Administration and NoSQL - Network and Telecom Security - ERP and Integrated Management Software - Big Data, Data Science and Business Intelligence (BI) - Programming, Development - IT Project Management - Consulting, Audit, Coaching and Training - Digital Marketing, SEO, Design and Multimedia - Production, Operations and Support. Freelancers, work remotely from Africa on IT projects around the world! Companies, outsource with AFRICASHORE your IT teams and projects offshore to Africa! For more information, please visit our website at https://www.africashore.com Nos offres d'emploi",,,"digital marketing, erp, project management, seo",,,,Freelance,,IT & Software,ok
EmploiTunisie,Cloud System Administrator (M/F),None,None,None,https://www.emploitunisie.com/recruteur/98016,"AFRICASHORE Profil de lentreprise Entreprise : AFRICASHORE Ville : Tunis Pays : Tunisie Secteur dactivité : Informatique, SSII, Internet - Intérim, recrutement Site Internet : https://www.africashore.com/ Description de l'entreprise AFRICASHORE is an IT offshoring platform connecting IT experts and freelancers based in Africa to companies in Africa, Europe, USA, Canada and UAE remotely. Our partners, IT services companies and large groups, trust us to find them the best offshore Africa-based IT freelance consultants. Our IT offshoring platform is present in 37 countries in Africa with a database of 230,000+ IT experts and freelancers classified into 303 IT specialties around 9 IT fields: Database Administration and NoSQL - Network and Telecom Security - ERP and Integrated Management Software - Big Data, Data Science and Business Intelligence (BI) - Programming, Development - IT Project Management - Consulting, Audit, Coaching and Training - Digital Marketing, SEO, Design and Multimedia - Production, Operations and Support. Freelancers, work remotely from Africa on IT projects around the world! Companies, outsource with AFRICASHORE your IT teams and projects offshore to Africa! For more information, please visit our website at https://www.africashore.com Nos offres d'emploi",,,"digital marketing, erp, project management, seo",,,,Freelance,,IT & Software,ok
EmploiTunisie,Cloud System Integrator (M/F),None,None,None,https://www.emploitunisie.com/recruteur/98016,"AFRICASHORE Profil de lentreprise Entreprise : AFRICASHORE Ville : Tunis Pays : Tunisie Secteur dactivité : Informatique, SSII, Internet - Intérim, recrutement Site Internet : https://www.africashore.com/ Description de l'entreprise AFRICASHORE is an IT offshoring platform connecting IT experts and freelancers based in Africa to companies in Africa, Europe, USA, Canada and UAE remotely. Our partners, IT services companies and large groups, trust us to find them the best offshore Africa-based IT freelance consultants. Our IT offshoring platform is present in 37 countries in Africa with a database of 230,000+ IT experts and freelancers classified into 303 IT specialties around 9 IT fields: Database Administration and NoSQL - Network and Telecom Security - ERP and Integrated Management Software - Big Data, Data Science and Business Intelligence (BI) - Programming, Development - IT Project Management - Consulting, Audit, Coaching and Training - Digital Marketing, SEO, Design and Multimedia - Production, Operations and Support. Freelancers, work remotely from Africa on IT projects around the world! Companies, outsource with AFRICASHORE your IT teams and projects offshore to Africa! For more information, please visit our website at https://www.africashore.com Nos offres d'emploi",,,"digital marketing, erp, project management, seo",,,,Freelance,,IT & Software,ok
EmploiTunisie,Cyber Security Engineer (M/F),None,None,None,https://www.emploitunisie.com/recruteur/98016,"AFRICASHORE Profil de lentreprise Entreprise : AFRICASHORE Ville : Tunis Pays : Tunisie Secteur dactivité : Informatique, SSII, Internet - Intérim, recrutement Site Internet : https://www.africashore.com/ Description de l'entreprise AFRICASHORE is an IT offshoring platform connecting IT experts and freelancers based in Africa to companies in Africa, Europe, USA, Canada and UAE remotely. Our partners, IT services companies and large groups, trust us to find them the best offshore Africa-based IT freelance consultants. Our IT offshoring platform is present in 37 countries in Africa with a database of 230,000+ IT experts and freelancers classified into 303 IT specialties around 9 IT fields: Database Administration and NoSQL - Network and Telecom Security - ERP and Integrated Management Software - Big Data, Data Science and Business Intelligence (BI) - Programming, Development - IT Project Management - Consulting, Audit, Coaching and Training - Digital Marketing, SEO, Design and Multimedia - Production, Operations and Support. Freelancers, work remotely from Africa on IT projects around the world! Companies, outsource with AFRICASHORE your IT teams and projects offshore to Africa! For more information, please visit our website at https://www.africashore.com Nos offres d'emploi",,,"digital marketing, erp, project management, seo",,,,Freelance,,IT & Software,ok
EmploiTunisie,DATASTAGE Architect (M/F),None,None,None,https://www.emploitunisie.com/recruteur/98016,"AFRICASHORE Profil de lentreprise Entreprise : AFRICASHORE Ville : Tunis Pays : Tunisie Secteur dactivité : Informatique, SSII, Internet - Intérim, recrutement Site Internet : https://www.africashore.com/ Description de l'entreprise AFRICASHORE is an IT offshoring platform connecting IT experts and freelancers based in Africa to companies in Africa, Europe, USA, Canada and UAE remotely. Our partners, IT services companies and large groups, trust us to find them the best offshore Africa-based IT freelance consultants. Our IT offshoring platform is present in 37 countries in Africa with a database of 230,000+ IT experts and freelancers classified into 303 IT specialties around 9 IT fields: Database Administration and NoSQL - Network and Telecom Security - ERP and Integrated Management Software - Big Data, Data Science and Business Intelligence (BI) - Programming, Development - IT Project Management - Consulting, Audit, Coaching and Training - Digital Marketing, SEO, Design and Multimedia - Production, Operations and Support. Freelancers, work remotely from Africa on IT projects around the world! Companies, outsource with AFRICASHORE your IT teams and projects offshore to Africa! For more information, please visit our website at https://www.africashore.com Nos offres d'emploi",,,"digital marketing, erp, project management, seo",,,,Freelance,,IT & Software,ok
EmploiTunisie,GENESYS Architect (M/F),None,None,None,https://www.emploitunisie.com/recruteur/98016,"AFRICASHORE Profil de lentreprise Entreprise : AFRICASHORE Ville : Tunis Pays : Tunisie Secteur dactivité : Informatique, SSII, Internet - Intérim, recrutement Site Internet : https://www.africashore.com/ Description de l'entreprise AFRICASHORE is an IT offshoring platform connecting IT experts and freelancers based in Africa to companies in Africa, Europe, USA, Canada and UAE remotely. Our partners, IT services companies and large groups, trust us to find them the best offshore Africa-based IT freelance consultants. Our IT offshoring platform is present in 37 countries in Africa with a database of 230,000+ IT experts and freelancers classified into 303 IT specialties around 9 IT fields: Database Administration and NoSQL - Network and Telecom Security - ERP and Integrated Management Software - Big Data, Data Science and Business Intelligence (BI) - Programming, Development - IT Project Management - Consulting, Audit, Coaching and Training - Digital Marketing, SEO, Design and Multimedia - Production, Operations and Support. Freelancers, work remotely from Africa on IT projects around the world! Companies, outsource with AFRICASHORE your IT teams and projects offshore to Africa! For more information, please visit our website at https://www.africashore.com Nos offres d'emploi",,,"digital marketing, erp, project management, seo",,,,Freelance,,IT & Software,ok
EmploiTunisie,Network Architect (M/F),None,None,None,https://www.emploitunisie.com/recruteur/98016,"AFRICASHORE Profil de lentreprise Entreprise : AFRICASHORE Ville : Tunis Pays : Tunisie Secteur dactivité : Informatique, SSII, Internet - Intérim, recrutement Site Internet : https://www.africashore.com/ Description de l'entreprise AFRICASHORE is an IT offshoring platform connecting IT experts and freelancers based in Africa to companies in Africa, Europe, USA, Canada and UAE remotely. Our partners, IT services companies and large groups, trust us to find them the best offshore Africa-based IT freelance consultants. Our IT offshoring platform is present in 37 countries in Africa with a database of 230,000+ IT experts and freelancers classified into 303 IT specialties around 9 IT fields: Database Administration and NoSQL - Network and Telecom Security - ERP and Integrated Management Software - Big Data, Data Science and Business Intelligence (BI) - Programming, Development - IT Project Management - Consulting, Audit, Coaching and Training - Digital Marketing, SEO, Design and Multimedia - Production, Operations and Support. Freelancers, work remotely from Africa on IT projects around the world! Companies, outsource with AFRICASHORE your IT teams and projects offshore to Africa! For more information, please visit our website at https://www.africashore.com Nos offres d'emploi",,,"digital marketing, erp, project management, seo",,,,Freelance,,IT & Software,ok
EmploiTunisie,DBA IMS/DB2 Z/OS(H/F),None,None,None,https://www.emploitunisie.com/recruteur/98016,"AFRICASHORE Profil de lentreprise Entreprise : AFRICASHORE Ville : Tunis Pays : Tunisie Secteur dactivité : Informatique, SSII, Internet - Intérim, recrutement Site Internet : https://www.africashore.com/ Description de l'entreprise AFRICASHORE is an IT offshoring platform connecting IT experts and freelancers based in Africa to companies in Africa, Europe, USA, Canada and UAE remotely. Our partners, IT services companies and large groups, trust us to find them the best offshore Africa-based IT freelance consultants. Our IT offshoring platform is present in 37 countries in Africa with a database of 230,000+ IT experts and freelancers classified into 303 IT specialties around 9 IT fields: Database Administration and NoSQL - Network and Telecom Security - ERP and Integrated Management Software - Big Data, Data Science and Business Intelligence (BI) - Programming, Development - IT Project Management - Consulting, Audit, Coaching and Training - Digital Marketing, SEO, Design and Multimedia - Production, Operations and Support. Freelancers, work remotely from Africa on IT projects around the world! Companies, outsource with AFRICASHORE your IT teams and projects offshore to Africa! For more information, please visit our website at https://www.africashore.com Nos offres d'emploi",,,"digital marketing, erp, project management, seo",,,,Freelance,,IT & Software,ok
EmploiTunisie,Z/OS System Engineer Senior Storage(H/F),None,None,None,https://www.emploitunisie.com/recruteur/98016,"AFRICASHORE Profil de lentreprise Entreprise : AFRICASHORE Ville : Tunis Pays : Tunisie Secteur dactivité : Informatique, SSII, Internet - Intérim, recrutement Site Internet : https://www.africashore.com/ Description de l'entreprise AFRICASHORE is an IT offshoring platform connecting IT experts and freelancers based in Africa to companies in Africa, Europe, USA, Canada and UAE remotely. Our partners, IT services companies and large groups, trust us to find them the best offshore Africa-based IT freelance consultants. Our IT offshoring platform is present in 37 countries in Africa with a database of 230,000+ IT experts and freelancers classified into 303 IT specialties around 9 IT fields: Database Administration and NoSQL - Network and Telecom Security - ERP and Integrated Management Software - Big Data, Data Science and Business Intelligence (BI) - Programming, Development - IT Project Management - Consulting, Audit, Coaching and Training - Digital Marketing, SEO, Design and Multimedia - Production, Operations and Support. Freelancers, work remotely from Africa on IT projects around the world! Companies, outsource with AFRICASHORE your IT teams and projects offshore to Africa! For more information, please visit our website at https://www.africashore.com Nos offres d'emploi",,,"digital marketing, erp, project management, seo",,,,Freelance,,IT & Software,ok
EmploiTunisie,Ingénieur Système Z/OS Middleware (H/F),None,None,None,https://www.emploitunisie.com/recruteur/98016,"AFRICASHORE Profil de lentreprise Entreprise : AFRICASHORE Ville : Tunis Pays : Tunisie Secteur dactivité : Informatique, SSII, Internet - Intérim, recrutement Site Internet : https://www.africashore.com/ Description de l'entreprise AFRICASHORE is an IT offshoring platform connecting IT experts and freelancers based in Africa to companies in Africa, Europe, USA, Canada and UAE remotely. Our partners, IT services companies and large groups, trust us to find them the best offshore Africa-based IT freelance consultants. Our IT offshoring platform is present in 37 countries in Africa with a database of 230,000+ IT experts and freelancers classified into 303 IT specialties around 9 IT fields: Database Administration and NoSQL - Network and Telecom Security - ERP and Integrated Management Software - Big Data, Data Science and Business Intelligence (BI) - Programming, Development - IT Project Management - Consulting, Audit, Coaching and Training - Digital Marketing, SEO, Design and Multimedia - Production, Operations and Support. Freelancers, work remotely from Africa on IT projects around the world! Companies, outsource with AFRICASHORE your IT teams and projects offshore to Africa! For more information, please visit our website at https://www.africashore.com Nos offres d'emploi",,,"digital marketing, erp, project management, seo",,,,Freelance,,IT & Software,ok
EmploiTunisie,Consultant SAP ABAP (H/F),None,None,None,https://www.emploitunisie.com/recruteur/98016,"AFRICASHORE Profil de lentreprise Entreprise : AFRICASHORE Ville : Tunis Pays : Tunisie Secteur dactivité : Informatique, SSII, Internet - Intérim, recrutement Site Internet : https://www.africashore.com/ Description de l'entreprise AFRICASHORE is an IT offshoring platform connecting IT experts and freelancers based in Africa to companies in Africa, Europe, USA, Canada and UAE remotely. Our partners, IT services companies and large groups, trust us to find them the best offshore Africa-based IT freelance consultants. Our IT offshoring platform is present in 37 countries in Africa with a database of 230,000+ IT experts and freelancers classified into 303 IT specialties around 9 IT fields: Database Administration and NoSQL - Network and Telecom Security - ERP and Integrated Management Software - Big Data, Data Science and Business Intelligence (BI) - Programming, Development - IT Project Management - Consulting, Audit, Coaching and Training - Digital Marketing, SEO, Design and Multimedia - Production, Operations and Support. Freelancers, work remotely from Africa on IT projects around the world! Companies, outsource with AFRICASHORE your IT teams and projects offshore to Africa! For more information, please visit our website at https://www.africashore.com Nos offres d'emploi",,,"digital marketing, erp, project management, seo",,,,Freelance,,IT & Software,ok
EmploiTunisie,Consultant SAP FI-CO/PS (H/F),None,None,None,https://www.emploitunisie.com/recruteur/98016,"AFRICASHORE Profil de lentreprise Entreprise : AFRICASHORE Ville : Tunis Pays : Tunisie Secteur dactivité : Informatique, SSII, Internet - Intérim, recrutement Site Internet : https://www.africashore.com/ Description de l'entreprise AFRICASHORE is an IT offshoring platform connecting IT experts and freelancers based in Africa to companies in Africa, Europe, USA, Canada and UAE remotely. Our partners, IT services companies and large groups, trust us to find them the best offshore Africa-based IT freelance consultants. Our IT offshoring platform is present in 37 countries in Africa with a database of 230,000+ IT experts and freelancers classified into 303 IT specialties around 9 IT fields: Database Administration and NoSQL - Network and Telecom Security - ERP and Integrated Management Software - Big Data, Data Science and Business Intelligence (BI) - Programming, Development - IT Project Management - Consulting, Audit, Coaching and Training - Digital Marketing, SEO, Design and Multimedia - Production, Operations and Support. Freelancers, work remotely from Africa on IT projects around the world! Companies, outsource with AFRICASHORE your IT teams and projects offshore to Africa! For more information, please visit our website at https://www.africashore.com Nos offres d'emploi",,,"digital marketing, erp, project management, seo",,,,Freelance,,IT & Software,ok
EmploiTunisie,Consultant SAP EHS (H/F),None,None,None,https://www.emploitunisie.com/recruteur/98016,"AFRICASHORE Profil de lentreprise Entreprise : AFRICASHORE Ville : Tunis Pays : Tunisie Secteur dactivité : Informatique, SSII, Internet - Intérim, recrutement Site Internet : https://www.africashore.com/ Description de l'entreprise AFRICASHORE is an IT offshoring platform connecting IT experts and freelancers based in Africa to companies in Africa, Europe, USA, Canada and UAE remotely. Our partners, IT services companies and large groups, trust us to find them the best offshore Africa-based IT freelance consultants. Our IT offshoring platform is present in 37 countries in Africa with a database of 230,000+ IT experts and freelancers classified into 303 IT specialties around 9 IT fields: Database Administration and NoSQL - Network and Telecom Security - ERP and Integrated Management Software - Big Data, Data Science and Business Intelligence (BI) - Programming, Development - IT Project Management - Consulting, Audit, Coaching and Training - Digital Marketing, SEO, Design and Multimedia - Production, Operations and Support. Freelancers, work remotely from Africa on IT projects around the world! Companies, outsource with AFRICASHORE your IT teams and projects offshore to Africa! For more information, please visit our website at https://www.africashore.com Nos offres d'emploi",,,"digital marketing, erp, project management, seo",,,,Freelance,,IT & Software,ok
EmploiTunisie,Consultant SAP Senior (H/F),None,None,None,https://www.emploitunisie.com/recruteur/98016,"AFRICASHORE Profil de lentreprise Entreprise : AFRICASHORE Ville : Tunis Pays : Tunisie Secteur dactivité : Informatique, SSII, Internet - Intérim, recrutement Site Internet : https://www.africashore.com/ Description de l'entreprise AFRICASHORE is an IT offshoring platform connecting IT experts and freelancers based in Africa to companies in Africa, Europe, USA, Canada and UAE remotely. Our partners, IT services companies and large groups, trust us to find them the best offshore Africa-based IT freelance consultants. Our IT offshoring platform is present in 37 countries in Africa with a database of 230,000+ IT experts and freelancers classified into 303 IT specialties around 9 IT fields: Database Administration and NoSQL - Network and Telecom Security - ERP and Integrated Management Software - Big Data, Data Science and Business Intelligence (BI) - Programming, Development - IT Project Management - Consulting, Audit, Coaching and Training - Digital Marketing, SEO, Design and Multimedia - Production, Operations and Support. Freelancers, work remotely from Africa on IT projects around the world! Companies, outsource with AFRICASHORE your IT teams and projects offshore to Africa! For more information, please visit our website at https://www.africashore.com Nos offres d'emploi",,,"digital marketing, erp, project management, seo",,,,Freelance,,IT & Software,ok
EmploiTunisie,Consultant SAP MM/SD/EWM/PP/QM/CAR (H/F),None,None,None,https://www.emploitunisie.com/recruteur/98016,"AFRICASHORE Profil de lentreprise Entreprise : AFRICASHORE Ville : Tunis Pays : Tunisie Secteur dactivité : Informatique, SSII, Internet - Intérim, recrutement Site Internet : https://www.africashore.com/ Description de l'entreprise AFRICASHORE is an IT offshoring platform connecting IT experts and freelancers based in Africa to companies in Africa, Europe, USA, Canada and UAE remotely. Our partners, IT services companies and large groups, trust us to find them the best offshore Africa-based IT freelance consultants. Our IT offshoring platform is present in 37 countries in Africa with a database of 230,000+ IT experts and freelancers classified into 303 IT specialties around 9 IT fields: Database Administration and NoSQL - Network and Telecom Security - ERP and Integrated Management Software - Big Data, Data Science and Business Intelligence (BI) - Programming, Development - IT Project Management - Consulting, Audit, Coaching and Training - Digital Marketing, SEO, Design and Multimedia - Production, Operations and Support. Freelancers, work remotely from Africa on IT projects around the world! Companies, outsource with AFRICASHORE your IT teams and projects offshore to Africa! For more information, please visit our website at https://www.africashore.com Nos offres d'emploi",,,"digital marketing, erp, project management, seo",,,,Freelance,,IT & Software,ok
EmploiTunisie,Lead Développeur Java JEE (H/F),None,None,None,https://www.emploitunisie.com/recruteur/98016,"AFRICASHORE Profil de lentreprise Entreprise : AFRICASHORE Ville : Tunis Pays : Tunisie Secteur dactivité : Informatique, SSII, Internet - Intérim, recrutement Site Internet : https://www.africashore.com/ Description de l'entreprise AFRICASHORE is an IT offshoring platform connecting IT experts and freelancers based in Africa to companies in Africa, Europe, USA, Canada and UAE remotely. Our partners, IT services companies and large groups, trust us to find them the best offshore Africa-based IT freelance consultants. Our IT offshoring platform is present in 37 countries in Africa with a database of 230,000+ IT experts and freelancers classified into 303 IT specialties around 9 IT fields: Database Administration and NoSQL - Network and Telecom Security - ERP and Integrated Management Software - Big Data, Data Science and Business Intelligence (BI) - Programming, Development - IT Project Management - Consulting, Audit, Coaching and Training - Digital Marketing, SEO, Design and Multimedia - Production, Operations and Support. Freelancers, work remotely from Africa on IT projects around the world! Companies, outsource with AFRICASHORE your IT teams and projects offshore to Africa! For more information, please visit our website at https://www.africashore.com Nos offres d'emploi",,,"digital marketing, erp, project management, seo",,,,Freelance,,IT & Software,ok
EmploiTunisie,None,None,None,None,None,,,,,,,,,,,
